98daf1ea1c8fa2ea	200	image/svg+xml	https://www.wikibr.pl/skins/Vector/resources/common/images/search.svg?ac00d
81eb998f8a5467af	200	application/json; charset=utf-8	https://www.wikibr.pl/api.php?action=query&meta=siteinfo&siprop=general|namespaces&format=json
652e047e80acbf55	200	application/json; charset=utf-8	https://www.wikibr.pl/api.php?action=query&list=allpages&apnamespace=0&aplimit=500&format=json
0a7197eb9ad9bb82	200	application/json; charset=utf-8	https://www.wikibr.pl/api.php?action=query&list=allpages&apnamespace=0&aplimit=500&format=json&apcontinue=Tabela_Dropu_Synergetyk%C3%B3w
07b7d2454eb1731d	200	application/json; charset=utf-8	https://www.wikibr.pl/api.php?action=query&list=allpages&apnamespace=6&aplimit=500&format=json
ca4e0cd0d8b61e1b	200	application/json; charset=utf-8	https://www.wikibr.pl/api.php?action=query&list=allpages&apnamespace=6&aplimit=500&format=json&apcontinue=Dielektryk.png
35ae860780f7479e	200	application/json; charset=utf-8	https://www.wikibr.pl/api.php?action=query&list=allpages&apnamespace=6&aplimit=500&format=json&apcontinue=Inavoxy.png
ef05c7b2adf04390	200	application/json; charset=utf-8	https://www.wikibr.pl/api.php?action=query&list=allpages&apnamespace=6&aplimit=500&format=json&apcontinue=Ma%C5%82a_Flasza_Wiedzy.png
1319686e18b7c17e	200	application/json; charset=utf-8	https://www.wikibr.pl/api.php?action=query&list=allpages&apnamespace=6&aplimit=500&format=json&apcontinue=Plujka.png
ce17160f25f2d57a	200	application/json; charset=utf-8	https://www.wikibr.pl/api.php?action=query&list=allpages&apnamespace=6&aplimit=500&format=json&apcontinue=Szmaragdowa_GwardiaT.png
d9c6e670b841d740	200	application/json; charset=utf-8	https://www.wikibr.pl/api.php?action=query&list=allpages&apnamespace=6&aplimit=500&format=json&apcontinue=%C5%81una_ognia.png
854f646c2ed951fc	200	application/json; charset=utf-8	https://www.wikibr.pl/api.php?action=query&list=allpages&apnamespace=14&aplimit=500&format=json
4d9055aa794d49b8	200	image/svg+xml	https://wikibr.pl/skins/Vector/resources/common/images/search.svg?ac00d
668d4ef2daa26cf7	200	image/svg+xml	https://wikibr.pl/skins/Vector/resources/common/images/bullet-icon.svg?d4515
225020a3ddb0d6aa	200	image/svg+xml	https://wikibr.pl/skins/Vector/resources/common/images/link-external-small-ltr-progressive.svg?2cd31
98daf1ea1c8fa2ea	200	image/svg+xml	https://www.wikibr.pl/skins/Vector/resources/common/images/search.svg?ac00d
81eb998f8a5467af	200	application/json; charset=utf-8	https://www.wikibr.pl/api.php?action=query&meta=siteinfo&siprop=general|namespaces&format=json
652e047e80acbf55	200	application/json; charset=utf-8	https://www.wikibr.pl/api.php?action=query&list=allpages&apnamespace=0&aplimit=500&format=json
0a7197eb9ad9bb82	200	application/json; charset=utf-8	https://www.wikibr.pl/api.php?action=query&list=allpages&apnamespace=0&aplimit=500&format=json&apcontinue=Tabela_Dropu_Synergetyk%C3%B3w
07b7d2454eb1731d	200	application/json; charset=utf-8	https://www.wikibr.pl/api.php?action=query&list=allpages&apnamespace=6&aplimit=500&format=json
ca4e0cd0d8b61e1b	200	application/json; charset=utf-8	https://www.wikibr.pl/api.php?action=query&list=allpages&apnamespace=6&aplimit=500&format=json&apcontinue=Dielektryk.png
35ae860780f7479e	200	application/json; charset=utf-8	https://www.wikibr.pl/api.php?action=query&list=allpages&apnamespace=6&aplimit=500&format=json&apcontinue=Inavoxy.png
ef05c7b2adf04390	200	application/json; charset=utf-8	https://www.wikibr.pl/api.php?action=query&list=allpages&apnamespace=6&aplimit=500&format=json&apcontinue=Ma%C5%82a_Flasza_Wiedzy.png
1319686e18b7c17e	200	application/json; charset=utf-8	https://www.wikibr.pl/api.php?action=query&list=allpages&apnamespace=6&aplimit=500&format=json&apcontinue=Plujka.png
ce17160f25f2d57a	200	application/json; charset=utf-8	https://www.wikibr.pl/api.php?action=query&list=allpages&apnamespace=6&aplimit=500&format=json&apcontinue=Szmaragdowa_GwardiaT.png
d9c6e670b841d740	200	application/json; charset=utf-8	https://www.wikibr.pl/api.php?action=query&list=allpages&apnamespace=6&aplimit=500&format=json&apcontinue=%C5%81una_ognia.png
854f646c2ed951fc	200	application/json; charset=utf-8	https://www.wikibr.pl/api.php?action=query&list=allpages&apnamespace=14&aplimit=500&format=json
4d9055aa794d49b8	200	image/svg+xml	https://wikibr.pl/skins/Vector/resources/common/images/search.svg?ac00d
668d4ef2daa26cf7	200	image/svg+xml	https://wikibr.pl/skins/Vector/resources/common/images/bullet-icon.svg?d4515
225020a3ddb0d6aa	200	image/svg+xml	https://wikibr.pl/skins/Vector/resources/common/images/link-external-small-ltr-progressive.svg?2cd31
98daf1ea1c8fa2ea	200	image/svg+xml	https://www.wikibr.pl/skins/Vector/resources/common/images/search.svg?ac00d
81eb998f8a5467af	200	application/json; charset=utf-8	https://www.wikibr.pl/api.php?action=query&meta=siteinfo&siprop=general|namespaces&format=json
652e047e80acbf55	200	application/json; charset=utf-8	https://www.wikibr.pl/api.php?action=query&list=allpages&apnamespace=0&aplimit=500&format=json
0a7197eb9ad9bb82	200	application/json; charset=utf-8	https://www.wikibr.pl/api.php?action=query&list=allpages&apnamespace=0&aplimit=500&format=json&apcontinue=Tabela_Dropu_Synergetyk%C3%B3w
07b7d2454eb1731d	200	application/json; charset=utf-8	https://www.wikibr.pl/api.php?action=query&list=allpages&apnamespace=6&aplimit=500&format=json
ca4e0cd0d8b61e1b	200	application/json; charset=utf-8	https://www.wikibr.pl/api.php?action=query&list=allpages&apnamespace=6&aplimit=500&format=json&apcontinue=Dielektryk.png
35ae860780f7479e	200	application/json; charset=utf-8	https://www.wikibr.pl/api.php?action=query&list=allpages&apnamespace=6&aplimit=500&format=json&apcontinue=Inavoxy.png
ef05c7b2adf04390	200	application/json; charset=utf-8	https://www.wikibr.pl/api.php?action=query&list=allpages&apnamespace=6&aplimit=500&format=json&apcontinue=Ma%C5%82a_Flasza_Wiedzy.png
1319686e18b7c17e	200	application/json; charset=utf-8	https://www.wikibr.pl/api.php?action=query&list=allpages&apnamespace=6&aplimit=500&format=json&apcontinue=Plujka.png
ce17160f25f2d57a	200	application/json; charset=utf-8	https://www.wikibr.pl/api.php?action=query&list=allpages&apnamespace=6&aplimit=500&format=json&apcontinue=Szmaragdowa_GwardiaT.png
d9c6e670b841d740	200	application/json; charset=utf-8	https://www.wikibr.pl/api.php?action=query&list=allpages&apnamespace=6&aplimit=500&format=json&apcontinue=%C5%81una_ognia.png
854f646c2ed951fc	200	application/json; charset=utf-8	https://www.wikibr.pl/api.php?action=query&list=allpages&apnamespace=14&aplimit=500&format=json
d86d0ab9eaa9b40f	200	application/json; charset=utf-8	https://www.wikibr.pl/api.php?action=query&prop=revisions|categories|pageimages&rvprop=content&rvslots=main&cllimit=max&piprop=original&format=json&pageids=2862|2949|3035|2506|2029|2401|2045|2292|2903|2607|1994|3473|3876|3573|3877|2158|2730|3406|2975|2343|1999|3377|3323|3191|2475|3991|2008|2009|2562|2169|2167|2986|3655|41|2608|3453|3477|1700|3879|3572|2041|2240|2525|3881|3651|3883|3154|2906|2769|3962
152e1474b691bdb1	200	application/json; charset=utf-8	https://www.wikibr.pl/api.php?action=query&prop=revisions|categories|pageimages&rvprop=content&rvslots=main&cllimit=max&piprop=original&format=json&pageids=2877|3449|2580|2010|2011|3211|670|3889|3625|2594|1932|2024|2480|2905|2001|2568|3899|2040|1111|3341|3561|3293|3439|3021|2404|2406|2555|2405|1740|2515|3900|2513|2514|3195|2047|3316|3789|2827|2826|2828|3088|2348|3456|2510|1982|2511|3953|2855|2808|2807
cd3f5384f38b8e66	200	application/json; charset=utf-8	https://www.wikibr.pl/api.php?action=query&prop=revisions|categories|pageimages&rvprop=content&rvslots=main&cllimit=max&piprop=original&format=json&pageids=2803|2833|3571|2295|2873|2990|407|2035|2925|2910|2908|3011|2763|2172|2018|2951|2003|3901|3904|1911|1742|3130|3046|2884|3629|2508|1624|2403|2342|3358|2854|1900|1895|1896|2887|2979|3409|2028|1737|2786|2341|3363|1514|2053|2168|3048|3825|2290|2981|2055
2a8fb58dc698bd86	200	application/json; charset=utf-8	https://www.wikibr.pl/api.php?action=query&prop=revisions|categories|pageimages&rvprop=content&rvslots=main&cllimit=max&piprop=original&format=json&pageids=3106|2885|3454|2182|2496|2017|2589|2038|3259|2402|2315|2928|1980|1979|1977|1975|1981|1978|1976|1974|1950|3961|1250|3192|3455|2245|2376|2379|3025|2322|2287|2015|3630|1715|1620|1407|1714|1513|3695|1478|1621|2891|3023|2481|2992|3336|2989|2160|2162|2482
b157d7d09fcb63c8	200	application/json; charset=utf-8	https://www.wikibr.pl/api.php?action=query&prop=revisions|categories|pageimages&rvprop=content&rvslots=main&cllimit=max&piprop=original&format=json&pageids=2793|3115|3474|3104|2057|1716|2991|2381|2318|2059|2377|2165|2166|2378|3665|2016|2317|3335|3151|2820|2821|2822|2146|2027|2902|2070|2423|3475|1701|2250|2566|3408|3452|2071|3210|2332|2249|2724|3925|2321|3926|2286|2583|2072|3184|3188|3626|1702|2483|2340
4262706758db7c05	200	application/json; charset=utf-8	https://www.wikibr.pl/api.php?action=query&prop=revisions|categories|pageimages&rvprop=content&rvslots=main&cllimit=max&piprop=original&format=json&pageids=3121|3113|2022|2328|3913|3908|3914|3915|3916|3905|2073|2835|2764|2074|2076|3714|2237|3918|3008|3324|2032|3607|3866|3346|3116|3087|3520|2768|1906|1915|1910|1913|1897|1902|1908|1904|2581|2171|2246|2425|2802|2801|2800|3034|2051|3617|2889|601|3261|2593
b16b609787831682	200	application/json; charset=utf-8	https://www.wikibr.pl/api.php?action=query&prop=revisions|categories|pageimages&rvprop=content&rvslots=main&cllimit=max&piprop=original&format=json&pageids=2014|2039|2319|2320|2592|2929|2380|2516|3677|2995|3873|2894|3902|2470|2507|2878|2837|2872|3627|2563|3405|2791|3012|2926|3152|2952|2957|3069|2861|1084|1963|1966|1960|1970|1964|1956|1958|1968|3107|2570|1732|2080|2912|2477|2476|2876|3448|2248|3411|3895
41a8a3a812400408	200	application/json; charset=utf-8	https://www.wikibr.pl/api.php?action=query&prop=revisions|categories|pageimages&rvprop=content&rvslots=main&cllimit=max&piprop=original&format=json&pageids=2571|2078|2084|2478|2091|2170|2020|2021|3066|2408|2407|2066|2468|2252|3063|2289|2853|2420|3101|2013|2033|2100|2785|3793|3577|2603|3378|3476|2959|3320|1524|2540|1066|1972|2104|40|2396|1424|2326|1888|2119|1887|1886|2977|3549|3548|2130|3353|2565|2163
2a24a627232b5cb8	200	application/json; charset=utf-8	https://www.wikibr.pl/api.php?action=query&prop=revisions|categories|pageimages&rvprop=content&rvslots=main&cllimit=max&piprop=original&format=json&pageids=2324|1703|3260|2251|2161|2241|2329|2075|602|3403|2398|2773|3619|25|471|3536|2138|3194|3042|3041|1305|3209|2238|2573|2351|3634|3574|3317|2012|2382|2722|2723|3723|2567|3208|2988|1625|3193|3666|2561|3255|2285|2327|2325|2316|117|2987|3648|3150|3579
72bc888946088f84	200	application/json; charset=utf-8	https://www.wikibr.pl/api.php?action=query&prop=revisions|categories|pageimages&rvprop=content&rvslots=main&cllimit=max&piprop=original&format=json&pageids=3653|2383|441|2118|2019|3029|2495|2469|2852|2334|2471|2331|3712|3708|3704|2595|3071|3706|2901|2036|3710|2026|2291|2421|3201|3014|3203|2787|2030|3451|1|2397|2472|2279|480|2542|3616|2558|2559|2282|2474|1704|2422|3700|2283|3531|2281|2569|3199|1635
be204b07b751ecc6	200	application/json; charset=utf-8	https://www.wikibr.pl/api.php?action=query&prop=revisions|categories|pageimages&rvprop=content&rvslots=main&cllimit=max&piprop=original&format=json&pageids=1110|2579|3401|3164|3534|2598|3308|3870|2600|2037|2335|2560|3197|3312|2879|2863|3205|3204|3207|3206|2323|2810|2031|1376|42|2025|2892|2574|2023|3763|3749|3430|2509|2034|3114|3155|2895|2874|2875|3984|3281|2927|3871|2247|2893|2963|2590|2131|3133|3132
217c0e657fa30295	200	application/json; charset=utf-8	https://www.wikibr.pl/api.php?action=query&prop=revisions|categories|pageimages&rvprop=content&rvslots=main&cllimit=max&piprop=original&format=json&pageids=2159|1942|1944|1938|1948|1940|1933|1936|1946|1472|1694|1695|2007|2564|2961|3354|2330|3400|2196|2235|1382|2602|2234|3350|3898|1487|2839|2816|2815|2811|2983|3621|3563|2528|3050|2418|2601|3331|2572|2760|2575|2911|2809|2597|3103|2233|45|3327|2541|3355
71cfad335e0c78b7	200	application/json; charset=utf-8	https://www.wikibr.pl/api.php?action=query&prop=revisions|categories|pageimages&rvprop=content&rvslots=main&cllimit=max&piprop=original&format=json&pageids=1523|3325|2043|2164|2527|2976|2336|1831|3006|3937|3702|3224|2599|2284|2556|2591|2473|2557|2424|3380|3027|2280|2293|2288|2333|1928|1926|1922|1924|1930|1918|1920|1934|3257|2236|1718|2512|1453|2586|2585|2587|2584|2484|3110|1699|3189|3412
a37ad55536a72edd	200	application/json; charset=utf-8	https://www.wikibr.pl/api.php?action=query&prop=imageinfo&iiprop=url|size|mime&format=json&titles=Plik%3A104%20Port.png%7CPlik%3A1111.png%7CPlik%3A120%20Wymarla%20Osada.png%7CPlik%3A1%20Bossy.png%7CPlik%3A2022.12.21%20-%20Event%20Zimowy1.png%7CPlik%3A2023.01.20%20-%20Pierwsza%20rocznica%20premiery%20Broken%20Ranks.png%7CPlik%3A2023.01.27%20-%20Broken%20Ranks%20-%20najbli%C5%BCsze%20plany.png%7CPlik%3A2023.03.16%20-%20TaernCon2023%20-%20znamy%20dat%C4%99%21.png%7CPlik%3A2023.03.27%20-%20Broken%20Ranks%20w%20mediach%20spo%C5%82eczno%C5%9Bciowych.png%7CPlik%3A2023.03.28%20-%20FAQ%20dotycz%C4%85ce%20rekompensat%20i%20reformy%20sprz%C4%99tu.png%7CPlik%3A2023.03.31%20-%20Skrzydlata%20Pani%20i%20reforma%20sprz%C4%99tu.png%7CPlik%3A229%20Przekl%C4%99ty%20Las%2001%20mobs%20map%2001.png%7CPlik%3A229%20Przekl%C4%99ty%20Las%2001%20mobs%20map%2002.png%7CPlik%3A230%20Przekl%C4%99ty%20Las%2002%20map%20mobs%2001.png%7CPlik%3A230%20Przekl%C4%99ty%20Las%2002%20map%20mobs%2002.png%7CPlik%3A230%20Przekl%C4%99ty%20Las%2002%20map%20mobs%20020.png%7CPlik%3A231%20Przekl%C4%99ty%20Las%2003%20map%20mobs.png%7CPlik%3A2%20Czempiony.png%7CPlik%3A314%20Pok%C5%82ad%20dolny%20map%20mobs%2001.png%7CPlik%3A314%20Pok%C5%82ad%20dolny%20map%20mobs%2002.png%7CPlik%3A315%20Pok%C5%82ad%20kajut%20maps%20mpb%2001.png%7CPlik%3A315%20Pok%C5%82ad%20kajut%20maps%20mpb%2002.png%7CPlik%3A316%20Pok%C5%82ad%20g%C3%B3rny%20map%20mobs.png%7CPlik%3A3%20Elity.png%7CPlik%3A4%20Zwykli.png%7CPlik%3AAcerodon.png%7CPlik%3AAddText%2001-12-01.48.58.png%7CPlik%3AAddText%2001-12-01.48.58X.png%7CPlik%3AAddText%2001-12-01.50.20.png%7CPlik%3AAddText%2001-12-01.50.20X.png%7CPlik%3AAddText%2001-12-01.51.30.png%7CPlik%3AAddText%2001-12-01.51.30X.png%7CPlik%3AAddText%2001-12-01.52.09.png%7CPlik%3AAddText%2001-12-01.52.09X.png%7CPlik%3AAddText%2001-12-01.52.55.png%7CPlik%3AAddText%2001-12-01.52.55X.png%7CPlik%3AAddText%2001-12-04.38.17.png%7CPlik%3AAddText%2001-12-10.28.38.png%7CPlik%3AAddText%2001-12-11.40.56.png%7CPlik%3AAddText%2001-12-12.28.31.png%7CPlik%3AAddText%2001-12-12.29.19.png%7CPlik%3AAddText%2001-12-12.30.28.png%7CPlik%3AAddText%2001-12-12.34.39.png%7CPlik%3AAddText%2001-12-12.44.00.png%7CPlik%3AAddText%2001-12-12.44.00X.png%7CPlik%3AAddText%2001-12-12.47.06.png%7CPlik%3AAddText%2001-12-12.47.06X.png%7CPlik%3AAddText%2001-12-12.49.43.png%7CPlik%3AAddText%2001-12-12.49.43X.png%7CPlik%3AAddText%2001-13-03.57.05.png
221ea649620a7a50	200	application/json; charset=utf-8	https://www.wikibr.pl/api.php?action=query&prop=imageinfo&iiprop=url|size|mime&format=json&titles=Plik%3AAddText%2001-13-03.57.37.png%7CPlik%3AAddText%2001-13-03.59.05.png%7CPlik%3AAddText%2001-13-08.48.19.png%7CPlik%3AAddText%2001-13-10.50.29.png%7CPlik%3AAddText%2001-18-05.43.50.png%7CPlik%3AAddText%2003-24-01.01.29.png%7CPlik%3AAdelweig.png%7CPlik%3AAdept.png%7CPlik%3AAdmiralski%20gronostaj.png%7CPlik%3AAdmira%C5%82%20Utoru%20flaga.png%7CPlik%3AAdmira%C5%82%20utoru.png%7CPlik%3AAdmira%C5%82%20utoruH.png%7CPlik%3AAdmira%C5%82%20utoruM.png%7CPlik%3AAdmira%C5%82%20utoruT.png%7CPlik%3AAeterus%20passio.png%7CPlik%3AAfekt.png%7CPlik%3AAgonia.png%7CPlik%3AAithar.png%7CPlik%3AAjna.png%7CPlik%3AAktualnosci%20BR.png%7CPlik%3AAktualnosci%20WIKI%20BR.png%7CPlik%3AAktualno%C5%9Bci.png%7CPlik%3AAktualno%C5%9Bci%20BR%20SG.png%7CPlik%3AAktualno%C5%9Bci%20Wiki%20SG.png%7CPlik%3AAktywno%C5%9Bci%20w%20grze%20SG.png%7CPlik%3AAlairP%C5%82T.png%7CPlik%3AAlarilPdsTREFAfLAGA.png%7CPlik%3AAlarilPlsTREFAfLAGA.png%7CPlik%3AAlarilT.png%7CPlik%3AAlaril%20mini.png%7CPlik%3AAlava.png%7CPlik%3AAlava%201.png%7CPlik%3AAlava%202.png%7CPlik%3AAlava%203.png%7CPlik%3AAlava%204.png%7CPlik%3AAlavris.png%7CPlik%3AAlendry.png%7CPlik%3AAllakaja%20kondycji.png%7CPlik%3AAllakaja%20many.png%7CPlik%3AAllenor.png%7CPlik%3AAllenor%20v2.png%7CPlik%3AAlpha.png%7CPlik%3AAltabar.png%7CPlik%3AAltabar%201.png%7CPlik%3AAltabar%202.png%7CPlik%3AAltabar%203.png%7CPlik%3AAltabar%204.png%7CPlik%3AAmetystowa%20NocS.png%7CPlik%3AAmetystowa%20nocT.png%7CPlik%3AAmok.png
f8d3e1496cb98b48	200	application/json; charset=utf-8	https://www.wikibr.pl/api.php?action=query&prop=imageinfo&iiprop=url|size|mime&format=json&titles=Plik%3AAmorek.png%7CPlik%3AAmorfa.png%7CPlik%3AAmulet%20Gromu.png%7CPlik%3AAmulet%20ork%C3%B3w.png%7CPlik%3AAnabolik.png%7CPlik%3AAnahata.png%7CPlik%3AAnaia.png%7CPlik%3AAndroid%20Wb.png%7CPlik%3AAngwalf-Htaga.png%7CPlik%3AAngwalf-HtagaM.png%7CPlik%3AAngwalf-Htaga%20flaga.png%7CPlik%3AAngwalf-Htaga%20wyzwanie.png%7CPlik%3AAngwalf-htagaT.png%7CPlik%3AAngwallion.png%7CPlik%3AAqua%20Era.png%7CPlik%3AAqua%20RegisE.png%7CPlik%3AAqua%20RegisH.png%7CPlik%3AAqua%20RegisM.png%7CPlik%3AAqua%20Regis%20flaga.png%7CPlik%3AAqua%20Sol.png%7CPlik%3AAqua%20Ton.png%7CPlik%3AAqua%20regis.png%7CPlik%3AAqua%20regisT.png%7CPlik%3AAquariusy.png%7CPlik%3AAqueniry.png%7CPlik%3AAra%20mob.png%7CPlik%3AAragonit.png%7CPlik%3AArbiter.png%7CPlik%3AArcana.png%7CPlik%3AArcanscape.png%7CPlik%3AArcy%20jorn.png%7CPlik%3AArcy%20lun.png%7CPlik%3AArcy%20naed.png%7CPlik%3AArcy%20qzen.png%7CPlik%3AArcydrif.png%7CPlik%3AArcydrif%20abaf.png%7CPlik%3AArcydrif%20adrim.png%7CPlik%3AArcydrif%20alorn.png%7CPlik%3AArcydrif%20amad.png%7CPlik%3AArcydrif%20ann.png%7CPlik%3AArcydrif%20astah.png%7CPlik%3AArcydrif%20band.png%7CPlik%3AArcydrif%20dur.png%7CPlik%3AArcydrif%20elen.png%7CPlik%3AArcydrif%20eras.png%7CPlik%3AArcydrif%20err.png%7CPlik%3AArcydrif%20faln.png%7CPlik%3AArcydrif%20farid.png%7CPlik%3AArcydrif%20grod.png%7CPlik%3AArcydrif%20grud.png
cf0a5e3eb7cde74d	200	application/json; charset=utf-8	https://www.wikibr.pl/api.php?action=query&prop=imageinfo&iiprop=url|size|mime&format=json&titles=Plik%3AArcydrif%20heb.png%7CPlik%3AArcydrif%20holm.png%7CPlik%3AArcydrif%20iori.png%7CPlik%3AArcydrif%20kalh.png%7CPlik%3AArcydrif%20ling.png%7CPlik%3AArcydrif%20lorb.png%7CPlik%3AArcydrif%20oda.png%7CPlik%3AArcydrif%20tall.png%7CPlik%3AArcydrif%20teld.png%7CPlik%3AArcydrif%20tovi.png%7CPlik%3AArcydrif%20ulk.png%7CPlik%3AArcydrif%20unn.png%7CPlik%3AArcydrif%20val.png%7CPlik%3AArcydrif%20verd.png%7CPlik%3AArcydrif%20von.png%7CPlik%3AArcydrifyS.png%7CPlik%3AArcydrifyT.png%7CPlik%3AArcyk%C5%82usownik.png%7CPlik%3AArcyorb%20Ba%27ed.png%7CPlik%3AArcyorb%20Cu%27at.png%7CPlik%3AArcyorb%20De%27ed.png%7CPlik%3AArcyorb%20Fu%27at.png%7CPlik%3AArcyorb%20Ge%27ed.png%7CPlik%3AArcyorb%20Ha%27at.png%7CPlik%3AArcyorb%20Ka%27at.png%7CPlik%3AArcyorb%20Ky%27at.png%7CPlik%3AArcyorb%20Li%27at.png%7CPlik%3AArcyorb%20Lu%27ed.png%7CPlik%3AArcyorb%20M%27ren.png%7CPlik%3AArcyorb%20Mi%27ed.png%7CPlik%3AArcyorb%20N%27xen.png%7CPlik%3AArcyorb%20P%27ren.png%7CPlik%3AArcyorb%20Pa%27at.png%7CPlik%3AArcyorb%20Po%27at.png%7CPlik%3AArcyorb%20R%27xen.png%7CPlik%3AArcyorb%20Re%27ed.png%7CPlik%3AArcyorb%20S%27len.png%7CPlik%3AArcyorb%20Se%27at.png%7CPlik%3AArcyorb%20Te%27at.png%7CPlik%3AArcyorb%20Ti%27at.png%7CPlik%3AArcyorb%20V%27lan.png%7CPlik%3AArcyorb%20Vo%27ed.png%7CPlik%3AArcyorb%20Ze%27ed.png%7CPlik%3AArcyorbyS.png%7CPlik%3AArcyorbyT.png%7CPlik%3AArcyvulsor.png%7CPlik%3AArhauty.png%7CPlik%3AAriarchy.png%7CPlik%3AArkantha.png%7CPlik%3AArmatnia%20kula.png
b6f32cbafb6a19f2	200	application/json; charset=utf-8	https://www.wikibr.pl/api.php?action=query&prop=imageinfo&iiprop=url|size|mime&format=json&titles=Plik%3AArrow%20blue.png%7CPlik%3AArrow%20green.png%7CPlik%3AArrow%20orange.png%7CPlik%3AArrow%20purple.png%7CPlik%3AArrow%20red.png%7CPlik%3AArrow%20yellow.png%7CPlik%3AArtefakty%20SG.png%7CPlik%3AAspektyT.png%7CPlik%3AAstronom.png%7CPlik%3AAtak%20miotany.png%7CPlik%3AAttawa.png%7CPlik%3AAttawa%20v2.png%7CPlik%3AAura%20cienia.png%7CPlik%3AAura%20czysto%C5%9Bci.png%7CPlik%3AAura%20ognia.png%7CPlik%3AAura%20rozproszenia.png%7CPlik%3AAwansowanie%20NasyceniaT.png%7CPlik%3AAwansowanie%20Orb%C3%B3wPT.png%7CPlik%3AAwanturnik.png%7CPlik%3AAwanturnik%20Pancerz.png%7CPlik%3AAyol.png%7CPlik%3AAzvary%201.png%7CPlik%3AAzvary%202.png%7CPlik%3AAzvary%203.png%7CPlik%3AAzvary%204.png%7CPlik%3ABAGNA%20MINI.png%7CPlik%3ABANER%202.png%7CPlik%3ABabadek.png%7CPlik%3ABabadekE.png%7CPlik%3ABabadekH.png%7CPlik%3ABabadekM.png%7CPlik%3ABabadekT.png%7CPlik%3ABabadek%20flaga.png%7CPlik%3ABagienne%20ziele.png%7CPlik%3ABagnisko%20map%20mobs.png%7CPlik%3ABalast.png%7CPlik%3ABambosze%20Zaj%C4%99czyciela.png%7CPlik%3ABandyta%20%281%29.png%7CPlik%3ABandyta%20%282%29.png%7CPlik%3ABarbarzy%C5%84ca.png%7CPlik%3ABarbarzy%C5%84ca.webp%7CPlik%3ABarbarzy%C5%84ca%20icon.png%7CPlik%3ABarbarzy%C5%84ca%20title.png%7CPlik%3ABartaur.png%7CPlik%3ABaselardy.png%7CPlik%3ABasileus.png%7CPlik%3ABasteja.png%7CPlik%3ABasteja%20i%20HusarionS.png%7CPlik%3ABasteja%20i%20HusarionT.png%7CPlik%3ABatagur.png
f94b51380f38ca82	200	application/json; charset=utf-8	https://www.wikibr.pl/api.php?action=query&prop=imageinfo&iiprop=url|size|mime&format=json&titles=Plik%3ABazinga.png%7CPlik%3ABeirnT.png%7CPlik%3ABeirn%20mini.png%7CPlik%3ABeirnsTREFAfLAGA.png%7CPlik%3ABelka%20sekwoi.png%7CPlik%3ABerglisy.png%7CPlik%3ABer%C5%82o%20%C5%9Awitu.png%7CPlik%3ABezwodnik%20%C5%9Bredni.png%7CPlik%3ABiH%20flaga.png%7CPlik%3ABi%20jorn.png%7CPlik%3ABi%20lun.png%7CPlik%3ABi%20naed.png%7CPlik%3ABi%20qzen.png%7CPlik%3ABia%C5%82a%20GwardiaS.png%7CPlik%3ABia%C5%82a%20GwardiaT.png%7CPlik%3ABia%C5%82y%20Druid.png%7CPlik%3ABia%C5%82y%20Ogar.png%7CPlik%3ABibliotekarz.png%7CPlik%3ABibliotekarzS.png%7CPlik%3ABibliotekarzT.png%7CPlik%3ABibliotekarz%20flaga.png%7CPlik%3ABidrif.png%7CPlik%3ABidrif%20abaf.png%7CPlik%3ABidrif%20adrim.png%7CPlik%3ABidrif%20alorn.png%7CPlik%3ABidrif%20amad.png%7CPlik%3ABidrif%20ann.png%7CPlik%3ABidrif%20astah.png%7CPlik%3ABidrif%20band.png%7CPlik%3ABidrif%20dur.png%7CPlik%3ABidrif%20elen.png%7CPlik%3ABidrif%20eras.png%7CPlik%3ABidrif%20err.png%7CPlik%3ABidrif%20faln.png%7CPlik%3ABidrif%20farid.png%7CPlik%3ABidrif%20grod.png%7CPlik%3ABidrif%20grud.png%7CPlik%3ABidrif%20heb.png%7CPlik%3ABidrif%20holm.png%7CPlik%3ABidrif%20iori.png%7CPlik%3ABidrif%20kalh.png%7CPlik%3ABidrif%20ling.png%7CPlik%3ABidrif%20lorb.png%7CPlik%3ABidrif%20oda.png%7CPlik%3ABidrif%20tall.png%7CPlik%3ABidrif%20teld.png%7CPlik%3ABidrif%20tovi.png%7CPlik%3ABidrif%20ulk.png%7CPlik%3ABidrif%20unn.png%7CPlik%3ABidrif%20val.png
07fd45813b7ae770	200	application/json; charset=utf-8	https://www.wikibr.pl/api.php?action=query&prop=imageinfo&iiprop=url|size|mime&format=json&titles=Plik%3ABidrif%20verd.png%7CPlik%3ABidrif%20von.png%7CPlik%3ABidrifyS.png%7CPlik%3ABidrifyT.png%7CPlik%3ABiesagi.png%7CPlik%3ABiltabandury.png%7CPlik%3ABiorb%20Ba%27ed.png%7CPlik%3ABiorb%20Cu%27at.png%7CPlik%3ABiorb%20De%27ed.png%7CPlik%3ABiorb%20Fu%27at.png%7CPlik%3ABiorb%20Ge%27ed.png%7CPlik%3ABiorb%20Ha%27at.png%7CPlik%3ABiorb%20Ka%27at.png%7CPlik%3ABiorb%20Ky%27at.png%7CPlik%3ABiorb%20Li%27at.png%7CPlik%3ABiorb%20Lu%27ed.png%7CPlik%3ABiorb%20M%27ren.png%7CPlik%3ABiorb%20Mi%27ed.png%7CPlik%3ABiorb%20N%27xen.png%7CPlik%3ABiorb%20P%27ren.png%7CPlik%3ABiorb%20Pa%27at.png%7CPlik%3ABiorb%20Po%27at.png%7CPlik%3ABiorb%20R%27xen.png%7CPlik%3ABiorb%20Re%27ed.png%7CPlik%3ABiorb%20S%27len.png%7CPlik%3ABiorb%20Se%27at.png%7CPlik%3ABiorb%20Te%27at.png%7CPlik%3ABiorb%20Ti%27at.png%7CPlik%3ABiorb%20V%27lan.png%7CPlik%3ABiorb%20Vo%27ed.png%7CPlik%3ABiorb%20Ze%27ed.png%7CPlik%3ABiorbyS.png%7CPlik%3ABiorbyT.png%7CPlik%3ABlask.png%7CPlik%3ABli%C5%BAniacze%20dusze.png%7CPlik%3ABlok%20granitu.png%7CPlik%3ABlok%20tarcz%C4%85.png%7CPlik%3ABlutter.png%7CPlik%3ABombarda.png%7CPlik%3ABonus%20do%20seriiPT.png%7CPlik%3ABorsuk.png%7CPlik%3ABosak.png%7CPlik%3ABoss%20001.png%7CPlik%3ABossy.png%7CPlik%3ABossyS.png%7CPlik%3ABossyT.png%7CPlik%3ABossyT%20Drop%20Synergetyk%C3%B3w.png%7CPlik%3ABossyT%20Respawn.png%7CPlik%3ABossy%20korona.png%7CPlik%3ABossy%20pasek%20z%20flaga.png
1e6a4c7333132b3c	200	application/json; charset=utf-8	https://www.wikibr.pl/api.php?action=query&prop=imageinfo&iiprop=url|size|mime&format=json&titles=Plik%3ABrachyura.png%7CPlik%3ABrak%20Nazwy.png%7CPlik%3ABrak%20NazwyII.png%7CPlik%3ABrassary.png%7CPlik%3ABrenadir.png%7CPlik%3ABrosza%20Ghadiry.png%7CPlik%3ABrunnle.png%7CPlik%3ABrytan.png%7CPlik%3ABryza.png%7CPlik%3ABrzemi%C4%99.png%7CPlik%3ABr%C4%85zowa%20gwiazdka.png%7CPlik%3ABudulec.png%7CPlik%3ABudynki.png%7CPlik%3ABuff%20darmowe%20wyjmowanie%20drif%C3%B3w.png%7CPlik%3ABuff%20dodatkowe%20PA.png%7CPlik%3ABuff%20dodatkowe%20nagrody.png%7CPlik%3ABuff%20reset%20czas%C3%B3w%20odnowienia.png%7CPlik%3ABuff%20swobodny%20odpoczynek.png%7CPlik%3ABuff%20szcz%C4%99%C5%9Bliwa%20%C5%9Bmier%C4%87.png%7CPlik%3ABuff%20wzmocnienie%20defensywy.png%7CPlik%3ABuff%20wzmocnienie%20ofensywy.png%7CPlik%3ABuff%20zwi%C4%99kszony%20ud%C5%BAwig.png%7CPlik%3ABuoriany.png%7CPlik%3ABurgundowa%20Laska%20Tropiciela%20Lo%C5%BCy.png%7CPlik%3ABurgundowa%20NocS.png%7CPlik%3ABurgundowa%20nocT.png%7CPlik%3ABurgundowe%20Buty%20Tropiciela%20Lo%C5%BCy.png%7CPlik%3ABurgundowe%20Spodnie%20Tropiciela%20Lo%C5%BCy.png%7CPlik%3ABurgundowy%20He%C5%82m%20Tropiciela%20Lo%C5%BCy.png%7CPlik%3ABurgundowy%20Pancerz%20Tropiciela%20Lo%C5%BCy.png%7CPlik%3ABurgundowy%20Tropiciel%20Lo%C5%BCyS.png%7CPlik%3ABurgundowy%20Tropiciel%20Lo%C5%BCyT.png%7CPlik%3ABurkan.png%7CPlik%3ABurkan%20Pr%C4%99gowany.png%7CPlik%3ABursztyny.png%7CPlik%3AButla%20z%20grubego%20szk%C5%82a.png%7CPlik%3AButy%20Bia%C5%82ej%20Gwardii.png%7CPlik%3AButy%20Czarnej%20Gwardii.png%7CPlik%3AButy%20Doktora%20Plagi.png%7CPlik%3AButy%20Imperialnego%20Agenta.png%7CPlik%3AButy%20Karnawa%C5%82u%20w%20Larkasie.png%7CPlik%3AButy%20Maga%20Utoru.png%7CPlik%3AButy%20Milcz%C4%85cego.png%7CPlik%3AButy%20Odkrywcy%20Loch%C3%B3w.png%7CPlik%3AButy%20Pogromcy%20Demon%C3%B3w.png%7CPlik%3AButy%20Reprezentanta.png%7CPlik%3AButy%20Szmaragdowej%20Gwardii.png%7CPlik%3AButy%20Szmaragdowej%20Nocy.png%7CPlik%3AButy%20Taernijskiego%20%C5%BBo%C5%82nierza.png%7CPlik%3AButy%20Tropiciela%20Demon%C3%B3w.png
439a0f520809d32f	200	application/json; charset=utf-8	https://www.wikibr.pl/api.php?action=query&prop=imageinfo&iiprop=url|size|mime&format=json&titles=Plik%3AButy%20Tropiciela%20Lo%C5%BCy.png%7CPlik%3AButy%20Uruka.png%7CPlik%3AButy%20Utora.png%7CPlik%3AButy%20killarasuna.png%7CPlik%3AButy%20popio%C5%82%C3%B3w.png%7CPlik%3AButy%20p%C3%B3%C5%82nocy.png%7CPlik%3AButy%20t%C4%85pni%C4%99cia.png%7CPlik%3AButy%20vorling%C3%B3w.png%7CPlik%3AButy%20wymiar%C3%B3w.png%7CPlik%3AButy%20z%20trupa.png%7CPlik%3ABu%C5%82awa%20haligardzka.png%7CPlik%3ABydl%C4%99cy%20eliksir%20mi%C5%82o%C5%9Bci.png%7CPlik%3AB%C3%B3l.png%7CPlik%3AB%C3%B3l%20Stary.png%7CPlik%3AB%C5%82yskawiczna%20reakcja.png%7CPlik%3AB%C5%82%C4%99dny%20Ognik.png%7CPlik%3ACaratris.png%7CPlik%3ACasanova.png%7CPlik%3ACa%C5%82un%20ludzko%C5%9Bci.png%7CPlik%3AChcdhfegegeg.png%7CPlik%3AChor%C4%85giew%20haligardzka.png%7CPlik%3AChusta%20Stra%C5%BCnik%C3%B3w%20Tryfkina.png%7CPlik%3AChusta%20do%20zamaskowania.png%7CPlik%3ACh%C5%82%C3%B3d.png%7CPlik%3ACiekawostki.png%7CPlik%3ACiemi%C4%99%C5%BCyciel.png%7CPlik%3ACiemny%20Ogar.png%7CPlik%3ACiemny%20ognik.png%7CPlik%3ACierpi%C4%99tniki.png%7CPlik%3ACier%C5%84.png%7CPlik%3ACie%C5%84.png%7CPlik%3ACie%C5%84PT.png%7CPlik%3ACie%C5%84%20tarula.png%7CPlik%3ACios%20pi%C4%99%C5%9Bci%C4%85.png%7CPlik%3ACios%20tarcz%C4%85.png%7CPlik%3ACios%20w%20w%C4%85trob%C4%99.png%7CPlik%3ACi%C4%99%C5%BCka%20%C5%82apa.png%7CPlik%3ACloak%20Gernmany%20-%20Premium%20pack.png%7CPlik%3ACodzienne%20zadania%20PvP.png%7CPlik%3ACustoder.png%7CPlik%3ACybulski.png%7CPlik%3ACzacha.png%7CPlik%3ACzachogniot.png%7CPlik%3ACzarna%20GwardiaS.png%7CPlik%3ACzarna%20GwardiaT.png%7CPlik%3ACzarna%20Per%C5%82a.png%7CPlik%3ACzarna%20Wdowa.png%7CPlik%3ACzarna%20Zwinno%C5%9B%C4%87.png%7CPlik%3ACzarna%20skryto%C5%9B%C4%87.png%7CPlik%3ACzarne%20D%C4%85%C5%BCenia.png
b6b64b9e08003d1d	200	application/json; charset=utf-8	https://www.wikibr.pl/api.php?action=query&prop=imageinfo&iiprop=url|size|mime&format=json&titles=Plik%3ACzarne%20%C5%9Acie%C5%BCki.png%7CPlik%3ACzarny%20Ogar.png%7CPlik%3ACzarny%20blask.png%7CPlik%3ACzaszka%20Haligardczyka.png%7CPlik%3ACzempioni.png%7CPlik%3ACzempioniS.png%7CPlik%3ACzempioniT.png%7CPlik%3ACzempioniT%20Drop%20Synergetyk%C3%B3w.png%7CPlik%3ACzempioniT%20Respawn.png%7CPlik%3ACzempiony%20korona.png%7CPlik%3ACzempiony%20pasek%20z%20flaga.png%7CPlik%3ACzengsvesy.png%7CPlik%3ACzerwona%20mikstura.png%7CPlik%3ACzerwona%20%C5%BB%C4%85dza.png%7CPlik%3ACzujka%20%28Energia%29.png%7CPlik%3ACzujka%20%28Ogie%C5%84%29.png%7CPlik%3ACz%C4%85stka%20czasu.png%7CPlik%3ACz%C5%82owiek%20Ghadiry.png%7CPlik%3AC%C3%B3ra%20Otch%C5%82ani.png%7CPlik%3ADQ%20icon%20map.png%7CPlik%3ADQ%20podkafelek.png%7CPlik%3ADagorilm.png%7CPlik%3ADahadi.png%7CPlik%3ADahadi%201.png%7CPlik%3ADahadi%202.png%7CPlik%3ADahadi%203.png%7CPlik%3ADahadi%204.png%7CPlik%3ADaimonit-naglowek.png%7CPlik%3ADaimonit.png%7CPlik%3ADanthum.png%7CPlik%3ADar%20Skrzydlatej.png%7CPlik%3ADarbany.png%7CPlik%3ADarbany%201.png%7CPlik%3ADarbany%202.png%7CPlik%3ADarbany%203.png%7CPlik%3ADarbany%204.png%7CPlik%3ADarkling.png%7CPlik%3ADavgretor.png%7CPlik%3ADawnych%20Ork%C3%B3wS.png%7CPlik%3ADawnych%20Ork%C3%B3wT.png%7CPlik%3ADebba.png%7CPlik%3ADelanta%201.png%7CPlik%3ADelanta%202.png%7CPlik%3ADelanta%203.png%7CPlik%3ADelanta%204.png%7CPlik%3ADepozyt.png%7CPlik%3ADerengil.png%7CPlik%3ADeski.png%7CPlik%3ADeszcz%20ognia.png%7CPlik%3ADiabolo.png
1a742f82319f86d3	200	application/json; charset=utf-8	https://www.wikibr.pl/api.php?action=query&prop=imageinfo&iiprop=url|size|mime&format=json&titles=Plik%3ADielektryk.png%7CPlik%3ADiptera.png%7CPlik%3ADiscord%20WikiBR.png%7CPlik%3ADisolver.png%7CPlik%3ADmorlung.png%7CPlik%3ADmortherT.png%7CPlik%3ADmothersTREFAfLAGA.png%7CPlik%3ADo%20Pracy%20RodacyS.png%7CPlik%3ADo%20Pracy%20RodacyT.png%7CPlik%3ADoktor%20PlagiS.png%7CPlik%3ADoktor%20PlagiT.png%7CPlik%3ADorbis.png%7CPlik%3ADorsz.png%7CPlik%3ADostosowanie%20szansy%20na%20drop.jpg%7CPlik%3ADotkliwe%20uderzenie.png%7CPlik%3ADrab.png%7CPlik%3ADracorporis.png%7CPlik%3ADrakhgard.png%7CPlik%3ADraugul.png%7CPlik%3ADraugulH.png%7CPlik%3ADraugulM.png%7CPlik%3ADraugulT.png%7CPlik%3ADraugul%20flaga.png%7CPlik%3ADreszcze.png%7CPlik%3ADrewniany%20burkan.png%7CPlik%3ADrewno.png%7CPlik%3ADrif%20abaf.png%7CPlik%3ADrif%20adrim.png%7CPlik%3ADrif%20alorn.png%7CPlik%3ADrif%20amad.png%7CPlik%3ADrif%20ann.png%7CPlik%3ADrif%20astah.png%7CPlik%3ADrif%20band.png%7CPlik%3ADrif%20dur.png%7CPlik%3ADrif%20elen.png%7CPlik%3ADrif%20eras.png%7CPlik%3ADrif%20err.png%7CPlik%3ADrif%20faln.png%7CPlik%3ADrif%20farid.png%7CPlik%3ADrif%20grod.png%7CPlik%3ADrif%20grud.png%7CPlik%3ADrif%20heb.png%7CPlik%3ADrif%20holm.png%7CPlik%3ADrif%20iori.png%7CPlik%3ADrif%20kalh.png%7CPlik%3ADrif%20ling.png%7CPlik%3ADrif%20lorb.png%7CPlik%3ADrif%20mini.png%7CPlik%3ADrif%20oda.png%7CPlik%3ADrif%20tall.png
3f76e408ca889bb6	200	application/json; charset=utf-8	https://www.wikibr.pl/api.php?action=query&prop=imageinfo&iiprop=url|size|mime&format=json&titles=Plik%3ADrif%20teld.png%7CPlik%3ADrif%20tovi.png%7CPlik%3ADrif%20ulk.png%7CPlik%3ADrif%20unn.png%7CPlik%3ADrif%20val.png%7CPlik%3ADrif%20verd.png%7CPlik%3ADrif%20von.png%7CPlik%3ADrify.png%7CPlik%3ADrifyS.png%7CPlik%3ADrifyT.png%7CPlik%3ADrify%20Drop.png%7CPlik%3ADrify%20SG.png%7CPlik%3ADrify%20podkafelek.png%7CPlik%3ADritan%20%C5%BBarliwy.png%7CPlik%3ADrogie%20wino.png%7CPlik%3ADrop%20Drif%C3%B3wT.png%7CPlik%3ADrop%20Set%C3%B3wT.png%7CPlik%3ADrop%20Synergetyk%C3%B3w.png%7CPlik%3ADropi%20zT.png%7CPlik%3ADruid.webp%7CPlik%3ADruid%20icon.png%7CPlik%3ADruid%20mob.png%7CPlik%3ADruid%20title.png%7CPlik%3ADrzazga.png%7CPlik%3ADrzewiec.png%7CPlik%3ADuch%20Energii%20flaga.png%7CPlik%3ADuch%20Ognia%20flaga.png%7CPlik%3ADuch%20Zamku%20flaga.png%7CPlik%3ADuch%20ZimnaS.png%7CPlik%3ADuch%20Zimna%20flaga.png%7CPlik%3ADuch%20energii.png%7CPlik%3ADuch%20energiiE.png%7CPlik%3ADuch%20energiiH.png%7CPlik%3ADuch%20energiiM.png%7CPlik%3ADuch%20energiiT.png%7CPlik%3ADuch%20ognia.png%7CPlik%3ADuch%20ogniaE.png%7CPlik%3ADuch%20ogniaH.png%7CPlik%3ADuch%20ogniaM.png%7CPlik%3ADuch%20ogniaT.png%7CPlik%3ADuch%20zamku.png%7CPlik%3ADuch%20zamkuE.png%7CPlik%3ADuch%20zamkuH.png%7CPlik%3ADuch%20zamkuM.png%7CPlik%3ADuch%20zamkuT.png%7CPlik%3ADuch%20zimna.png%7CPlik%3ADuch%20zimnaE.png%7CPlik%3ADuch%20zimnaH.png%7CPlik%3ADuch%20zimnaM.png%7CPlik%3ADuch%20zimnaT.png
dc0878ca9046bab6	200	application/json; charset=utf-8	https://www.wikibr.pl/api.php?action=query&prop=imageinfo&iiprop=url|size|mime&format=json&titles=Plik%3ADuch%C3%B3wS.png%7CPlik%3ADuch%C3%B3wT.png%7CPlik%3ADusza%20Vorlinga.png%7CPlik%3ADusza%20gada.png%7CPlik%3ADusza%20naznaczonego.png%7CPlik%3ADusza%20nietoperza.png%7CPlik%3ADusza%20nieumar%C5%82ego.png%7CPlik%3ADusza%20%C5%9AwiataS.png%7CPlik%3ADusza%20%C5%9BwiataT.png%7CPlik%3ADvigg.png%7CPlik%3ADybuk.png%7CPlik%3ADynamit%20Landaua.png%7CPlik%3ADy%C5%84ka.png%7CPlik%3ADzia%C5%82ka.png%7CPlik%3ADzik.png%7CPlik%3ADzika%20WyspaMap.png%7CPlik%3ADzika%20zwinno%C5%9B%C4%87.png%7CPlik%3ADziki%20Ogr.png%7CPlik%3ADziki%20Skorpion.png%7CPlik%3AD%C4%99biak.png%7CPlik%3AD%C4%99bowe%20drewno.png%7CPlik%3AD%C5%82onie%20Vamang.png%7CPlik%3AEasy.png%7CPlik%3AEcha%20wspomnie%C5%84.png%7CPlik%3AEgzekutor.png%7CPlik%3AEkstaza.png%7CPlik%3AEkstrakt%20kondycji.png%7CPlik%3AEkstrakt%20many.png%7CPlik%3AEkstrakt%20zdrowia.png%7CPlik%3AEkstraktor.png%7CPlik%3AEkwipunek-zwierzaka-menu.png%7CPlik%3AEkwipunek-zwierzaka.png%7CPlik%3AEldingur.png%7CPlik%3AElement%20amarantowy.png%7CPlik%3AElement%20antracytowy.png%7CPlik%3AElement%20cyjanowy.png%7CPlik%3AElement%20karmazynowy.png%7CPlik%3AElement%20kobaltowy.png%7CPlik%3AElement%20limetytowy.png%7CPlik%3AElement%20malachitowy.png%7CPlik%3AEliksir%20ikona.png%7CPlik%3AEliksir%20kondycji.png%7CPlik%3AEliksir%20many.png%7CPlik%3AEliksir%20zdrowia.png%7CPlik%3AEliksiry.png%7CPlik%3AEliksiry%20Ikona.png%7CPlik%3AElity.png%7CPlik%3AElity%20korona.png%7CPlik%3AElity%20main.png%7CPlik%3AElity%20pasek%20z%20flaga.png
8411572431394c5f	200	application/json; charset=utf-8	https://www.wikibr.pl/api.php?action=query&prop=imageinfo&iiprop=url|size|mime&format=json&titles=Plik%3AElity%20sztandar.png%7CPlik%3AEmisariuszWampirzychRod%C3%B3wS.png%7CPlik%3AEmisariusz%20Wampirzych%20rod%C3%B3wT.png%7CPlik%3AEnvile.png%7CPlik%3AEov.png%7CPlik%3AEoy%20%C5%82ucznik.png%7CPlik%3AEpik%20v404.png%7CPlik%3AEra.png%7CPlik%3AErbaile.png%7CPlik%3AEriba.png%7CPlik%3AEriba%201.png%7CPlik%3AEriba%202.png%7CPlik%3AEriba%203.png%7CPlik%3AEriba%204.png%7CPlik%3AEruptor.png%7CPlik%3AEryk.png%7CPlik%3AEsencja.png%7CPlik%3AEtap%201PT.png%7CPlik%3AEtap%202PT.png%7CPlik%3AEtap%203PT.png%7CPlik%3AEtap%204PT.png%7CPlik%3AEteryczna%20lampa.png%7CPlik%3AEteryczny%20katalizator.png%7CPlik%3AEteryczny%20proszek.png%7CPlik%3AEuceria.png%7CPlik%3AEvent%20Bal%20Zakochanych.png%7CPlik%3AEvent%20Bal%20ZakochanychS.png%7CPlik%3AEvent%20Zaj%C4%99czy%20Maraton.png%7CPlik%3AEvent%20Zaj%C4%99czy%20MaratonS.png%7CPlik%3AEvent%20Zimowy.png%7CPlik%3AEvent%20ZimowyS.png%7CPlik%3AEventoweS.png%7CPlik%3AEventoweT.png%7CPlik%3AEventowe%20Ikona.png%7CPlik%3AEventy.png%7CPlik%3AExarchius.png%7CPlik%3AExcubitor.png%7CPlik%3AExplorer%27s%20Armour.png%7CPlik%3AExuvium.png%7CPlik%3AFabryka%20kryszta%C5%82%C3%B3w.png%7CPlik%3AFala%20gniewu.png%7CPlik%3AFanatyk%20mag.png%7CPlik%3AFanatyk%20rycerz.png%7CPlik%3AFanatyk%20%C5%82uk.png%7CPlik%3AFanga.png%7CPlik%3AFarao.png%7CPlik%3AFatum.png%7CPlik%3AFearven.png%7CPlik%3AFeniks.png%7CPlik%3AFenix.png
a5f07bea8520db35	200	application/json; charset=utf-8	https://www.wikibr.pl/api.php?action=query&prop=imageinfo&iiprop=url|size|mime&format=json&titles=Plik%3AFerwor%20walki.png%7CPlik%3AFilar.png%7CPlik%3AFilet%20z%20dorsza.png%7CPlik%3AFioletowa%20mikstura.png%7CPlik%3AFiskorl.png%7CPlik%3AFlaga.png%7CPlik%3AFlaki%20nieumar%C5%82ego.png%7CPlik%3AFlasze%20Ulepszen.png%7CPlik%3AFlasze%20ulepsze%C5%84%20Ikona.png%7CPlik%3AFlaszka%20gorza%C5%82y.png%7CPlik%3AForum%20G.png%7CPlik%3AFrakcje%20Unici.png%7CPlik%3AFrakcje%20Wolni.png%7CPlik%3AFrakcje%20podkafelek.png%7CPlik%3AFrakcje%20%C5%81otry.png%7CPlik%3AFraxy.png%7CPlik%3AFrontkick.png%7CPlik%3AFulgur.png%7CPlik%3AFuria.png%7CPlik%3AFuria%20Natury.png%7CPlik%3AFuriony.png%7CPlik%3AFutro%20z%20jaka.png%7CPlik%3AFyodor.png%7CPlik%3AFyodorE.png%7CPlik%3AFyodorH.png%7CPlik%3AFyodorM.png%7CPlik%3AFyodorT.png%7CPlik%3AFyodor%20flaga.png%7CPlik%3AGILDIA.png%7CPlik%3AGMO%20flaga.png%7CPlik%3AGabrysia.png%7CPlik%3AGadzina.png%7CPlik%3AGaneris%201.png%7CPlik%3AGaneris%202.png%7CPlik%3AGaneris%203.png%7CPlik%3AGaneris%204.png%7CPlik%3AGarnizon%20Dmorther%20mini.png%7CPlik%3AGarthmog.png%7CPlik%3AGarthmogE.png%7CPlik%3AGarthmogH.png%7CPlik%3AGarthmogM.png%7CPlik%3AGarthmogT.png%7CPlik%3AGarthmog%20flaga.png%7CPlik%3AGathril.png%7CPlik%3AGaurala%201.png%7CPlik%3AGaurala%202.png%7CPlik%3AGaurala%203.png%7CPlik%3AGaurala%204.png%7CPlik%3AGawraS.png%7CPlik%3AGawra%20map%20mobs.png
683ca5dea317857b	200	application/json; charset=utf-8	https://www.wikibr.pl/api.php?action=query&prop=imageinfo&iiprop=url|size|mime&format=json&titles=Plik%3AGeomorph.png%7CPlik%3AGeomorphE.png%7CPlik%3AGeomorphH.png%7CPlik%3AGeomorphM.png%7CPlik%3AGeomorphS.png%7CPlik%3AGeomorphT.png%7CPlik%3AGeomorph%20core.png%7CPlik%3AGeomorph%20flaga.png%7CPlik%3AGest%20w%C5%82adcy.png%7CPlik%3AGeury.png%7CPlik%3AGhadira.png%7CPlik%3AGhadiraE.png%7CPlik%3AGhadiraH.png%7CPlik%3AGhadiraM.png%7CPlik%3AGhadiraT.png%7CPlik%3AGhadira%20flaga.png%7CPlik%3AGhaitarog.png%7CPlik%3AGherudu.png%7CPlik%3AGildiaT.png%7CPlik%3AGildie%20SG.png%7CPlik%3AGildie%20rozk%C5%82ad.png%7CPlik%3AGilladany.png%7CPlik%3AGilladany%201.png%7CPlik%3AGilladany%202.png%7CPlik%3AGilladany%203.png%7CPlik%3AGilladany%204.png%7CPlik%3AGjolmar.png%7CPlik%3AGlif%20Elementary.png%7CPlik%3AGlif%20Uczniowski.png%7CPlik%3AGlif%20arcymistrzowski.png%7CPlik%3AGlif%20bakalarski.png%7CPlik%3AGlif%20elementarny.png%7CPlik%3AGlif%20uczniowski.png%7CPlik%3AGmo.png%7CPlik%3AGmoE.png%7CPlik%3AGmoH.png%7CPlik%3AGmoM.png%7CPlik%3AGmoT.png%7CPlik%3AGnat%20Yoko.png%7CPlik%3AGnaty%20reffa.png%7CPlik%3AGnawk.png%7CPlik%3AGnida.png%7CPlik%3AGnidaPet.png%7CPlik%3AGniew%20full%20icon.png%7CPlik%3AGniew%20icon.png%7CPlik%3AGniew%20zapomnianych.png%7CPlik%3AGniew%20%C5%BBywio%C5%82%C3%B3wS.png%7CPlik%3AGniew%20%C5%BCywio%C5%82%C3%B3wT.png%7CPlik%3AGoblin.png%7CPlik%3AGoblin%20szaman.png
7af3b54795bf6ec4	200	application/json; charset=utf-8	https://www.wikibr.pl/api.php?action=query&prop=imageinfo&iiprop=url|size|mime&format=json&titles=Plik%3AGoblin%20wojownik.png%7CPlik%3AGorag.png%7CPlik%3AGorthdar.png%7CPlik%3AGorthdar%20v2.png%7CPlik%3AGoryl.png%7CPlik%3AGrad%20strza%C5%82.png%7CPlik%3AGranit.png%7CPlik%3AGranitowy%20Golem.png%7CPlik%3AGregorius.png%7CPlik%3AGregoriusE.png%7CPlik%3AGregoriusH.png%7CPlik%3AGregoriusM.png%7CPlik%3AGregoriusT.png%7CPlik%3AGregorius%20flaga.png%7CPlik%3AGriv.png%7CPlik%3AGrizzly.png%7CPlik%3AGrobnica.png%7CPlik%3AGrobowiec%20Duch%C3%B3wS.png%7CPlik%3AGrobowiec%20Duch%C3%B3w%20map%20mobs.png%7CPlik%3AGrobowiec%20map%20mobs.png%7CPlik%3AGromy.png%7CPlik%3AGroza%20seleny.png%7CPlik%3AGrubosk%C3%B3rno%C5%9B%C4%87.png%7CPlik%3AGrzebie%C5%84.png%7CPlik%3AGrzyby%20Nanacatl.png%7CPlik%3AGrzyby%20naskalne.png%7CPlik%3AGr%C4%99plowane%20futro%20jaka.png%7CPlik%3AGuardoriaT.png%7CPlik%3AGuldarion.png%7CPlik%3AGulmegrim.png%7CPlik%3AGwardzista%20Maheta%20M.png%7CPlik%3AGwardzista%20Maheta%20Sh.png%7CPlik%3AGwardzista%20Tarula%20AR.png%7CPlik%3AGwardzista%20Tarula%20BB.png%7CPlik%3AGwardzista%20Tarula%20MO.png%7CPlik%3AGwardzista%20Tarula%20VD.png%7CPlik%3AGwardzista%20Tarula%20mag.png%7CPlik%3AGwiazda%20tellabagu.png%7CPlik%3AGwiazdki.png%7CPlik%3AG%C3%B3rski%20Ork.png%7CPlik%3AG%C3%B3rski%20Ork%20Szaman.png%7CPlik%3AG%C3%B3rski%20Uruk.png%7CPlik%3AG%C3%B3ry%20Kold%C3%B3w%20mini.png%7CPlik%3AG%C5%82owa%20Podr%C3%B3%C5%BCnego.png%7CPlik%3AG%C5%82owa%20demona.png%7CPlik%3AG%C5%82owa%20szamana.png%7CPlik%3AG%C5%82%C4%99bia.png%7CPlik%3AG%C5%82%C4%99biaPT.png%7CPlik%3AG%C5%82%C4%99bia%20Oddechu.png%7CPlik%3AHadras.png
6d2be89ca6d0bf9e	200	application/json; charset=utf-8	https://www.wikibr.pl/api.php?action=query&prop=imageinfo&iiprop=url|size|mime&format=json&titles=Plik%3AHaduoken.png%7CPlik%3AHala%20Maszyn%20map%20mobs.png%7CPlik%3AHalit.png%7CPlik%3AHalmengir.png%7CPlik%3AHalval.png%7CPlik%3AHalval%201.png%7CPlik%3AHalval%202.png%7CPlik%3AHalval%203.png%7CPlik%3AHalval%204.png%7CPlik%3AHard.png%7CPlik%3AHarlair.png%7CPlik%3AHarpia.png%7CPlik%3AHarpi%C4%85tko.png%7CPlik%3AHarrtraum.png%7CPlik%3AHarttraum.png%7CPlik%3AHa%C5%84ba%20seleny.png%7CPlik%3AHegun.png%7CPlik%3AHellar.png%7CPlik%3AHerold%20%C5%9Awitu.png%7CPlik%3AHerszt.png%7CPlik%3AHersztM.png%7CPlik%3AHerszt%20flaga.png%7CPlik%3AHeurokrato%20easy.png%7CPlik%3AHeurokrato%20hard.png%7CPlik%3AHeurokrato%20normal.png%7CPlik%3AHeurokratos.png%7CPlik%3AHeurokratos%20flaga.png%7CPlik%3AHe%C5%82m%20Bia%C5%82ej%20Gwardii.png%7CPlik%3AHe%C5%82m%20Czarnej%20Gwardii.png%7CPlik%3AHe%C5%82m%20Hboerl.png%7CPlik%3AHe%C5%82m%20Hober.png%7CPlik%3AHe%C5%82m%20Imperialnego%20Agenta.png%7CPlik%3AHe%C5%82m%20Karnawa%C5%82u%20w%20Larkasie.png%7CPlik%3AHe%C5%82m%20Lugusa.png%7CPlik%3AHe%C5%82m%20Maga%20Utoru.png%7CPlik%3AHe%C5%82m%20Milcz%C4%85cego.png%7CPlik%3AHe%C5%82m%20Odkrywcy%20Loch%C3%B3w.png%7CPlik%3AHe%C5%82m%20Odrodziciela.png%7CPlik%3AHe%C5%82m%20Pogromcy%20Demon%C3%B3w.png%7CPlik%3AHe%C5%82m%20Qamdaka.png%7CPlik%3AHe%C5%82m%20Reprezentanta.png%7CPlik%3AHe%C5%82m%20Szmaragdowej%20Gwardii.png%7CPlik%3AHe%C5%82m%20TaernCon2018.png%7CPlik%3AHe%C5%82m%20Trevena.png%7CPlik%3AHe%C5%82m%20Tropiciela%20Demon%C3%B3w.png%7CPlik%3AHe%C5%82m%20Tropiciela%20Lo%C5%BCy.png%7CPlik%3AHe%C5%82m%20Urgrima.png%7CPlik%3AHe%C5%82m%20harmonii.png%7CPlik%3AHe%C5%82m%20haugura.png%7CPlik%3AHe%C5%82m%20nie%C5%82aski.png
ed1f4629b7db543b	200	application/json; charset=utf-8	https://www.wikibr.pl/api.php?action=query&prop=imageinfo&iiprop=url|size|mime&format=json&titles=Plik%3AHe%C5%82m%20pioniera.png%7CPlik%3AHe%C5%82m%20premium.png%7CPlik%3AHe%C5%82m%20qamdaka.png%7CPlik%3AHe%C5%82m%20vorling%C3%B3w.png%7CPlik%3AHiena.png%7CPlik%3AHistoria%20G.png%7CPlik%3AHobgoblin%20Szaman.png%7CPlik%3AHobgoblin%20mag.png%7CPlik%3AHohgrat.png%7CPlik%3AHo%C5%82ota.png%7CPlik%3AHo%C5%82ota%20z%20kusz%C4%85.png%7CPlik%3AHtaga.png%7CPlik%3AHtagan.png%7CPlik%3AHusarion.png%7CPlik%3AHvar.png%7CPlik%3AHvarH.png%7CPlik%3AHvarM.png%7CPlik%3AHvar%20flaga.png%7CPlik%3AHvariony.png%7CPlik%3AI-klatka-gildyjna.png%7CPlik%3AII-klatka-gildyjna.png%7CPlik%3AIII-klatka-gildyjna.png%7CPlik%3AIbura.png%7CPlik%3AIchtion.png%7CPlik%3AIchtionM.png%7CPlik%3AIchtionT.png%7CPlik%3AIchtion%20flaga.png%7CPlik%3AIchtion%20poznanie.png%7CPlik%3AIchtion%20wyzwanie.png%7CPlik%3AIconFrakcja.png%7CPlik%3AIconPunkt.png%7CPlik%3AIconZbieractwoB.png%7CPlik%3AIconZbieractwoP.png%7CPlik%3AIconZbieractwoR.png%7CPlik%3AIconZbieractwoY.png%7CPlik%3AIcon%20Konwojent.png%7CPlik%3AIcon%20NPC%2001.png%7CPlik%3AIcon%20NPC%2001%20Walk.png%7CPlik%3AIcon%20NPC%2002.png%7CPlik%3AIcon%20NPC%2003.png%7CPlik%3AIcon%20NPC%2004.png%7CPlik%3AIcon%20NPC%2005.png%7CPlik%3AIcon%20NPC%2006.png%7CPlik%3AIcon%20NPC%2007.png%7CPlik%3AIcon%20NPC%2008.png%7CPlik%3AIcon%20NPC%2009.png%7CPlik%3AIcon%20NPC%2010.png%7CPlik%3AIcon%20NPC%2011.png%7CPlik%3AIcon%20NPC%2012.png%7CPlik%3AIcon%20NPC%20Losowy%2001.png
a3eb98fa953827a9	200	application/json; charset=utf-8	https://www.wikibr.pl/api.php?action=query&prop=imageinfo&iiprop=url|size|mime&format=json&titles=Plik%3AIcon%20depozyt.png%7CPlik%3AIcon%20kowal.png%7CPlik%3AIcon%20zwierzaki.png%7CPlik%3AIfryt.png%7CPlik%3AIgnifeks.png%7CPlik%3AIkonaBoss.png%7CPlik%3AIkonaBoss1.png%7CPlik%3AIkonaBoss2.png%7CPlik%3AIkonaBoss3.png%7CPlik%3AIkonaCzempion.png%7CPlik%3AIkonaOrb.png%7CPlik%3AIkonaPomara%C5%84cz.png%7CPlik%3AIkonaPomara%C5%84czowa1.png%7CPlik%3AIkonaPomara%C5%84czowa10.png%7CPlik%3AIkonaPomara%C5%84czowa2.png%7CPlik%3AIkonaPomara%C5%84czowa3.png%7CPlik%3AIkonaPomara%C5%84czowa4.png%7CPlik%3AIkonaPomara%C5%84czowa5.png%7CPlik%3AIkonaPomara%C5%84czowa6.png%7CPlik%3AIkonaPomara%C5%84czowa7.png%7CPlik%3AIkonaPomara%C5%84czowa8.png%7CPlik%3AIkonaPomara%C5%84czowa9.png%7CPlik%3AIkonaZielona1.png%7CPlik%3AIkonaZielona2.png%7CPlik%3AIkonaZielona3.png%7CPlik%3AIkona%20Drify.png%7CPlik%3AIkona%20Gildii.png%7CPlik%3AIkona%20Modyfikacje%20Sprz%C4%99tu.png%7CPlik%3AIkona%20Morfowanie.png%7CPlik%3AIkona%20Naprawa.png%7CPlik%3AIkona%20Przetapianie.png%7CPlik%3AIkona%20Ulepszanie.png%7CPlik%3AIkona%20%C5%81adowanie.png%7CPlik%3AIkona%20%C5%81%C4%85czenie%20Synergetyk%C3%B3w.png%7CPlik%3AIkona%C5%BB%C3%B3%C5%82ta1.png%7CPlik%3AIkona%C5%BB%C3%B3%C5%82ta2.png%7CPlik%3AIkona%C5%BB%C3%B3%C5%82ta3.png%7CPlik%3AIkona%C5%BB%C3%B3%C5%82ta4.png%7CPlik%3AIkona%C5%BB%C3%B3%C5%82ta5.png%7CPlik%3AIkona%C5%BB%C3%B3%C5%82ta6.png%7CPlik%3AIkona%C5%BB%C3%B3%C5%82ta7.png%7CPlik%3AIlo%C5%9B%C4%87%20daimonitu%20potrzebna%20do%20awansu%20orba.jpg%7CPlik%3AImisindo.png%7CPlik%3AImisindo%20v2.png%7CPlik%3AImperialny%20AgentS.png%7CPlik%3AImperialny%20AgentT.png%7CPlik%3AImperialny%20Mag.png%7CPlik%3AImperialny%20Rycerz.png%7CPlik%3AImperialny%20naramiennik.png%7CPlik%3AImperia%C5%82y.png
d15c5c96ffd21a70	200	application/json; charset=utf-8	https://www.wikibr.pl/api.php?action=query&prop=imageinfo&iiprop=url|size|mime&format=json&titles=Plik%3AInavoxy.png%7CPlik%3AInfernis.png%7CPlik%3AInhibitor%20andilunirowy.png%7CPlik%3AInhibitor%20diamentowy.png%7CPlik%3AInhibitor%20korundowy.png%7CPlik%3AInhibitor%20kwarcowy.png%7CPlik%3AInhibitor%20platynowy.png%7CPlik%3AInhibitor%20szmaragdowy.png%7CPlik%3AInhibitor%20topazowy.png%7CPlik%3AInhibitor%20turkusowy.png%7CPlik%3AInhibitory.png%7CPlik%3AInhibitory%20Ikona.png%7CPlik%3AInkantacja.png%7CPlik%3AInkara.png%7CPlik%3AInkrustowaniePT.png%7CPlik%3AInneIcon.png%7CPlik%3AInstancja.png%7CPlik%3AInstancje%20Etap%201%2C5.png%7CPlik%3AInstancje%20Etap%201.png%7CPlik%3AInstancje%20Etap%202.png%7CPlik%3AInstancje%20Etap%203.png%7CPlik%3AInstancje%20Etap%204.png%7CPlik%3AInstancje%20Etap%205.png%7CPlik%3AInstynkt%20przetrwania.png%7CPlik%3AIrkamale.png%7CPlik%3AIrokez.png%7CPlik%3AIrudam.png%7CPlik%3AIsgar.png%7CPlik%3AIsghir.png%7CPlik%3AIshelm.png%7CPlik%3AIsher.png%7CPlik%3AIskjell.png%7CPlik%3AIstav.png%7CPlik%3AIsthrimm.png%7CPlik%3AIsverd.png%7CPlik%3AItem294%20%28314%29.png%7CPlik%3AIvravul.png%7CPlik%3AIvravulH.png%7CPlik%3AIvravulM.png%7CPlik%3AIvravulT.png%7CPlik%3AIvravul%20flaga.png%7CPlik%3AJabcok%C3%B3wka.png%7CPlik%3AJad%20Matacza.png%7CPlik%3AJad%20Zab%C3%B3jc%C3%B3w.png%7CPlik%3AJad%20pszcz%C3%B3%C5%82.png%7CPlik%3AJagody.png%7CPlik%3AJaguar.png%7CPlik%3AJajo%20jastrz%C4%85bk%C3%B3w.png%7CPlik%3AJak.png%7CPlik%3AJak%20dotrze%C4%87.png
7103e365bca4095b	200	application/json; charset=utf-8	https://www.wikibr.pl/api.php?action=query&prop=imageinfo&iiprop=url|size|mime&format=json&titles=Plik%3AJak%20korzysta%C4%87%20z%20NasyceniaT.png%7CPlik%3AJaskinia%20Amorfy.png%7CPlik%3AJaskinia%20AmorfyS.png%7CPlik%3AJaskinia%20Golema.png%7CPlik%3AJaskinia%20GolemaS.png%7CPlik%3AJaskinia%20Golema%20map%20mobs.png%7CPlik%3AJaskinia%20Herszta.png%7CPlik%3AJaskinia%20HersztaS.png%7CPlik%3AJaskinia%20Herszta%20T.png%7CPlik%3AJaskinia%20Herszta%20map%20mobs.png%7CPlik%3AJaskinia%20Nied%C5%BAwiedzia.png%7CPlik%3AJaskinia%20Nied%C5%BAwiedziaS.png%7CPlik%3AJaskinia%20Po%C5%82udniowa%20map.png%7CPlik%3AJaskinia%20Smoka.png%7CPlik%3AJaskinia%20SmokaS.png%7CPlik%3AJaskinia%20Smoka%20map%20mobs.png%7CPlik%3AJaskinia%20Wilk%C3%B3wS.png%7CPlik%3AJaskinia%20herszta%20inst.png%7CPlik%3AJask%C3%B3%C5%82ka.png%7CPlik%3AJask%C3%B3%C5%82kaE.png%7CPlik%3AJask%C3%B3%C5%82kaH.png%7CPlik%3AJask%C3%B3%C5%82kaM.png%7CPlik%3AJask%C3%B3%C5%82kaT.png%7CPlik%3AJask%C3%B3%C5%82ka%20flaga.png%7CPlik%3AJastrz%C4%85bek.png%7CPlik%3AJastrz%C4%99bior.png%7CPlik%3AJastrz%C4%99biorPrzygoda.png%7CPlik%3AJastrz%C4%99biorT.png%7CPlik%3AJastrz%C4%99biorWyzwanie.png%7CPlik%3AJastrz%C4%99bior%20flaga.png%7CPlik%3AJaszczur.png%7CPlik%3AJedzenie.png%7CPlik%3AJedzeniepet.png%7CPlik%3AJeovall%20druid.png%7CPlik%3AJeroszki.png%7CPlik%3AJesienica.png%7CPlik%3AJeti.png%7CPlik%3AJorn%20053230.png%7CPlik%3AJulia.png%7CPlik%3AJurghao%20rycerz.png%7CPlik%3AKadzielnica%20uruk%C3%B3w.png%7CPlik%3AKafelek%20BrokenHUD.png%7CPlik%3AKafelek%20dolny%20DQ.png%7CPlik%3AKafelek%20dolny%20Daimonit.png%7CPlik%3AKafelek%20dolny%20Nasycenie.png%7CPlik%3AKafelek%20dolny%20Power.png%7CPlik%3AKafelek%20dolny%20Zani%C5%BCanie%20Dropu.png%7CPlik%3AKafelek%20dolny%20bezpieczenstwo.png%7CPlik%3AKafelek%20dolny%20gniew.png%7CPlik%3AKafelek%20dolny%20respawn.png
ba7bd36de5756d9c	200	application/json; charset=utf-8	https://www.wikibr.pl/api.php?action=query&prop=imageinfo&iiprop=url|size|mime&format=json&titles=Plik%3AKafelek%20dolny%20tabela%20drify.png%7CPlik%3AKafelek%20dolny%20tabela%20synergetyki.png%7CPlik%3AKafelek%20dolny%20test3.png%7CPlik%3AKaishi.png%7CPlik%3AKamieniarz.png%7CPlik%3AKamienie.png%7CPlik%3AKamie%C5%84%20Tresera.png%7CPlik%3AKamufla%C5%BC.png%7CPlik%3AKap%C5%82an%20%C5%9Bmierci.png%7CPlik%3AKara%20od%20poziomuT.png%7CPlik%3AKarakan.png%7CPlik%3AKarapaks.png%7CPlik%3AKarczma%20lesgra%20.png%7CPlik%3AKarlder.png%7CPlik%3AKarol%20kold.png%7CPlik%3AKartofle.png%7CPlik%3AKastet%20pinari.png%7CPlik%3AKastety%20premium.png%7CPlik%3AKawa%C5%82ek%20mapy.png%7CPlik%3AKawa%C5%82ek%20mapy%20%281%29.png%7CPlik%3AKawa%C5%82ek%20mapy%20%282%29.png%7CPlik%3AKemenaksTREFAfLAGA.png%7CPlik%3AKhaagar%20barbarzy%C5%84ca.png%7CPlik%3AKhalam.png%7CPlik%3AKie%C5%82%20bluttera.png%7CPlik%3AKie%C5%82%20dzika.png%7CPlik%3AKij%20huraganu.png%7CPlik%3AKije%20premium.png%7CPlik%3AKil.png%7CPlik%3AKirsile.png%7CPlik%3AKlasy%20postaci.png%7CPlik%3AKlatki.png%7CPlik%3AKlejnot.png%7CPlik%3AKleszcz.png%7CPlik%3AKlucz%20Alkazaara.png%7CPlik%3AKlucz%20do%20laboratorium.png%7CPlik%3AKlucz%20do%20maszynowni%20admiral.png%7CPlik%3AKlucz%20do%20maszynowni%20komandor.png%7CPlik%3AKlucz%20do%20tamki.png%7CPlik%3AKlucz%20z%20wyzwa%C5%84.png%7CPlik%3AKnur.png%7CPlik%3AKobra.png%7CPlik%3AKold.png%7CPlik%3AKold%20Kap%C5%82an.png%7CPlik%3AKold%20Vardr.png%7CPlik%3AKoldyT.png%7CPlik%3AKolec%20Smoczego%20S%C5%82ugi.png%7CPlik%3AKolec%20Smoczego%20s%C5%82ugi.png%7CPlik%3AKolec%20drapie%C5%BCnej%20ro%C5%9Bliny.png%7CPlik%3AKolekcjoner.png
f0174a4b475dd14b	200	application/json; charset=utf-8	https://www.wikibr.pl/api.php?action=query&prop=imageinfo&iiprop=url|size|mime&format=json&titles=Plik%3AKomandor%20utoru.png%7CPlik%3AKomandor%20utoruE.png%7CPlik%3AKomandor%20utoruH.png%7CPlik%3AKomandor%20utoruM.png%7CPlik%3AKomandor%20utoruT.png%7CPlik%3AKomar.png%7CPlik%3AKonari.png%7CPlik%3AKonari%201.png%7CPlik%3AKonari%202.png%7CPlik%3AKonari%203.png%7CPlik%3AKonari%204.png%7CPlik%3AKoncentrat%20kondycji.png%7CPlik%3AKoncentrat%20many.png%7CPlik%3AKoncentrat%20zdrowia.png%7CPlik%3AKoncept%20tytul.png%7CPlik%3AKonowa%C5%82.png%7CPlik%3AKonstrukt.png%7CPlik%3AKonstruktM.png%7CPlik%3AKonstrukt%20V1S.png%7CPlik%3AKonstrukt%20flaga.png%7CPlik%3AKonstrukt%20poznanie.png%7CPlik%3AKonstrukt%20v1T.png%7CPlik%3AKonstrukt%20v1%20II%20Forma.png%7CPlik%3AKonstrukt%20v1%20I%20Forma.png%7CPlik%3AKonstrukt%20v2T.png%7CPlik%3AKonstrukt%20wyzwanie.png%7CPlik%3AKontrola%20oddechu.png%7CPlik%3AKora%20Aegustahephium.png%7CPlik%3AKoriatula.png%7CPlik%3AKorona%20Chwa%C5%82y%202026.png%7CPlik%3AKorona%20jastrz%C4%99bia.png%7CPlik%3AKorona%20lasu.png%7CPlik%3AKorona%20wiecznych%20w%C5%82adc%C3%B3w.png%7CPlik%3AKorpus%20wendigo.png%7CPlik%3AKorzenie.png%7CPlik%3AKorze%C5%84%20Amorfy.png%7CPlik%3AKorze%C5%84%20pinacei.png%7CPlik%3AKosani.png%7CPlik%3AKosior.png%7CPlik%3AKostur%20Zuzialol.png%7CPlik%3AKoszmar.png%7CPlik%3AKoszty%20i%20nagrody.png%7CPlik%3AKoszula.png%7CPlik%3AKot%20g%C3%B3rski.png%7CPlik%3AKowal%20lugusa.png%7CPlik%3AKoz%C5%82ek.png%7CPlik%3AKo%C5%9Bci%20Haligardczyka.png%7CPlik%3AKo%C5%9Bci%20czarnego%20wilka.png%7CPlik%3AKo%C5%9Bci%20poleg%C5%82ych.png%7CPlik%3AKo%C5%9Bciej.png
aaf81e376d3dfbaa	200	application/json; charset=utf-8	https://www.wikibr.pl/api.php?action=query&prop=imageinfo&iiprop=url|size|mime&format=json&titles=Plik%3AKo%C5%9Bciej%20mob.png%7CPlik%3AKo%C5%9Bciejuch.png%7CPlik%3AKo%C5%BAl%C4%99cy%20Ko%C5%BCuszek%20Kol%C4%99dnika.png%7CPlik%3AKrabostw%C3%B3r.png%7CPlik%3AKrew%20bestii.png%7CPlik%3AKrew%20bestii1.png%7CPlik%3AKrew%20komara.png%7CPlik%3AKrew%20wandala.png%7CPlik%3AKrioring.png%7CPlik%3AKruczy.png%7CPlik%3AKruentor.png%7CPlik%3AKruk.png%7CPlik%3AKruk%20mob.png%7CPlik%3AKruszywo.png%7CPlik%3AKrwawienie.png%7CPlik%3AKrwawy%20Brzeszczot.png%7CPlik%3AKrwawy%20Kat.png%7CPlik%3AKrwawy%20Pakt.png%7CPlik%3AKrwawy%20Poca%C5%82unek.png%7CPlik%3AKrwiopij.png%7CPlik%3AKrwiopijca.png%7CPlik%3AKrwiopijec.png%7CPlik%3AKryszta%C5%82%20czasu.png%7CPlik%3AKryszta%C5%82%20morski.png%7CPlik%3AKryszta%C5%82y.png%7CPlik%3AKrytyczne%20uderzenie.png%7CPlik%3AKrzyzak%20map%20mobs.png%7CPlik%3AKrzy%C5%BCaK%20flaga.png%7CPlik%3AKrzy%C5%BCak.png%7CPlik%3AKrzy%C5%BCakM.png%7CPlik%3AKrzy%C5%BCakT.png%7CPlik%3AKr%C3%B3l%20szczur%C3%B3w.png%7CPlik%3AKr%C3%B3tkie%20spi%C4%99cie.png%7CPlik%3AKsi%C4%99ga%20Nieumar%C5%82ych%20vol.%20666.png%7CPlik%3AKud%C5%82acz.png%7CPlik%3AKula%20mocy.png%7CPlik%3AKula%20ognia.png%7CPlik%3AKulas.png%7CPlik%3AKulosy%20reffa.png%7CPlik%3AKupno%20u%20NPCS.png%7CPlik%3AKupno%20u%20npc.png%7CPlik%3AKwietny%20Woal.png%7CPlik%3AK%C4%85sacz.png%7CPlik%3AK%C5%82usownik.png%7CPlik%3AK%C5%82%C3%B3wS.png%7CPlik%3AK%C5%82%C3%B3wT.png%7CPlik%3ALalkarz.png%7CPlik%3ALament.png%7CPlik%3ALas%20Kold%C3%B3w%20mini.png%7CPlik%3ALas%20Ork%C3%B3w%20mini.png
811b2e6a92c3e299	200	application/json; charset=utf-8	https://www.wikibr.pl/api.php?action=query&prop=imageinfo&iiprop=url|size|mime&format=json&titles=Plik%3ALaska%20Aster.png%7CPlik%3ALaska%20Con.png%7CPlik%3ALaska%20Doktora%20Plagi.png%7CPlik%3ALaska%20Fas.png%7CPlik%3ALaska%20Marao.png%7CPlik%3ALaska%20Sig.png%7CPlik%3ALaska%20Tri.png%7CPlik%3ALaska%20Tropiciela%20Lo%C5%BCy.png%7CPlik%3ALaska%20Uri.png%7CPlik%3ALaska%20killarasuna.png%7CPlik%3ALaska%20p%C5%82omieni.png%7CPlik%3ALataj%C4%85ce%20kolano.png%7CPlik%3ALatarnia%20%C5%BBycia%20v2.png%7CPlik%3ALatarnia%20%C5%BCycia.png%7CPlik%3ALawa%20z%20Kemenak.png%7CPlik%3ALawia.png%7CPlik%3ALawina.png%7CPlik%3ALawowy%20Golem.png%7CPlik%3ALazurowa%20NocS.png%7CPlik%3ALazurowa%20nocT.png%7CPlik%3ALeczenie.png%7CPlik%3ALeczenie%20grupowe.png%7CPlik%3ALegendarne.png%7CPlik%3ALegendarny%20Daimonit.png%7CPlik%3ALeik.png%7CPlik%3ALempo.png%7CPlik%3ALen.png%7CPlik%3ALesgar%20pok%C3%B3j.png%7CPlik%3ALevelowanie-zwierzaka-menu.png%7CPlik%3ALevelowanie-zwierzaka.png%7CPlik%3ALewy%20prawy.png%7CPlik%3ALe%C5%9Bny%20Duszek.png%7CPlik%3ALimetyt.png%7CPlik%3ALina%20z%20hakiem.png%7CPlik%3ALista-zwierzakow-menu.png%7CPlik%3ALista-zwierzakow.png%7CPlik%3ALi%C5%9B%C4%87%20nocy.png%7CPlik%3ALocha.png%7CPlik%3ALodowa%20strza%C5%82a.png%7CPlik%3ALodowy%20kryszta%C5%82.png%7CPlik%3ALodowy%20rdze%C5%84%20mocy.png%7CPlik%3ALoduS.png%7CPlik%3ALoduT.png%7CPlik%3ALogo%20Wiki%20BR.png%7CPlik%3ALogo%20Wiki%20BR1.png%7CPlik%3ALogo%20Wiki%20BR1XM.png%7CPlik%3ALogo%20Wiki%20BR2.png%7CPlik%3ALogo%20Wiki%20BR%20z%20Discordem.png%7CPlik%3ALoniris%201.png%7CPlik%3ALoniris%202.png
645dd1e40337c7c4	200	application/json; charset=utf-8	https://www.wikibr.pl/api.php?action=query&prop=imageinfo&iiprop=url|size|mime&format=json&titles=Plik%3ALoniris%203.png%7CPlik%3ALoniris%204.png%7CPlik%3ALugus.png%7CPlik%3ALugusH.png%7CPlik%3ALugusM.png%7CPlik%3ALugusT.png%7CPlik%3ALugus%20flaga.png%7CPlik%3ALun%20053215.png%7CPlik%3ALysmary.png%7CPlik%3AMF%20Mocy.png%7CPlik%3AMF%20Si%C5%82y.png%7CPlik%3AMF%20Wiedzy.png%7CPlik%3AMF%20%C5%BBycia.png%7CPlik%3AMaab.png%7CPlik%3AMag%20Ognia.webp%7CPlik%3AMag%20Ognia%20icon.png%7CPlik%3AMag%20Ognia%20title.png%7CPlik%3AMag%20UtoruS.png%7CPlik%3AMag%20UtoruT.png%7CPlik%3AMag%20Utory%20Priview.png%7CPlik%3AMagazyn%20Energii%20map%20mobs.png%7CPlik%3AMagiczna%20esencja.png%7CPlik%3AMagiczna%20iskra.png%7CPlik%3AMagni%20jorn.png%7CPlik%3AMagni%20lun.png%7CPlik%3AMagni%20naed.png%7CPlik%3AMagni%20qzen.png%7CPlik%3AMagnidrif.png%7CPlik%3AMagnidrif%20abaf.png%7CPlik%3AMagnidrif%20adrim.png%7CPlik%3AMagnidrif%20alorn.png%7CPlik%3AMagnidrif%20amad.png%7CPlik%3AMagnidrif%20ann.png%7CPlik%3AMagnidrif%20astah.png%7CPlik%3AMagnidrif%20band.png%7CPlik%3AMagnidrif%20dur.png%7CPlik%3AMagnidrif%20elen.png%7CPlik%3AMagnidrif%20eras.png%7CPlik%3AMagnidrif%20err.png%7CPlik%3AMagnidrif%20faln.png%7CPlik%3AMagnidrif%20farid.png%7CPlik%3AMagnidrif%20grod.png%7CPlik%3AMagnidrif%20grud.png%7CPlik%3AMagnidrif%20heb.png%7CPlik%3AMagnidrif%20holm.png%7CPlik%3AMagnidrif%20iori.png%7CPlik%3AMagnidrif%20kalh.png%7CPlik%3AMagnidrif%20ling.png%7CPlik%3AMagnidrif%20lorb.png%7CPlik%3AMagnidrif%20oda.png
639dc7bca4df7745	200	application/json; charset=utf-8	https://www.wikibr.pl/api.php?action=query&prop=imageinfo&iiprop=url|size|mime&format=json&titles=Plik%3AMagnidrif%20tall.png%7CPlik%3AMagnidrif%20teld.png%7CPlik%3AMagnidrif%20tovi.png%7CPlik%3AMagnidrif%20ulk.png%7CPlik%3AMagnidrif%20unn.png%7CPlik%3AMagnidrif%20val.png%7CPlik%3AMagnidrif%20verd.png%7CPlik%3AMagnidrif%20von.png%7CPlik%3AMagnidrifyS.png%7CPlik%3AMagnidrifyT.png%7CPlik%3AMagniorb%20Ba%27ed.png%7CPlik%3AMagniorb%20Cu%27at.png%7CPlik%3AMagniorb%20De%27ed.png%7CPlik%3AMagniorb%20Fu%27at.png%7CPlik%3AMagniorb%20Ge%27ed.png%7CPlik%3AMagniorb%20Ha%27at.png%7CPlik%3AMagniorb%20Ka%27at.png%7CPlik%3AMagniorb%20Ky%27at.png%7CPlik%3AMagniorb%20Li%27at.png%7CPlik%3AMagniorb%20Lu%27ed.png%7CPlik%3AMagniorb%20M%27ren.png%7CPlik%3AMagniorb%20Mi%27ed.png%7CPlik%3AMagniorb%20N%27xen.png%7CPlik%3AMagniorb%20P%27ren.png%7CPlik%3AMagniorb%20Pa%27at.png%7CPlik%3AMagniorb%20Po%27at.png%7CPlik%3AMagniorb%20R%27xen.png%7CPlik%3AMagniorb%20Re%27ed.png%7CPlik%3AMagniorb%20S%27len.png%7CPlik%3AMagniorb%20Se%27at.png%7CPlik%3AMagniorb%20Te%27at.png%7CPlik%3AMagniorb%20Ti%27at.png%7CPlik%3AMagniorb%20V%27lan.png%7CPlik%3AMagniorb%20Vo%27ed.png%7CPlik%3AMagniorb%20Ze%27ed.png%7CPlik%3AMagniorbyS.png%7CPlik%3AMagniorbyT.png%7CPlik%3AMahet.png%7CPlik%3AMahetH.png%7CPlik%3AMahetM.png%7CPlik%3AMahetT.png%7CPlik%3AMahet%20flaga.png%7CPlik%3AMaiarot.png%7CPlik%3AMalachitowa%20Laska%20Tropiciela%20Lo%C5%BCy.png%7CPlik%3AMalachitowe%20Buty%20Tropiciela%20Lo%C5%BCy.png%7CPlik%3AMalachitowe%20Spodnie%20Tropiciela%20Lo%C5%BCy.png%7CPlik%3AMalachitowy%20He%C5%82m%20Tropiciela%20Lo%C5%BCy.png%7CPlik%3AMalachitowy%20Pancerz%20Tropiciela%20Lo%C5%BCy.png%7CPlik%3AMalachitowy%20Tropiciel%20Lo%C5%BCyS.png%7CPlik%3AMalachitowy%20Tropiciel%20Lo%C5%BCyT.png
bf367ce940a26f24	200	application/json; charset=utf-8	https://www.wikibr.pl/api.php?action=query&prop=imageinfo&iiprop=url|size|mime&format=json&titles=Plik%3AMallus%20selenorum.png%7CPlik%3AMamut.png%7CPlik%3AManamer.png%7CPlik%3AManpury.png%7CPlik%3AMapaAlfaD2.jpg%7CPlik%3AMapaAlfaD3.jpg%7CPlik%3AMapaAlfaD4.jpg%7CPlik%3AMapaAlfaD5.jpg%7CPlik%3AMapaAmorfaD2.jpg%7CPlik%3AMapaAmorfaD3.jpg%7CPlik%3AMapaDuch%20ZamkuD1.jpg%7CPlik%3AMapaDuch%20ZamkuD2.jpg%7CPlik%3AMapaDuch%20ZamkuD3.jpg%7CPlik%3AMapaDuchy%20%C5%BBywio%C5%82%C3%B3wD1.jpg%7CPlik%3AMapaDuchy%20%C5%BBywio%C5%82%C3%B3wD2.jpg%7CPlik%3AMapaDuchy%20%C5%BBywio%C5%82%C3%B3wD3.jpg%7CPlik%3AMapaDuchy%20%C5%BBywio%C5%82%C3%B3wD4.jpg%7CPlik%3AMapaGarthmogD3.jpg%7CPlik%3AMapaGarthmogD4.jpg%7CPlik%3AMapaGarthmogD5.jpg%7CPlik%3AMapaGeomorphD1.jpg%7CPlik%3AMapaGeomorphD2.jpg%7CPlik%3AMapaGeomorphD3.jpg%7CPlik%3AMapaGeomorphD4.jpg%7CPlik%3AMapaGeomorphD5.jpg%7CPlik%3AMapaGhadiraD1.jpg%7CPlik%3AMapaGhadiraD2.jpg%7CPlik%3AMapaGhadiraD3.jpg%7CPlik%3AMapaGhadiraD4.jpg%7CPlik%3AMapaGhadiraD5.jpg%7CPlik%3AMapaGhadiraD6.jpg%7CPlik%3AMapaHersztD1.jpg%7CPlik%3AMapaHersztD2.jpg%7CPlik%3AMapaHersztD3.jpg%7CPlik%3AMapaIchtionD1.jpg%7CPlik%3AMapaIchtionD2.jpg%7CPlik%3AMapaIchtionD3.jpg%7CPlik%3AMapaKomandorD1.jpg%7CPlik%3AMapaKomandorD2.jpg%7CPlik%3AMapaKomandorD3.jpg%7CPlik%3AMapaKomandorD4.jpg%7CPlik%3AMapaKomandorD5.jpg%7CPlik%3AMapaKomandorD6.jpg%7CPlik%3AMapaKomandorD7.jpg%7CPlik%3AMapaKomandorD8.jpg%7CPlik%3AMapaKonstrukt%20v1D1.jpg%7CPlik%3AMapaKonstrukt%20v1D2.jpg%7CPlik%3AMapaKonstrukt%20v1D3.jpg%7CPlik%3AMapaKonstrukt%20v1D4.jpg%7CPlik%3AMapaKonstrukt%20v1D5.jpg
cd7b1331ab48e94b	200	application/json; charset=utf-8	https://www.wikibr.pl/api.php?action=query&prop=imageinfo&iiprop=url|size|mime&format=json&titles=Plik%3AMapaKonstrukt%20v1D6.jpg%7CPlik%3AMapaKrzy%C5%BCakD1.jpg%7CPlik%3AMapaKrzy%C5%BCakD2.jpg%7CPlik%3AMapaKrzy%C5%BCakD3.jpg%7CPlik%3AMapaNied%C5%BAwied%C5%BAD1.jpg%7CPlik%3AMapaNied%C5%BAwied%C5%BAD2.jpg%7CPlik%3AMapaNied%C5%BAwied%C5%BAD3.jpg%7CPlik%3AMapaRopuchaD1.jpg%7CPlik%3AMapaRopuchaD2.jpg%7CPlik%3AMapaRopuchaD3.jpg%7CPlik%3AMapaRopuchaD4.jpg%7CPlik%3AMapaW%C5%82adca%20MarionetekD1.jpg%7CPlik%3AMapaW%C5%82adca%20MarionetekD2.jpg%7CPlik%3AMapaW%C5%82adca%20MarionetekD3.jpg%7CPlik%3AMapaW%C5%82adca%20MarionetekD4.jpg%7CPlik%3AMapaW%C5%82adca%20MarionetekD5.jpg%7CPlik%3AMapaW%C5%82adca%20MarionetekD6.jpg%7CPlik%3AMapa%20Bagna.png%7CPlik%3AMapa%20Przysi%C3%B3%C5%82ek%20Trentis.png%7CPlik%3AMapa%20Wymarla%20Osada.png%7CPlik%3AMapa%20Zbojecki%20Las%20.png%7CPlik%3AMapa%20alair.png%7CPlik%3AMapa%20podzamcze.png%7CPlik%3AMapa%20port.png%7CPlik%3AMapa%20swiata%20gildie.png%7CPlik%3AMapa%20trentis%202.png%7CPlik%3AMapa%20wioska%20rybacka%20.png%7CPlik%3AMapy%20SG.png%7CPlik%3AMarionetka%20%28Barbarzy%C5%84ca%29.png%7CPlik%3AMarionetka%20%28Druid%29.png%7CPlik%3AMarionetka%20%28Rycerz%29.png%7CPlik%3AMarionetka%20%28Sheed%29.png%7CPlik%3AMarionetka%20%28%C5%81ucznik%29.png%7CPlik%3AMarkahn.png%7CPlik%3AMartumal.png%7CPlik%3AMarturg.png%7CPlik%3AMarturg%20new.png%7CPlik%3AMarynarz%20Utoru.png%7CPlik%3AMarzenia%20QamdakaS.png%7CPlik%3AMarzenia%20QamdakaT.png%7CPlik%3AMaska%20Ban%C3%B3w.png%7CPlik%3AMaska%20Doktora%20Plagi.png%7CPlik%3AMaska%20Potwora.png%7CPlik%3AMatacz.png%7CPlik%3AMauremys.png%7CPlik%3AMa%C5%82a%20Flasza%20Kondycji.png%7CPlik%3AMa%C5%82a%20Flasza%20Many.png%7CPlik%3AMa%C5%82a%20Flasza%20Mocy.png%7CPlik%3AMa%C5%82a%20Flasza%20Niszczenia.png%7CPlik%3AMa%C5%82a%20Flasza%20Si%C5%82y.png
b50d2dc09846a1d6	200	application/json; charset=utf-8	https://www.wikibr.pl/api.php?action=query&prop=imageinfo&iiprop=url|size|mime&format=json&titles=Plik%3AMa%C5%82a%20Flasza%20Wiedzy.png%7CPlik%3AMa%C5%82a%20Flasza%20Zr%C4%99czno%C5%9Bci.png%7CPlik%3AMa%C5%82a%20Flasza%20%C5%BBycia.png%7CPlik%3AMa%C5%82a%20%C5%9Bmier%C4%87.png%7CPlik%3AMa%C5%82y%20Komar.png%7CPlik%3AMa%C5%82y%20paj%C4%85k.png%7CPlik%3AMa%C5%82%C5%BCe.png%7CPlik%3AMa%C5%82%C5%BCe%20upra%C5%BCone.png%7CPlik%3AMeandry.png%7CPlik%3AMechaniki%20InstancjiT.png%7CPlik%3AMedalion%20Marao.png%7CPlik%3AMedalion%20z%20korpusu%20Werodesa.png%7CPlik%3AMedyS.png%7CPlik%3AMedyT.png%7CPlik%3AMelavir.png%7CPlik%3AMemento.png%7CPlik%3AMenu-Zwierzaki.png%7CPlik%3AMenu.png%7CPlik%3AMenu1.png%7CPlik%3AMenuPL.png%7CPlik%3AMetalurg.png%7CPlik%3AMeteoryt.png%7CPlik%3AMeteorytowy%20bijak.png%7CPlik%3AMewa.png%7CPlik%3AMiecz%20Bia%C5%82ej%20Gwardii.png%7CPlik%3AMiecz%20Czarnej%20Gwardii.png%7CPlik%3AMiecz%20Reprezentanta.png%7CPlik%3AMiecz%20Szmaragdowej%20Gwardii.png%7CPlik%3AMiecz%20Taernijskiego%20%C5%BBo%C5%82nierza.png%7CPlik%3AMiecz%20boreasza.png%7CPlik%3AMiecz%20pinari.png%7CPlik%3AMiecze%20Dwureczne%20premium.png%7CPlik%3AMiecze%20premium.png%7CPlik%3AMierzony%20cios.png%7CPlik%3AMikstura%20kondycji.png%7CPlik%3AMikstura%20many.png%7CPlik%3AMikstura%20zdrowia.png%7CPlik%3AMinigra1.gif%7CPlik%3AMinigra%20gniew.gif%7CPlik%3AMiris%201.png%7CPlik%3AMiris%202.png%7CPlik%3AMiris%203.png%7CPlik%3AMiris%204.png%7CPlik%3AMistrz.png%7CPlik%3AMi%C4%99tek.png%7CPlik%3AMi%C5%82o%C5%9B%C4%87%20morany.png%7CPlik%3AMniejszy%20krab.png%7CPlik%3AMob%20y%20001.png%7CPlik%3AMob%20y%20002.png%7CPlik%3AMob%20y%20003.png
3be4f4bee2bfca61	200	application/json; charset=utf-8	https://www.wikibr.pl/api.php?action=query&prop=imageinfo&iiprop=url|size|mime&format=json&titles=Plik%3AMob%20y%20004.png%7CPlik%3AMob%20y%20005.png%7CPlik%3AMob%20y%20006.png%7CPlik%3AMob%20y%20007.png%7CPlik%3AMob%20y%20008.png%7CPlik%3AMocno%20obni%C5%BCony%20drop.png%7CPlik%3AMoczarka.png%7CPlik%3AMoczary.png%7CPlik%3AMoczary%20map%20mobs.png%7CPlik%3AModliszka.png%7CPlik%3AModliszkaE.png%7CPlik%3AModliszkaH.png%7CPlik%3AModliszkaM.png%7CPlik%3AModliszkaS.png%7CPlik%3AModliszkaT.png%7CPlik%3AModliszka%20flaga.png%7CPlik%3AModyfikacje%20Sprz%C4%99tu%20SG.png%7CPlik%3AModyfikacje%20sprzetu.png%7CPlik%3AMorana.png%7CPlik%3AMoranaH.png%7CPlik%3AMoranaM.png%7CPlik%3AMoranaT.png%7CPlik%3AMorana%20flaga.png%7CPlik%3AMorfowanieS.png%7CPlik%3AMorfowanieT.png%7CPlik%3AMorkvirr.png%7CPlik%3AMorowa%20Laska%20Doktora%20Plagi.png%7CPlik%3AMorowa%20Maska%20Doktora%20Plagi.png%7CPlik%3AMorowa%20Peleryna%20Doktora%20Plagi.png%7CPlik%3AMorowa%20Szata%20Doktora%20Plagi.png%7CPlik%3AMorowe%20Buty%20Doktora%20Plagi.png%7CPlik%3AMorowe%20Spodnie%20Doktora%20Plagi.png%7CPlik%3AMorowy%20Doktor%20PlagiS.png%7CPlik%3AMorowy%20Doktor%20PlagiT.png%7CPlik%3AMortus.png%7CPlik%3AMortusS.png%7CPlik%3AMortusT.png%7CPlik%3AMortus%20flaga.png%7CPlik%3AMorzna%20zdobyc%20zT.png%7CPlik%3AMostek%20komandora%20map%20mobs.png%7CPlik%3AMoty%20Dwureczne%20premium.png%7CPlik%3AMoty%20premium.png%7CPlik%3AMotyl.png%7CPlik%3AMroczny%20W%C4%85s.png%7CPlik%3AMrokPT.png%7CPlik%3AMro%C5%BAny%20Olbrzym.png%7CPlik%3AMro%C5%BAny%20Olbrzym%20Szaman.png%7CPlik%3AMuchy.png%7CPlik%3AMurrim.png%7CPlik%3AMurrim%201.png
9df42decb5212dc7	200	application/json; charset=utf-8	https://www.wikibr.pl/api.php?action=query&prop=imageinfo&iiprop=url|size|mime&format=json&titles=Plik%3AMurrim%202.png%7CPlik%3AMurrim%203.png%7CPlik%3AMurrim%204.png%7CPlik%3AMuszki.png%7CPlik%3AMu%C4%87ka.png%7CPlik%3AMysza.png%7CPlik%3AM%C3%B3zg%20nietoperza.png%7CPlik%3AM%C3%B3%C5%BCd%C5%BCek%20jaszczura.png%7CPlik%3AM%C5%82ody%20Sabeltig.png%7CPlik%3ANPCpet.png%7CPlik%3ANPCsklep.png%7CPlik%3ANadzieja%20pokole%C5%84.png%7CPlik%3ANagrody%20PvP.png%7CPlik%3ANagrody%20Turniejowe.png%7CPlik%3ANaharia.png%7CPlik%3ANaharia%201.png%7CPlik%3ANaharia%202.png%7CPlik%3ANaharia%203.png%7CPlik%3ANaharia%204.png%7CPlik%3ANakaran.png%7CPlik%3ANakaran%201.png%7CPlik%3ANakaran%202.png%7CPlik%3ANakaran%203.png%7CPlik%3ANakaran%204.png%7CPlik%3ANak%C5%82adka.png%7CPlik%3ANaprawaS.png%7CPlik%3ANaprawaT.png%7CPlik%3ANasionko%20aumazji.png%7CPlik%3ANasionko%20mocy.png%7CPlik%3ANasycenie.png%7CPlik%3ANasycenie%20Celno%C5%9B%C4%87.png%7CPlik%3ANasycenie%20Obrona.png%7CPlik%3ANasycenie%20Odbicie.png%7CPlik%3ANasycenie%20obra%C5%BCenia.png%7CPlik%3ANasycenie%20redukcja.png%7CPlik%3ANaturalna%20odporno%C5%9B%C4%87.png%7CPlik%3ANavigon.png%7CPlik%3ANazgulica.png%7CPlik%3ANa%C5%82adowane%20ogniwo.png%7CPlik%3ANidhogg.png%7CPlik%3ANidhoggE.png%7CPlik%3ANidhoggH.png%7CPlik%3ANidhoggM.png%7CPlik%3ANidhoggT.png%7CPlik%3ANidhogg%20flaga.png%7CPlik%3ANie.png%7CPlik%3ANiebieska%20mikstura.png%7CPlik%3ANied%C5%BAwiedzia%20sk%C3%B3ra.png%7CPlik%3ANied%C5%BAwied%C5%BA.png%7CPlik%3ANied%C5%BAwied%C5%BAM.png
d765f6943b5a47d6	200	application/json; charset=utf-8	https://www.wikibr.pl/api.php?action=query&prop=imageinfo&iiprop=url|size|mime&format=json&titles=Plik%3ANied%C5%BAwied%C5%BAT.png%7CPlik%3ANied%C5%BAwied%C5%BA%20flaga.png%7CPlik%3ANieistniej%C4%85ce%20SkinyT.png%7CPlik%3ANieistniej%C4%85ce%20UnikatyT.png%7CPlik%3ANielichy.png%7CPlik%3ANiemieckieT.png%7CPlik%3ANiemieckie%20paczki%20premiumS.png%7CPlik%3ANienawi%C5%9B%C4%87%20draugula.png%7CPlik%3ANiena%C5%BCarty.png%7CPlik%3ANietoperz.png%7CPlik%3ANietoperz%20Fioletowy.png%7CPlik%3ANietoperz%20Karmazynowy.png%7CPlik%3ANietoperz%20mob.png%7CPlik%3ANietoperzowate.png%7CPlik%3ANieugas%C5%82y.png%7CPlik%3ANieugi%C4%99ta%20wola.png%7CPlik%3ANieumar%C5%82y%20Mag.png%7CPlik%3ANit.png%7CPlik%3ANocny%20%C5%81owca.png%7CPlik%3ANoktusy.png%7CPlik%3ANormal.png%7CPlik%3ANov.png%7CPlik%3ANoweS.png%7CPlik%3ANpc.png%7CPlik%3ANurt.png%7CPlik%3ANurthil.png%7CPlik%3AO%20Gildii.png%7CPlik%3AObdartusy.png%7CPlik%3AObietnica.png%7CPlik%3AObj%C4%99cia%20morany.png%7CPlik%3AOblicze%20sprawcy.png%7CPlik%3AObni%C5%BCony%20drop.png%7CPlik%3AObro%C5%BCa%20w%C5%82adcy.png%7CPlik%3AObr%C4%99cz%20Przeniesienia.png%7CPlik%3AObserwator.png%7CPlik%3AObserwatorS.png%7CPlik%3AObserwatorT.png%7CPlik%3AObserwator%20flaga.png%7CPlik%3AObsydianowy%20Ignifeks.png%7CPlik%3AOb%C5%82%C4%85kana%20harpia.png%7CPlik%3AOchrona.png%7CPlik%3AOdbieranie%20buff%C3%B3wPT.png%7CPlik%3AOdczarowanie.png%7CPlik%3AOddanie.png%7CPlik%3AOdkrywca.png%7CPlik%3AOdkrywca%20I.png%7CPlik%3AOdkrywca%20Loch%C3%B3wS.png%7CPlik%3AOdkrywca%20Loch%C3%B3wT.png%7CPlik%3AOdkrywca%20Zbroja.png%7CPlik%3AOdlamek.png
183a8e5b6ef2de19	200	application/json; charset=utf-8	https://www.wikibr.pl/api.php?action=query&prop=imageinfo&iiprop=url|size|mime&format=json&titles=Plik%3AOdw%C5%82ok%20kleszcza.png%7CPlik%3AOdyniec.png%7CPlik%3AOdzienie%20Kr%C3%B3lisza%C5%82a.png%7CPlik%3AOdzyskanie%20si%C5%82.png%7CPlik%3AOd%C5%82amek.png%7CPlik%3AOgar.png%7CPlik%3AOgar%20Utoru.png%7CPlik%3AOgara%20Utoru.png%7CPlik%3AOgnista%20sfera.png%7CPlik%3AOgnista%20strza%C5%82a.png%7CPlik%3AOgnisty%20m%C5%82ot.png%7CPlik%3AOgniwo.png%7CPlik%3AOgr%20Straszny.png%7CPlik%3AOgr%20Stra%C5%BCnik.png%7CPlik%3AOgr%20Wojownik.png%7CPlik%3AOgruch.png%7CPlik%3AOkaleczenie.png%7CPlik%3AOkno%20Aktywacji%20Buff%C3%B3w%20Unikalnych.png%7CPlik%3AOkno%20Awansowanie%20Orb%C3%B3w.png%7CPlik%3AOkno%20Inkrustowanie.png%7CPlik%3AOkno%20Morfowanie.png%7CPlik%3AOkno%20Naprawa.png%7CPlik%3AOkno%20Osadzanie%20Drif%C3%B3w.png%7CPlik%3AOkno%20Osadzanie%20Orb%C3%B3w.png%7CPlik%3AOkno%20Post%C4%99pu%20Tygodniowego.png%7CPlik%3AOkno%20Przekuwanie.png%7CPlik%3AOkno%20Przenoszenie%20Orb%C3%B3w.png%7CPlik%3AOkno%20Przetapianie.png%7CPlik%3AOkno%20Rozbijanie.png%7CPlik%3AOkno%20Rozw%C3%B3j%20Epika.png%7CPlik%3AOkno%20Ulepszanie.png%7CPlik%3AOkno%20Wyjmowanie%20Drif%C3%B3w.png%7CPlik%3AOkno%20Wyjmowanie%20Orb%C3%B3w.png%7CPlik%3AOkno%20Wyzwania%20Dzienne.png%7CPlik%3AOkno%20Wyzwania%20Tygodniowe%20I.png%7CPlik%3AOkno%20Wyzwania%20Tygodniowe%20II.png%7CPlik%3AOkno%20Wzmocnie%C5%84.png%7CPlik%3AOkno%20nasycania%20wzmocnienia.png%7CPlik%3AOkno%20%C5%81adowanie.png%7CPlik%3AOkno%20%C5%81%C4%85czenie%20Drif%C3%B3w.png%7CPlik%3AOkno%20%C5%81%C4%85czenie%20Orb%C3%B3w.png%7CPlik%3AOkno%20%C5%81%C4%85czenie%20Synergetyk%C3%B3w.png%7CPlik%3AOko.png%7CPlik%3AOko%20Bog%C3%B3wS.png%7CPlik%3AOko%20bog%C3%B3wT.png%7CPlik%3AOkowy.png%7CPlik%3AOkowy%20SnuS.png%7CPlik%3AOkowy%20snuT.png%7CPlik%3AOkruch%20Gwiazdy.png%7CPlik%3AOkrycie%20Minionych%20%C5%9Awi%C4%85t.png
b6e69602472334af	200	application/json; charset=utf-8	https://www.wikibr.pl/api.php?action=query&prop=imageinfo&iiprop=url|size|mime&format=json&titles=Plik%3AOkrycie%20wieczno%C5%9Bci.png%7CPlik%3AOkrzyk%20bojowy.png%7CPlik%3AOkr%C4%99t%20KomandoraS.png%7CPlik%3AOkucie.png%7CPlik%3AOk%C5%82adka.png%7CPlik%3AOlbrzym%20Utoru.png%7CPlik%3AOlbrzymia%20Flasza.gif%7CPlik%3AOlbrzymia%20Flasza%20Kondycji.png%7CPlik%3AOlbrzymia%20Flasza%20Many.png%7CPlik%3AOlbrzymia%20Flasza%20Mocy.png%7CPlik%3AOlbrzymia%20Flasza%20Niszczenia.png%7CPlik%3AOlbrzymia%20Flasza%20Si%C5%82y.png%7CPlik%3AOlbrzymia%20Flasza%20Wiedzy.png%7CPlik%3AOlbrzymia%20Flasza%20Zr%C4%99czno%C5%9Bci.png%7CPlik%3AOlbrzymia%20Flasza%20%C5%BBycia.png%7CPlik%3AOlbrzymie%20flasze%20ulepsze%C5%84.png%7CPlik%3AOlm.png%7CPlik%3AOmdlenie.png%7CPlik%3AOmen.png%7CPlik%3AOpami%C4%99tanie.png%7CPlik%3AOpoka%20bog%C3%B3w.png%7CPlik%3AOprych.png%7CPlik%3AOrb%20mini.png%7CPlik%3AOrby.png%7CPlik%3AOrbyS.png%7CPlik%3AOrbyT.png%7CPlik%3AOrby%20mainpage.png%7CPlik%3AOrby%20podkafelek.png%7CPlik%3AOrcza%20zbroja.png%7CPlik%3AOrcze%20Zio%C5%82o.png%7CPlik%3AOrendis.png%7CPlik%3AOrion.png%7CPlik%3AOrk%20mob.png%7CPlik%3AOrk%20szaman.png%7CPlik%3AOrtasis.png%7CPlik%3AOrthal.png%7CPlik%3AOsadzanieOrb%C3%B3wPT.png%7CPlik%3AOsadzaniePT.png%7CPlik%3AOstatni%20Oddech%20Po%C5%82udnia.png%7CPlik%3AOstatni%20RozkazS.png%7CPlik%3AOstatni%20RozkazT.png%7CPlik%3AOstoja%20Mroku.png%7CPlik%3AOstolbin.png%7CPlik%3AOstrza%20Lwiej%20Duszy.png%7CPlik%3AOstrze%20Mroku.png%7CPlik%3AOstrze%20R%C3%B3wnowagiS.png%7CPlik%3AOstrze%20Upad%C5%82ych.png%7CPlik%3AOstrze%20haugura.png%7CPlik%3AOstrze%20r%C3%B3wnowagiT.png%7CPlik%3AOszlifowany%20Halit.png
c4d401cd7c90693d	200	application/json; charset=utf-8	https://www.wikibr.pl/api.php?action=query&prop=imageinfo&iiprop=url|size|mime&format=json&titles=Plik%3AOszlifowany%20Limetyt.png%7CPlik%3AOszust.png%7CPlik%3AOs%C5%82abiony%20Konstrukt%20flaga.png%7CPlik%3AOs%C5%82ona%20Wieczno%C5%9Bci.png%7CPlik%3AOtchla%C5%84PT.png%7CPlik%3AOtwieracz.png%7CPlik%3AOt%C4%99pienie.png%7CPlik%3AOwadzia%20Mapa.png%7CPlik%3AOwoc%20z%C5%82otog%C5%82owiu.png%7CPlik%3AOznaczenia%20flaga.png%7CPlik%3APODZAMCZE%20MINI.png%7CPlik%3APORT%20mini.png%7CPlik%3APRZECIWNICYT.png%7CPlik%3APacynkarz.png%7CPlik%3APad%C5%82o%20Stonki.png%7CPlik%3APaj%C4%85k%20le%C5%9Bny.png%7CPlik%3APaj%C4%85k%20szary.png%7CPlik%3APaj%C4%99cze%20jaja.png%7CPlik%3APaj%C4%99cze%20spoiwo.png%7CPlik%3APaj%C4%99cze%20w%C5%82%C3%B3kno.png%7CPlik%3APalinka.png%7CPlik%3APaliwo%20do%20Inferny.png%7CPlik%3APalnik.png%7CPlik%3APami%C4%99%C4%87%20morany.png%7CPlik%3APancerzMilczacegoS.png%7CPlik%3APancerz%20Ametystowej%20Nocy.png%7CPlik%3APancerz%20Bia%C5%82ej%20Gwardii.png%7CPlik%3APancerz%20Burgundowej%20Nocy.png%7CPlik%3APancerz%20Czarnej%20Gwardii.png%7CPlik%3APancerz%20Dziesi%C4%99ciolecia.png%7CPlik%3APancerz%20Imperialnego%20Agenta.png%7CPlik%3APancerz%20Karnawa%C5%82u%20w%20Larkasie.png%7CPlik%3APancerz%20Lazurowej%20Nocy.png%7CPlik%3APancerz%20Maga%20Utoru.png%7CPlik%3APancerz%20MilczacegoT.png%7CPlik%3APancerz%20Nie%C5%9Bmiertelno%C5%9BciS.png%7CPlik%3APancerz%20Odkrywcy%20Loch%C3%B3w.png%7CPlik%3APancerz%20Pogromcy%20Demon%C3%B3w.png%7CPlik%3APancerz%20Reprezentanta.png%7CPlik%3APancerz%20Szmaragdowej%20Gwardii.png%7CPlik%3APancerz%20Szmaragdowej%20Nocy.png%7CPlik%3APancerz%20Taernijskiego%20%C5%BBo%C5%82nierza.png%7CPlik%3APancerz%20Tropiciela%20Demon%C3%B3w.png%7CPlik%3APancerz%20Tropiciela%20Lo%C5%BCy.png%7CPlik%3APancerz%20Utora.png%7CPlik%3APancerz%20Vorling%C3%B3wS.png%7CPlik%3APancerz%20komandorski.png%7CPlik%3APancerz%20nie%C5%9Bmiertelno%C5%9BciT.png%7CPlik%3APancerz%20odkrywcy.png%7CPlik%3APancerz%20vorling%C3%B3wT.png
908b0e12ee509935	200	application/json; charset=utf-8	https://www.wikibr.pl/api.php?action=query&prop=imageinfo&iiprop=url|size|mime&format=json&titles=Plik%3APancerz%20%C5%BBywio%C5%82%C3%B3wS.png%7CPlik%3APancerz%20%C5%BCywio%C5%82%C3%B3wT.png%7CPlik%3APandemiczna%20Laska%20Doktora%20Plagi.png%7CPlik%3APandemiczna%20Maska%20Doktora%20Plagi.png%7CPlik%3APandemiczna%20Peleryna%20Doktora%20Plagi.png%7CPlik%3APandemiczna%20Szata%20Doktora%20Plagi.png%7CPlik%3APandemiczne%20Buty%20Doktora%20Plagi.png%7CPlik%3APandemiczne%20Spodnie%20Doktora%20Plagi.png%7CPlik%3APandemiczny%20Doktor%20PlagiS.png%7CPlik%3APandemiczny%20Doktor%20PlagiT.png%7CPlik%3APantera.png%7CPlik%3APapug.png%7CPlik%3AParobek%20Landaua.png%7CPlik%3AParobek%20Landaua1.png%7CPlik%3APas%20Janaki.png%7CPlik%3APas%20killarasuna.png%7CPlik%3APas%20luty.png%7CPlik%3APas%20ofiarowania.png%7CPlik%3APas%20ognia.png%7CPlik%3APas%20powodzi.png%7CPlik%3APas%20r%C3%B3wnowagi.png%7CPlik%3APas%20trucizny.png%7CPlik%3APasek%20instancji%20poziomy%20trudnosci.png%7CPlik%3APasek%20z%20flaga%20Atak%20Miotany.png%7CPlik%3APasek%20z%20flaga%20Aura%20czysto%C5%9Bci.png%7CPlik%3APasek%20z%20flaga%20BLACK%20friday.png%7CPlik%3APasek%20z%20flaga%20Cios%20pi%C4%99%C5%9Bci%C4%85.png%7CPlik%3APasek%20z%20flaga%20Cios%20tarcz%C4%85.png%7CPlik%3APasek%20z%20flaga%20Cios%20w%20watrobe.png%7CPlik%3APasek%20z%20flaga%20Dotkliwe%20uderzenie.png%7CPlik%3APasek%20z%20flaga%20Front%20kick.png%7CPlik%3APasek%20z%20flaga%20Haduoken.png%7CPlik%3APasek%20z%20flaga%20KARNAWA%C5%81.png%7CPlik%3APasek%20z%20flaga%20KR%C3%93TKIE%20spi%C4%99cie.png%7CPlik%3APasek%20z%20flaga%20Lataj%C4%85ce%20kolano.png%7CPlik%3APasek%20z%20flaga%20OGNISTA%20sfera.png%7CPlik%3APasek%20z%20flaga%20Ochrona.png%7CPlik%3APasek%20z%20flaga%20Okrzyk%20bojowy.png%7CPlik%3APasek%20z%20flaga%20Podpalenie.png%7CPlik%3APasek%20z%20flaga%20Po%C5%9Bwi%C4%99cenie.png%7CPlik%3APasek%20z%20flaga%20Rzut%20kamieniem.png%7CPlik%3APasek%20z%20flaga%20Si%C5%82a%20jedno%C5%9Bci.png%7CPlik%3APasek%20z%20flaga%20Strza%C5%82.png%7CPlik%3APasek%20z%20flaga%20Ucieczka.png%7CPlik%3APasek%20z%20flaga%20Uderzenie%20Chi.png%7CPlik%3APasek%20z%20flaga%20Uniki.png%7CPlik%3APasek%20z%20flaga%20WZMOCNIENIE.png%7CPlik%3APasek%20z%20flaga%20Wyrwanie%20z%20korzeni.png%7CPlik%3APasek%20z%20flaga%20Zwyk%C5%82y%20atak.png%7CPlik%3APasek%20z%20flaga%20amok.png
ca4d02cc29bfe1f0	200	application/json; charset=utf-8	https://www.wikibr.pl/api.php?action=query&prop=imageinfo&iiprop=url|size|mime&format=json&titles=Plik%3APasek%20z%20flaga%20aura%20cienia.png%7CPlik%3APasek%20z%20flaga%20aura%20rozproszenia.png%7CPlik%3APasek%20z%20flaga%20deszcz%20ognia.png%7CPlik%3APasek%20z%20flaga%20dy%C5%84ka.png%7CPlik%3APasek%20z%20flaga%20dziady.png%7CPlik%3APasek%20z%20flaga%20fala%20gniewu.png%7CPlik%3APasek%20z%20flaga%20furia.png%7CPlik%3APasek%20z%20flaga%20grad%20strza%C5%82.png%7CPlik%3APasek%20z%20flaga%20grubosk%C3%B3rno%C5%9B%C4%87.png%7CPlik%3APasek%20z%20flaga%20inkantacja.png%7CPlik%3APasek%20z%20flaga%20instynkt%20przetrwania.png%7CPlik%3APasek%20z%20flaga%20kontrola%20oddechu.png%7CPlik%3APasek%20z%20flaga%20korzenie.png%7CPlik%3APasek%20z%20flaga%20krytyczne%20uderzenie.png%7CPlik%3APasek%20z%20flaga%20kula%20ognia.png%7CPlik%3APasek%20z%20flaga%20leczenie.png%7CPlik%3APasek%20z%20flaga%20leczenie%20grupowe.png%7CPlik%3APasek%20z%20flaga%20lewy%20prawy.png%7CPlik%3APasek%20z%20flaga%20lodowa%20strzala.png%7CPlik%3APasek%20z%20flaga%20magiczna%20iskra.png%7CPlik%3APasek%20z%20flaga%20meteoryt.png%7CPlik%3APasek%20z%20flaga%20mierzony%20cios.png%7CPlik%3APasek%20z%20flaga%20naturalna%20Blok%20tarcz%C4%85.png%7CPlik%3APasek%20z%20flaga%20naturalna%20odporno%C5%9B%C4%87.png%7CPlik%3APasek%20z%20flaga%20odczarowanie.png%7CPlik%3APasek%20z%20flaga%20odzyskanie%20si%C5%82.png%7CPlik%3APasek%20z%20flaga%20ognista%20strza%C5%82a.png%7CPlik%3APasek%20z%20flaga%20ot%C4%99pienie.png%7CPlik%3APasek%20z%20flaga%20piach%20w%20oczy.png%7CPlik%3APasek%20z%20flaga%20pot%C4%99%C5%BCne%20uderzenie.png%7CPlik%3APasek%20z%20flaga%20precyzyjny%20strza%C5%82.png%7CPlik%3APasek%20z%20flaga%20rozprucie.png%7CPlik%3APasek%20z%20flaga%20rzut%20z%20biodra.png%7CPlik%3APasek%20z%20flaga%20r%C3%B3j%20os.png%7CPlik%3APasek%20z%20flaga%20szpila%20w%20oko.png%7CPlik%3APasek%20z%20flaga%20taran.png%7CPlik%3APasek%20z%20flaga%20tarcza%20cienia.png%7CPlik%3APasek%20z%20flaga%20uderzenie.png%7CPlik%3APasek%20z%20flaga%20uderzenie%20cienia.png%7CPlik%3APasek%20z%20flaga%20ukazanie%20%C5%9Bmierci.png%7CPlik%3APasek%20z%20flaga%20uk%C5%82ucie%20lalki.png%7CPlik%3APasek%20z%20flaga%20wiruj%C4%85ce%20ostrze.png%7CPlik%3APasek%20z%20flaga%20wra%C5%BCliwo%C5%9B%C4%87%20na%20ogie%C5%84.png%7CPlik%3APasek%20z%20flaga%20wyostrzone%20zmys%C5%82y.png%7CPlik%3APasek%20z%20flaga%20wyssanie%20duszy.png%7CPlik%3APasek%20z%20flaga%20wy%C5%82adowanie%20hniewu.png%7CPlik%3APasek%20z%20flaga%20w%C5%9Bciek%C5%82y%20refleks.png%7CPlik%3APasek%20z%20flaga%20zatrucie.png%7CPlik%3APasek%20z%20flaga%20zatruta%20strza%C5%82a.png%7CPlik%3APasek%20z%20flaga%20%C5%BAr%C3%B3d%C5%82o%20natury.png
aeaf7336e52f1bde	200	application/json; charset=utf-8	https://www.wikibr.pl/api.php?action=query&prop=imageinfo&iiprop=url|size|mime&format=json&titles=Plik%3APazur%20S%C5%82o%C5%84ca.png%7CPlik%3APazury.png%7CPlik%3APazury%20grizzly.png%7CPlik%3APeleryna%20Bia%C5%82ej%20Gwardii.png%7CPlik%3APeleryna%20Chwa%C5%82y%202025.png%7CPlik%3APeleryna%20Czarnej%20Gwardii.png%7CPlik%3APeleryna%20Doktora%20Plagi.png%7CPlik%3APeleryna%20Imperialnego%20Agenta.png%7CPlik%3APeleryna%20Karnawa%C5%82u%20w%20Larkasie.png%7CPlik%3APeleryna%20Maga%20Utoru.png%7CPlik%3APeleryna%20Odkrywcy%20Loch%C3%B3w.png%7CPlik%3APeleryna%20Pogromcy%20Demon%C3%B3w.png%7CPlik%3APeleryna%20Reprezentanta.png%7CPlik%3APeleryna%20Szmaragdowej%20Gwardii.png%7CPlik%3APeleryna%20Taernijskiego%20%C5%BBo%C5%82nierza.png%7CPlik%3APeleryna%20Tropiciela%20Demon%C3%B3w.png%7CPlik%3APeleryna%20Utora.png%7CPlik%3APer%C5%82a.png%7CPlik%3APe%C5%82ny%20drop.png%7CPlik%3APiach%20w%20oczy.png%7CPlik%3APier%C5%9Bcie%C5%84%20Razaga.png%7CPlik%3APies.png%7CPlik%3APietro%20II.png%7CPlik%3APietro%20lesgar.png%7CPlik%3APijak.png%7CPlik%3APinari.png%7CPlik%3APiroklast.png%7CPlik%3APiromorf.png%7CPlik%3APiszczel%20szkieleta.png%7CPlik%3APi%C3%B3ro%20harpii.png%7CPlik%3APi%C3%B3ro%20kruka.png%7CPlik%3APi%C3%B3ro%20mewy.png%7CPlik%3APi%C3%B3ro%20z%20jastrz%C4%85bka.png%7CPlik%3APi%C4%99tno.png%7CPlik%3APi%C4%99tno%20Wieczno%C5%9Bci.png%7CPlik%3APi%C4%99%C5%9Bci%20Biesa.png%7CPlik%3APi%C4%99%C5%9B%C4%87%20Zoranto.png%7CPlik%3APlany%20bandyt%C3%B3w.png%7CPlik%3APlany%20wrogiej%20frakcji.png%7CPlik%3APlatyna.png%7CPlik%3APlazma.png%7CPlik%3APlox.png%7CPlik%3APlugawa%20Laska%20Doktora%20Plagi.png%7CPlik%3APlugawa%20Peleryna%20Doktora%20Plagi.png%7CPlik%3APlugawa%20Szata%20Doktora%20Plagi.png%7CPlik%3APlugawe%20Buty%20Doktora%20Plagi.png%7CPlik%3APlugawe%20Spodnie%20Doktora%20Plagi.png%7CPlik%3APlugawna%20Maska%20Doktora%20Plagi.png%7CPlik%3APlugawy%20Doktor%20PlagiS.png%7CPlik%3APlugawy%20Doktor%20PlagiT.png
54d615ea37102bd5	200	application/json; charset=utf-8	https://www.wikibr.pl/api.php?action=query&prop=imageinfo&iiprop=url|size|mime&format=json&titles=Plik%3APlujka.png%7CPlik%3APniaki.png%7CPlik%3APoborca.png%7CPlik%3APoca%C5%82unek%20Miliona%20GwiazdS.png%7CPlik%3APoca%C5%82unek%20miliona%20gwiazdT.png%7CPlik%3APochodnia.png%7CPlik%3APodZ%C5%82otym%C5%9AwiniakiemMap.png%7CPlik%3APodgl%C4%85d%20dru%C5%BCyny.png%7CPlik%3APodkafelki%20Ekwipunek%20Legendy.png%7CPlik%3APodkafelki%20zlecenia.png%7CPlik%3APodpalenie.png%7CPlik%3APodr%C3%B3%C5%BCnik.png%7CPlik%3APodstawoweS.png%7CPlik%3APodstawoweT.png%7CPlik%3APodzamcze.png%7CPlik%3APogrmonca%20Demon%C3%B3wT.png%7CPlik%3APogromca%20Demon%C3%B3wS.png%7CPlik%3APojedyncze%20przedmioty%20premiumS.png%7CPlik%3APoj%C4%99dy%C5%84cze%20przedmioty%20premiumT.png%7CPlik%3APokusy.png%7CPlik%3APolowanie%20Na%20CzarodziejaS.png%7CPlik%3APolowanie%20Na%20CzarodziejaT.png%7CPlik%3APomiot.png%7CPlik%3APom%C3%B3r.png%7CPlik%3APopiel.png%7CPlik%3APopielica.png%7CPlik%3APosesja%20Landaua%20mini.png%7CPlik%3APostrach%20Wampir%C3%B3w.png%7CPlik%3APost%C4%99p%20tygodniowyPT.png%7CPlik%3APot%C4%99%C5%BCne%20uderzenie.png%7CPlik%3APowab.png%7CPlik%3APower.png%7CPlik%3APowerSG.png%7CPlik%3APower%20Bonus%C3%B3wT.png%7CPlik%3APower%20Odporno%C5%9BciT.png%7CPlik%3APower%20Orb%C3%B3wT.png%7CPlik%3APower%20PoziomuT.png%7CPlik%3APower%20StatystykT.png%7CPlik%3APower%20icon.png%7CPlik%3APowr%C3%B3t%20ivravula.png%7CPlik%3APoziomy%20trudno%C5%9BciT.png%7CPlik%3APoziomy%20trudno%C5%9Bci%20title.png%7CPlik%3APozostali%20PrzeciwnicyS.png%7CPlik%3APozostali%20PrzeciwnicyT%20Drop%20Synergetyk%C3%B3w.png%7CPlik%3APozosta%C5%82e.png%7CPlik%3APozosta%C5%82eS.png%7CPlik%3APozosta%C5%82eT.png%7CPlik%3APozosta%C5%82e%20Budynki.png%7CPlik%3APozosta%C5%82e%20Ikona.png%7CPlik%3APo%C5%9Bwi%C4%99cenie.png
351e71a0c273329a	200	application/json; charset=utf-8	https://www.wikibr.pl/api.php?action=query&prop=imageinfo&iiprop=url|size|mime&format=json&titles=Plik%3APraetor.png%7CPlik%3APraetoris.png%7CPlik%3APrastara%20Energia.png%7CPlik%3APrawo%C5%9Blaz.png%7CPlik%3APrecyzyjny%20strza%C5%82.png%7CPlik%3APressory.png%7CPlik%3APresti%C5%BC%20i%20si%C5%82a.png%7CPlik%3APromuris.png%7CPlik%3APrzebieg%20instancji.png%7CPlik%3APrzebi%C5%9Bniegi.png%7CPlik%3APrzebranie%20Ludob%C3%B3jcyS.png%7CPlik%3APrzebranie%20ludob%C3%B3jcyT.png%7CPlik%3APrzeciwnicy.png%7CPlik%3APrzeciwnicy%20SG.png%7CPlik%3APrzedmioty%20SG.png%7CPlik%3APrzedmioty%20title.png%7CPlik%3APrzekl%C4%99ty%20Kusznik.png%7CPlik%3APrzekl%C4%99ty%20LasS.png%7CPlik%3APrzekl%C4%99ty%20Lord.png%7CPlik%3APrzekl%C4%99ty%20Rycerz.png%7CPlik%3APrzekl%C4%99ty%20Stra%C5%BCnik.png%7CPlik%3APrzekl%C4%99ty%20szpon.png%7CPlik%3APrzekory%20I.png%7CPlik%3APrzekory%20II.png%7CPlik%3APrzekuwaniePT.png%7CPlik%3APrzemieniony%20gwardzista.png%7CPlik%3APrzemieniony%20mag.png%7CPlik%3APrzenoszenie%20Orb%C3%B3wPT.png%7CPlik%3APrzepis%20na%20Er%C4%99.png%7CPlik%3APrzepis%20na%20Hohgrata.png%7CPlik%3APrzepis%20na%20Sola.png%7CPlik%3APrzepis%20na%20Tona.png%7CPlik%3APrzetapianiePT.png%7CPlik%3APrzetapianieS.png%7CPlik%3APrzetapianieT.png%7CPlik%3APrzetwarzanieS.png%7CPlik%3APrzetwarzanieT.png%7CPlik%3APrzybysz.png%7CPlik%3APrzyn%C4%99ta%20na%20Jastrz%C4%99biora.png%7CPlik%3APrzyn%C4%99ta%20na%20Wendigo.png%7CPlik%3APrzyprawa.png%7CPlik%3APrzysi%C3%B3%C5%82ek%20Trentis%20mini.png%7CPlik%3APrzysi%C4%99ga%20draugula.png%7CPlik%3APsaek%20main%20black%20friday.png%7CPlik%3APsaek%20main%20dziady.png%7CPlik%3APsaek%20main%20gildia%20presti%C5%BC.png%7CPlik%3APsaek%20main%20gildia%20siedziba.png%7CPlik%3APsaek%20main%20gildia%20skarbiec.png%7CPlik%3APsaek%20main%20gildia%20zak%C5%82adanie.png%7CPlik%3APsaek%20main%20gildia%20zarz%C4%85dzanie.png
6c7496a3bd1e8f43	200	application/json; charset=utf-8	https://www.wikibr.pl/api.php?action=query&prop=imageinfo&iiprop=url|size|mime&format=json&titles=Plik%3APsaek%20main%20karnawa%C5%82.png%7CPlik%3APsaek%20main%20pozosta%C5%82e%20budynki.png%7CPlik%3APsina.png%7CPlik%3APsiok.png%7CPlik%3APsychopata.png%7CPlik%3APunkty%20PvP.png%7CPlik%3APustkowie%20Hvara%20mini.png%7CPlik%3APysk.png%7CPlik%3APytajnik.png%7CPlik%3APy%C5%82%20uruk%C3%B3w.png%7CPlik%3APy%C5%82%20z%20le%C5%9Bnego%20duszka.png%7CPlik%3AP%C5%82askowy%C5%BC%20Dmorther%20mini.png%7CPlik%3AP%C5%82aszcz%20Kr%C3%B3lisza%C5%82a.png%7CPlik%3AP%C5%82aszcz%20Milcz%C4%85cego.png%7CPlik%3AP%C5%82aszcz%20vorling%C3%B3w.png%7CPlik%3AP%C5%82etwa%20grzbietowa.png%7CPlik%3AP%C5%82omieniec.png%7CPlik%3AP%C5%82omiennica%20zimowa.png%7CPlik%3AP%C5%82omie%C5%84%20Pot%C4%99pienia.png%7CPlik%3AP%C5%82omie%C5%84%20uruk%C3%B3w.png%7CPlik%3AP%C5%82on%C4%85ca%20woda.png%7CPlik%3AP%C5%82on%C4%85cy%20bimber.png%7CPlik%3AP%C5%82yn%20P%C4%99du.png%7CPlik%3AQ%20icon%20map.png%7CPlik%3ARadius%20electricum.png%7CPlik%3ARagak%20maruder.png%7CPlik%3ARaglit.png%7CPlik%3ARaki%20wspinaczkowe.png%7CPlik%3ARamdao.png%7CPlik%3ARamkaAktualno%C5%9Bci.png%7CPlik%3ARamkaBR.png%7CPlik%3ARamkaBRBETA.png%7CPlik%3ARamkaTurnieje.png%7CPlik%3ARatusz.png%7CPlik%3ARatuszMap.png%7CPlik%3ARdze%C5%84.png%7CPlik%3AReceptura%20Adelweiga.png%7CPlik%3AReforma%20systemu%20PvP.png%7CPlik%3ARemigesy.png%7CPlik%3AReol.png%7CPlik%3AReprezentantS.png%7CPlik%3AReprezentantT.png%7CPlik%3AReset.png%7CPlik%3AReset%20czas%C3%B3w%20odnowienia.png%7CPlik%3AReset%20zada%C5%84%20codziennych.png%7CPlik%3ARespawn%20SG.png%7CPlik%3AResztki%20Haligardczyka.png%7CPlik%3AResztki%20ReffaS.png%7CPlik%3AResztki%20magii.png%7CPlik%3AResztki%20reffaT.png
56952412f89752fc	200	application/json; charset=utf-8	https://www.wikibr.pl/api.php?action=query&prop=imageinfo&iiprop=url|size|mime&format=json&titles=Plik%3ARezystor.png%7CPlik%3ARizurul.png%7CPlik%3ARogata%20zguba.png%7CPlik%3ARogaty.png%7CPlik%3ARogi%20Wojownika.png%7CPlik%3ARokosz.png%7CPlik%3ARolrak.png%7CPlik%3ARomeo.png%7CPlik%3ARopucha.png%7CPlik%3ARopuchaH.png%7CPlik%3ARopuchaM.png%7CPlik%3ARopuchaT.png%7CPlik%3ARopucha%20flaga.png%7CPlik%3ARotella.png%7CPlik%3ARozbijaniePT.png%7CPlik%3ARozbite%20jajo%20jastrz%C4%85bka.png%7CPlik%3ARozbitek.png%7CPlik%3ARozdro%C5%BCe%20mini.png%7CPlik%3ARozdzielacz%20%C5%9Awiat%C3%B3w.png%7CPlik%3ARozprucie.png%7CPlik%3ARozstaje%20mini.png%7CPlik%3ARozw%C3%B3jT.png%7CPlik%3ARuda%20ma%C5%82pa.png%7CPlik%3ARuda%20%C5%BBelaza.png%7CPlik%3ARybostw%C3%B3r.png%7CPlik%3ARybostw%C3%B3r%20Wojownik.png%7CPlik%3ARycerz.png%7CPlik%3ARycerz%20icon.png%7CPlik%3ARycerz%20title.png%7CPlik%3ARyk%20P%C3%B3%C5%82nocyS.png%7CPlik%3ARyk%20p%C3%B3%C5%82nocy.png%7CPlik%3ARyk%20p%C3%B3%C5%82nocyT.png%7CPlik%3ARzezimieszek.png%7CPlik%3ARze%C5%BAnik%20Dusz.png%7CPlik%3ARzut%20kamieniem.png%7CPlik%3ARzut%20z%20biodra.png%7CPlik%3AR%C3%B3j%20os.png%7CPlik%3AR%C4%99ka%20Haligardczyka.png%7CPlik%3AR%C4%99kawice%20Janaki.png%7CPlik%3AR%C4%99kawice%20Sanji.png%7CPlik%3AR%C4%99kawice%20czynu.png%7CPlik%3AR%C4%99kawice%20haugura.png%7CPlik%3AR%C4%99kawice%20killarasuna.png%7CPlik%3AR%C4%99kawice%20oddalenia.png%7CPlik%3AR%C4%99kawice%20p%C3%B3%C5%82nocy.png%7CPlik%3AR%C4%99kawice%20suszy.png%7CPlik%3AR%C4%99kawice%20toksyczne.png%7CPlik%3AR%C4%99kawice%20wulkan%C3%B3w.png%7CPlik%3ASabeltig.png%7CPlik%3ASacrigar.png
fa41597ba70b13b2	200	application/json; charset=utf-8	https://www.wikibr.pl/api.php?action=query&prop=imageinfo&iiprop=url|size|mime&format=json&titles=Plik%3ASaey%20sheed.png%7CPlik%3ASala%20Konstrukta%20v1S.png%7CPlik%3ASala%20Konstrukt%C3%B3w%20map%20mobs.png%7CPlik%3ASala%20Sterowania%20map.png%7CPlik%3ASala%20czujek%20map%20mobs.png%7CPlik%3ASallam.png%7CPlik%3ASalmurn.png%7CPlik%3ASamadany.png%7CPlik%3ASamadany%201.png%7CPlik%3ASamadany%202.png%7CPlik%3ASamadany%203.png%7CPlik%3ASamadany%204.png%7CPlik%3ASami%20SwoiS.png%7CPlik%3ASami%20SwoiT.png%7CPlik%3ASana.png%7CPlik%3ASanguerisy.png%7CPlik%3ASarcophahus.png%7CPlik%3ASarmacka%20Krew.png%7CPlik%3ASchadzki.png%7CPlik%3AScornaxy.png%7CPlik%3AScout%27s%20Cloak.png%7CPlik%3AScyzor.png%7CPlik%3ASegnisek.png%7CPlik%3ASelena.png%7CPlik%3ASelenaM.png%7CPlik%3ASelenaT.png%7CPlik%3ASelena%20flaga.png%7CPlik%3ASelena%20wyzwanie.png%7CPlik%3ASentrion.png%7CPlik%3ASerce%20brytana.png%7CPlik%3ASerce%20nied%C5%BAwiedzia.png%7CPlik%3ASerce%20parobka.png%7CPlik%3ASerce%20seleny.png%7CPlik%3ASerce%20upad%C5%82ego%20rycerza.png%7CPlik%3ASerce%20%C5%BBycia.png%7CPlik%3ASety1.png%7CPlik%3ASety2.png%7CPlik%3ASezon%20PvP.png%7CPlik%3AShazza%20magik.png%7CPlik%3ASheed.webp%7CPlik%3ASheed%20icon.png%7CPlik%3ASheed%20title.png%7CPlik%3ASidraga.png%7CPlik%3ASidragaM.png%7CPlik%3ASidragaT.png%7CPlik%3ASidraga%20flaga.png%7CPlik%3ASidun.png%7CPlik%3ASiedziba%20Herszta.png%7CPlik%3ASiedziba%20Herszta%20Title.png%7CPlik%3ASiedziba%20Pozosta%C5%82ych%20mini.png
86236bbb23980c6f	200	application/json; charset=utf-8	https://www.wikibr.pl/api.php?action=query&prop=imageinfo&iiprop=url|size|mime&format=json&titles=Plik%3ASiekierka.png%7CPlik%3ASigil.png%7CPlik%3ASildus.png%7CPlik%3ASildus%201.png%7CPlik%3ASildus%202.png%7CPlik%3ASildus%203.png%7CPlik%3ASildus%204.png%7CPlik%3ASiusiako%C5%82ap.png%7CPlik%3ASi%C5%82a%20jedno%C5%9Bci.png%7CPlik%3ASkale%C5%84.png%7CPlik%3ASkalny%20Golem.png%7CPlik%3ASkarbiec.png%7CPlik%3ASkarbiec%20map%20mobs.png%7CPlik%3ASka%C5%BCony%20Komar.png%7CPlik%3ASkiilfy.png%7CPlik%3ASkill%20icon.png%7CPlik%3ASkin.png%7CPlik%3ASkin%20Nietoperz%20rdzawy.png%7CPlik%3ASkin%20free.png%7CPlik%3ASklep%20premium.png%7CPlik%3ASklep%20pvp.png%7CPlik%3ASkogan.png%7CPlik%3ASkoki%20Zaj%C4%99czyciela.png%7CPlik%3ASkoria.png%7CPlik%3ASkorpion.png%7CPlik%3ASkowyt%20mortusa.png%7CPlik%3ASkry.png%7CPlik%3ASkry%20utoru.png%7CPlik%3ASkrypt%20Uwagi.png%7CPlik%3ASkryto%C5%9B%C4%87%20I.png%7CPlik%3ASkryto%C5%9B%C4%87%20II.png%7CPlik%3ASkrzyd%C5%82a%20husarskie.png%7CPlik%3ASkrzynia%20akcesori%C3%B3w.png%7CPlik%3ASkrzynia%20do%C5%9Bwiadczenia.png%7CPlik%3ASkrzynia%20flasz%20ulepsze%C5%84.png%7CPlik%3ASkrzynia%20surowc%C3%B3w.png%7CPlik%3ASkrzynia%20wej%C5%9Bci%C3%B3wek.png%7CPlik%3ASk%C3%B3ra%20burkana.png%7CPlik%3ASk%C3%B3ra%20dzika.png%7CPlik%3ASk%C3%B3ra%20olbrzyma.png%7CPlik%3ASk%C3%B3ra%20paj%C4%85ka.png%7CPlik%3ASk%C3%B3ra%20z%20wilka%20czarnego.png%7CPlik%3ASk%C3%B3ra%20z%20wilka%20szarego.png%7CPlik%3ASk%C5%82adki.png%7CPlik%3ASlot%20orb.png%7CPlik%3ASlotnaDrifa.png%7CPlik%3ASmierc-zwierzaka-menu.png%7CPlik%3ASmierc-zwierzaka.png%7CPlik%3ASmocza%20Dusza.png%7CPlik%3ASmocze%20AmbicjeS.png
b2de487f89bff3b3	200	application/json; charset=utf-8	https://www.wikibr.pl/api.php?action=query&prop=imageinfo&iiprop=url|size|mime&format=json&titles=Plik%3ASmocze%20AmbicjeT.png%7CPlik%3ASmocze%20K%C5%82y.png%7CPlik%3ASmocze%20Oko.png%7CPlik%3ASmocze%20Serce.png%7CPlik%3ASmocze%20skrzyd%C5%82o.png%7CPlik%3ASmoczy%20Kap%C5%82an.png%7CPlik%3ASmoczy%20Oddech.png%7CPlik%3ASmoczy%20Pazur.png%7CPlik%3ASmoczy%20Szpon.png%7CPlik%3ASmoczy%20Szponn.png%7CPlik%3ASmoczy%20gnat.png%7CPlik%3ASmoczy%20szpon.png%7CPlik%3ASmoczy%20s%C5%82uga.png%7CPlik%3ASmok%C3%B3wS.png%7CPlik%3ASmok%C3%B3wT.png%7CPlik%3ASmuga.png%7CPlik%3ASmuga%20Cienia.png%7CPlik%3ASol.png%7CPlik%3ASolnai.png%7CPlik%3ASpecjalni%20PrzeciwnicyS.png%7CPlik%3ASpecjalni%20PrzeciwnicyT%20Respawn.png%7CPlik%3ASphaera.png%7CPlik%3ASpis%20Drif%C3%B3w.png%7CPlik%3ASpis%20Legend.png%7CPlik%3ASpis%20Orb%C3%B3w.png%7CPlik%3ASpis%20QuestowychT.png%7CPlik%3ASpis%20Rary%20Pet%C3%B3wT.png%7CPlik%3ASpis%20Respawnu.png%7CPlik%3ASpis%20Skin%C3%B3wT.png%7CPlik%3ASpis%20Synergetyk%C3%B3wT.png%7CPlik%3ASpis%20bossowT.png%7CPlik%3ASpis%20czempionowT.png%7CPlik%3ASpis%20przedmiot%C3%B3w.png%7CPlik%3ASpis%20set%C3%B3wT.png%7CPlik%3ASpis%20umiej%C4%99tno%C5%9Bci.png%7CPlik%3ASpodnie%20Ametystowej%20Nocy.png%7CPlik%3ASpodnie%20Bia%C5%82ej%20Gwardii.png%7CPlik%3ASpodnie%20Burgundowej%20Nocy.png%7CPlik%3ASpodnie%20Czarnej%20Gwardii.png%7CPlik%3ASpodnie%20Doktora%20Plagi.png%7CPlik%3ASpodnie%20Imperialnego%20Agenta.png%7CPlik%3ASpodnie%20Karnawa%C5%82u%20w%20Larkasie.png%7CPlik%3ASpodnie%20Kontrastu.png%7CPlik%3ASpodnie%20Lazurowej%20Nocy.png%7CPlik%3ASpodnie%20Maga%20Utoru.png%7CPlik%3ASpodnie%20Milcz%C4%85cego.png%7CPlik%3ASpodnie%20Odkrywcy%20Loch%C3%B3w.png%7CPlik%3ASpodnie%20Odwil%C5%BCy.png%7CPlik%3ASpodnie%20Pogromcy%20Demon%C3%B3w.png%7CPlik%3ASpodnie%20Reprezentanta.png
89ccefffbc20b766	200	application/json; charset=utf-8	https://www.wikibr.pl/api.php?action=query&prop=imageinfo&iiprop=url|size|mime&format=json&titles=Plik%3ASpodnie%20Szmaragdowej%20Gwardii.png%7CPlik%3ASpodnie%20Szmaragdowej%20Nocy.png%7CPlik%3ASpodnie%20Taernijskiego%20%C5%BBo%C5%82nierza.png%7CPlik%3ASpodnie%20Tropiciela%20Demon%C3%B3w.png%7CPlik%3ASpodnie%20Tropiciela%20Lo%C5%BCy.png%7CPlik%3ASpodnie%20Utora.png%7CPlik%3ASpodnie%20Wybra%C5%84ca.png%7CPlik%3ASpodnie%20hekatomby.png%7CPlik%3ASpodnie%20vorling%C3%B3w.png%7CPlik%3ASpodnie%20wieczno%C5%9Bci.png%7CPlik%3ASpojrzenie%20Smoka.png%7CPlik%3ASpopielacz.png%7CPlik%3ASp%C5%82onka.png%7CPlik%3ASrebrna%20gwiazdka.png%7CPlik%3AStara%20ksi%C4%99ga.png%7CPlik%3AStare%20Jad%C5%82o.png%7CPlik%3AStare%20PrzedmiotyS.png%7CPlik%3AStare%20przedmioty.png%7CPlik%3AStarohaligardzki%20miecz.png%7CPlik%3AStarohaligardzki%20napier%C5%9Bnik.png%7CPlik%3AStarohaligardzkie%20nagolenniki.png%7CPlik%3AStarozytna%20zbroja.png%7CPlik%3AStaro%C5%BCytna%20zbroja.png%7CPlik%3AStary%20Adelweig.png%7CPlik%3AStatek-poziom%20II%20map%20mobs.png%7CPlik%3AStefan.png%7CPlik%3AStok%20mini.png%7CPlik%3AStonka.png%7CPlik%3AStracenie.png%7CPlik%3AStra%C5%BC%20lugusa.png%7CPlik%3AStra%C5%BCnik.png%7CPlik%3AStra%C5%BCnik%20skarbu.png%7CPlik%3AStrefa%20ataku%20dystans%20nie.png%7CPlik%3AStrefa%20ataku%20dystansowe%20tak.png%7CPlik%3AStrefa%20ataku%20fizyczna%20nie.png%7CPlik%3AStrefa%20ataku%20fizyczna%20tak.png%7CPlik%3AStrefa%20ataku%20mentalne%20nie.png%7CPlik%3AStrefa%20ataku%20mentalne%20tak.png%7CPlik%3AStrza%C5%82.png%7CPlik%3AStrza%C5%82%20strategiczny.png%7CPlik%3AStr%C3%B3%C5%BC.png%7CPlik%3ASturprang.png%7CPlik%3ASturprangModel.png%7CPlik%3ASub%20jorn.png%7CPlik%3ASub%20lun.png%7CPlik%3ASub%20naed.png%7CPlik%3ASub%20qzen.png%7CPlik%3ASubdrif.png%7CPlik%3ASubdrif%20abaf.png%7CPlik%3ASubdrif%20adrim.png
fcd1e290c6f948b7	200	application/json; charset=utf-8	https://www.wikibr.pl/api.php?action=query&prop=imageinfo&iiprop=url|size|mime&format=json&titles=Plik%3ASubdrif%20alorn.png%7CPlik%3ASubdrif%20amad.png%7CPlik%3ASubdrif%20ann.png%7CPlik%3ASubdrif%20astah.png%7CPlik%3ASubdrif%20band.png%7CPlik%3ASubdrif%20dur.png%7CPlik%3ASubdrif%20elen.png%7CPlik%3ASubdrif%20eras.png%7CPlik%3ASubdrif%20err.png%7CPlik%3ASubdrif%20faln.png%7CPlik%3ASubdrif%20farid.png%7CPlik%3ASubdrif%20grod.png%7CPlik%3ASubdrif%20grud.png%7CPlik%3ASubdrif%20heb.png%7CPlik%3ASubdrif%20holm.png%7CPlik%3ASubdrif%20iori.png%7CPlik%3ASubdrif%20kalh.png%7CPlik%3ASubdrif%20ling.png%7CPlik%3ASubdrif%20lorb.png%7CPlik%3ASubdrif%20oda.png%7CPlik%3ASubdrif%20tall.png%7CPlik%3ASubdrif%20teld.png%7CPlik%3ASubdrif%20tovi.png%7CPlik%3ASubdrif%20ulk.png%7CPlik%3ASubdrif%20unn.png%7CPlik%3ASubdrif%20val.png%7CPlik%3ASubdrif%20verd.png%7CPlik%3ASubdrif%20von.png%7CPlik%3ASubdrifyS.png%7CPlik%3ASubdrifyT.png%7CPlik%3ASuborb%20Ba%27ed.png%7CPlik%3ASuborb%20Cu%27at.png%7CPlik%3ASuborb%20De%27ed.png%7CPlik%3ASuborb%20Fu%27at.png%7CPlik%3ASuborb%20Ge%27ed.png%7CPlik%3ASuborb%20Ha%27at.png%7CPlik%3ASuborb%20Ka%27at.png%7CPlik%3ASuborb%20Ky%27at.png%7CPlik%3ASuborb%20Li%27at.png%7CPlik%3ASuborb%20Lu%27ed.png%7CPlik%3ASuborb%20M%27ren.png%7CPlik%3ASuborb%20Mi%27ed.png%7CPlik%3ASuborb%20N%27xen.png%7CPlik%3ASuborb%20P%27ren.png%7CPlik%3ASuborb%20Pa%27at.png%7CPlik%3ASuborb%20Po%27at.png%7CPlik%3ASuborb%20R%27xen.png%7CPlik%3ASuborb%20Re%27ed.png%7CPlik%3ASuborb%20S%27len.png%7CPlik%3ASuborb%20Se%27at.png
cfab69959c8ab989	200	application/json; charset=utf-8	https://www.wikibr.pl/api.php?action=query&prop=imageinfo&iiprop=url|size|mime&format=json&titles=Plik%3ASuborb%20Te%27at.png%7CPlik%3ASuborb%20Ti%27at.png%7CPlik%3ASuborb%20V%27lan.png%7CPlik%3ASuborb%20Vo%27ed.png%7CPlik%3ASuborb%20Ze%27ed.png%7CPlik%3ASuborbyF.png%7CPlik%3ASuborbyS.png%7CPlik%3ASurowce.png%7CPlik%3ASurowce%20i%20sk%C5%82adniki%20Ikona.png%7CPlik%3ASurowce%20i%20sk%C5%82adniki%20title.png%7CPlik%3ASurowizna.png%7CPlik%3ASurowy%20korze%C5%84%20mantilum.png%7CPlik%3ASusiako%C5%82ap.png%7CPlik%3ASuweren.png%7CPlik%3ASzablastoz%C4%99bny.png%7CPlik%3ASzafirowy%20Labrys.png%7CPlik%3ASzaleniec.png%7CPlik%3ASzalona%20Gorgona.png%7CPlik%3ASzalony%20%C5%82owca.png%7CPlik%3ASzama%C5%84ski%20zw%C3%B3j.png%7CPlik%3ASzandrello.png%7CPlik%3ASzandrello%201.png%7CPlik%3ASzandrello%202.png%7CPlik%3ASzandrello%203.png%7CPlik%3ASzandrello%204.png%7CPlik%3ASzarfa%20nieistnienia.png%7CPlik%3ASzata%20Doktora%20Plagi.png%7CPlik%3ASzatan%20Mentora%20Taern.png%7CPlik%3ASzaty%20P%C5%82ynnego%20OgniaS.png%7CPlik%3ASzaty%20p%C5%82ynnego%20ogniaT.png%7CPlik%3ASzczapy%20drewna.png%7CPlik%3ASzczud%C5%82ak.png%7CPlik%3ASzczur%20Czarny.png%7CPlik%3ASzczur%20Mroczny.png%7CPlik%3ASzczurek.png%7CPlik%3ASzczurowate.png%7CPlik%3ASzczypce%20Krabostwora.png%7CPlik%3ASzcz%C4%85tki%20rudy.png%7CPlik%3ASzelag.png%7CPlik%3ASzelest.png%7CPlik%3ASzeol.png%7CPlik%3ASzept%20Lodu.png%7CPlik%3ASzepty.png%7CPlik%3ASzkar%C5%82ak.png%7CPlik%3ASzkar%C5%82atna%20Kiereja%20Mrozu.png%7CPlik%3ASzkatu%C5%82a%20z%20minera%C5%82ami.png%7CPlik%3ASzkielet.png%7CPlik%3ASzkieletuch.png%7CPlik%3ASzlachecka%20Bra%C4%87.png%7CPlik%3ASzmaragdowa%20GwardiaS.png
44885559dcc6dec2	200	application/json; charset=utf-8	https://www.wikibr.pl/api.php?action=query&prop=imageinfo&iiprop=url|size|mime&format=json&titles=Plik%3ASzmaragdowa%20GwardiaT.png%7CPlik%3ASzmaragdowa%20NocS.png%7CPlik%3ASzmaragdowa%20nocT.png%7CPlik%3ASzmugler.png%7CPlik%3ASzpadel.png%7CPlik%3ASzpik%20nieumar%C5%82ego.png%7CPlik%3ASzpila%20w%20oko.png%7CPlik%3ASzpitalMap.png%7CPlik%3ASzpon%20kniei.png%7CPlik%3ASzpony.png%7CPlik%3ASzpony%20Otch%C5%82ani.png%7CPlik%3ASzpony%20Wiecznego%20G%C5%82odu.png%7CPlik%3ASzpony%20seimhi.png%7CPlik%3ASzpony%20szamana.png%7CPlik%3ASzpon%C3%B3wS.png%7CPlik%3ASzpon%C3%B3wT.png%7CPlik%3ASztorm%20HauguraS.png%7CPlik%3ASztorm%20hauguraT.png%7CPlik%3ASzumowina.png%7CPlik%3ASzyszak%20starohaligardzki.png%7CPlik%3AS%C4%99pozmor.png%7CPlik%3AS%C5%82oneczna%20Klinga.png%7CPlik%3AS%C5%82oneczny%20wiatr.png%7CPlik%3ATALAR.png%7CPlik%3ATablica%20RF1.png%7CPlik%3ATablica%20RF2.png%7CPlik%3ATaehal.png%7CPlik%3ATaernCon.png%7CPlik%3ATaernConS.png%7CPlik%3ATaernijski%20Gronostaj.png%7CPlik%3ATaernijski%20%C5%BBo%C5%82nierzS.png%7CPlik%3ATaernijski%20%C5%BBo%C5%82nierzT.png%7CPlik%3ATak.png%7CPlik%3ATakerony.png%7CPlik%3ATalar.png%7CPlik%3ATalgundy%201.png%7CPlik%3ATalgundy%202.png%7CPlik%3ATalgundy%203.png%7CPlik%3ATalgundy%204.png%7CPlik%3ATangnary.png%7CPlik%3ATaran.png%7CPlik%3ATarantula.png%7CPlik%3ATarcza.png%7CPlik%3ATarcza%20Bia%C5%82ej%20Gwardii.png%7CPlik%3ATarcza%20Czarnej%20Gwardii.png%7CPlik%3ATarcza%20Jutrzenki.png%7CPlik%3ATarcza%20Nowiu.png%7CPlik%3ATarcza%20Pe%C5%82ni.png%7CPlik%3ATarcza%20Reprezentanta.png%7CPlik%3ATarcza%20Szmaragdowej%20Gwardii.png
bc4f3e2dcb1971b6	200	application/json; charset=utf-8	https://www.wikibr.pl/api.php?action=query&prop=imageinfo&iiprop=url|size|mime&format=json&titles=Plik%3ATarcza%20Taernijskiego%20%C5%BBo%C5%82nierza.png%7CPlik%3ATarcza%20cienia.png%7CPlik%3ATarcza%20haugura.png%7CPlik%3ATarcze%20premium.png%7CPlik%3ATartak.png%7CPlik%3ATarul.png%7CPlik%3ATarulH.png%7CPlik%3ATarulM.png%7CPlik%3ATarulT.png%7CPlik%3ATarul%20flaga.png%7CPlik%3ATasak.png%7CPlik%3ATassam.png%7CPlik%3ATawernaMap.png%7CPlik%3ATchnienie%20przysz%C5%82o%C5%9Bci.png%7CPlik%3ATekko%20balansu.png%7CPlik%3ATelek.png%7CPlik%3ATemary.png%7CPlik%3ATenebros.png%7CPlik%3ATestModel.png%7CPlik%3ATest%20gif.gif%7CPlik%3AThaliaT.png%7CPlik%3AThalia%20Uniwersytecka%20mini.png%7CPlik%3AThaliasTREFAfLAGA.png%7CPlik%3AThanarS.png%7CPlik%3ATheriomax.png%7CPlik%3AThorimmy.png%7CPlik%3ATilsai%20w%C4%99drowny.png%7CPlik%3ATirhel.png%7CPlik%3ATon.png%7CPlik%3ATopaz.png%7CPlik%3ATopluch.png%7CPlik%3AToporek%20do%20sekwoi.png%7CPlik%3ATopory%20Dwureczne%20premium.png%7CPlik%3ATopory%20premium.png%7CPlik%3ATop%C3%B3r%20pinari.png%7CPlik%3ATorisaS.png%7CPlik%3ATorisaT.png%7CPlik%3ATrentisMap.png%7CPlik%3ATrentisT.png%7CPlik%3ATrentissTREFAfLAGA.png%7CPlik%3ATreven.png%7CPlik%3ATroll.png%7CPlik%3ATroll%20zimowy.png%7CPlik%3ATrop%20l%C4%99ku.png%7CPlik%3ATrop%20niepokoju.png%7CPlik%3ATrop%20przera%C5%BCenia.png%7CPlik%3ATrop%20trwogi.png%7CPlik%3ATropiciel%20Demon%C3%B3wS.png%7CPlik%3ATropiciel%20Demon%C3%B3wT.png%7CPlik%3ATropiciel%20Lo%C5%BCyS.png
db1375c8d2927ff1	200	application/json; charset=utf-8	https://www.wikibr.pl/api.php?action=query&prop=imageinfo&iiprop=url|size|mime&format=json&titles=Plik%3ATropiciel%20Lo%C5%BCyT.png%7CPlik%3ATrucizna%20k%C5%82usowanik%C3%B3w.png%7CPlik%3ATryb%20pokojowy.png%7CPlik%3ATryk-tryk.png%7CPlik%3ATrytea.png%7CPlik%3ATr%C3%B3jz%C4%85b%20admiralski.png%7CPlik%3ATsetse.png%7CPlik%3ATsunami.png%7CPlik%3ATunel%20Krzy%C5%BCaka.png%7CPlik%3ATunel%20Krzy%C5%BCakaS.png%7CPlik%3ATunel%20Krzy%C5%BCaka%20T.png%7CPlik%3ATurniejowe.png%7CPlik%3ATurniejoweBRS.png%7CPlik%3ATurniejoweS.png%7CPlik%3ATwig.png%7CPlik%3ATygrys.png%7CPlik%3ATygrysE.png%7CPlik%3ATygrysH.png%7CPlik%3ATygrysM.png%7CPlik%3ATygrysT.png%7CPlik%3ATygrys%20flaga.png%7CPlik%3ATygrys%20g%C3%B3rski.png%7CPlik%3ATymczasoweT.png%7CPlik%3ATytu%C5%82owy%20dolny.png%7CPlik%3AT%C4%99sknota.png%7CPlik%3AT%C4%99%C5%BCec.png%7CPlik%3AT%C4%99%C5%BCec%20Stary.png%7CPlik%3AT%C5%82uk.png%7CPlik%3AUcieczka.png%7CPlik%3AUcze%C5%84.png%7CPlik%3AUderzenie.png%7CPlik%3AUderzenie%20Chi.png%7CPlik%3AUderzenie%20cienia.png%7CPlik%3AUdr%C4%99ki.png%7CPlik%3AUdziec.png%7CPlik%3AUguns.png%7CPlik%3AUkazanie%20KillarasunaS.png%7CPlik%3AUkazanie%20killarasunaT.png%7CPlik%3AUkazanie%20%C5%9Amierci.png%7CPlik%3AUk%C5%82ucie%20lalki.png%7CPlik%3AUlepszaniePT.png%7CPlik%3AUlepszanieS.png%7CPlik%3AUlepszanieT.png%7CPlik%3AUlga.png%7CPlik%3AUmbrelis.png%7CPlik%3AUmiejetnosci%20title.png%7CPlik%3AUmiejjetnosci%20ogolne%20title.png%7CPlik%3AUmiej%C4%99tno%C5%9Bci%20Og%C3%B3lne%20icon.png%7CPlik%3AUmiej%C4%99tno%C5%9Bci%20SG.png%7CPlik%3AUmiej%C4%99tno%C5%9Bci%20Specjalne%20icon.png
ba11e9fd0a5b019e	200	application/json; charset=utf-8	https://www.wikibr.pl/api.php?action=query&prop=imageinfo&iiprop=url|size|mime&format=json&titles=Plik%3AUmiej%C4%99tno%C5%9Bci%20specjalne%20title.png%7CPlik%3AUmki%20pasywne%20icon.png%7CPlik%3AUndurisy.png%7CPlik%3AUnieruchomienie.png%7CPlik%3AUniesienie.png%7CPlik%3AUnikaty.png%7CPlik%3AUnikatyS.png%7CPlik%3AUniki.png%7CPlik%3AUp.png%7CPlik%3AUpadek%20mooka.png%7CPlik%3AUpadki.png%7CPlik%3AUpad%C5%82y%20Kusznik.png%7CPlik%3AUpad%C5%82y%20Lord.png%7CPlik%3AUpad%C5%82y%20Rycerz.png%7CPlik%3AUpad%C5%82y%20Stra%C5%BCnik.png%7CPlik%3AUpad%C5%82y%20Strzelec.png%7CPlik%3AUpad%C5%82y%20Wojownik.png%7CPlik%3AUpdate%20Aqua%20Regis.png%7CPlik%3AUpi%C3%B3r.png%7CPlik%3AUrgoth.png%7CPlik%3AUrntsul.png%7CPlik%3AUrntsul%20Stary.png%7CPlik%3AUruk.png%7CPlik%3AUtorS.png%7CPlik%3AUtorT.png%7CPlik%3AUtor%20Komandor%20flaga.png%7CPlik%3AUtorski%20Klucznik.png%7CPlik%3AUwieziony%20pet.png%7CPlik%3AUwi%C4%99ziony.png%7CPlik%3AUwi%C4%99zionyPet.png%7CPlik%3AUwi%C4%99ziony%20pet.png%7CPlik%3AUzbrojony%20Utor.png%7CPlik%3AVaekany.png%7CPlik%3AVahany.png%7CPlik%3AVaja.png%7CPlik%3AValazan.png%7CPlik%3AValdarog.png%7CPlik%3AValdarogE.png%7CPlik%3AValdarogH.png%7CPlik%3AValdarogM.png%7CPlik%3AValdarogT.png%7CPlik%3AValdarog%20flaga.png%7CPlik%3AVampiria.png%7CPlik%3AVanehim%20Utoru.png%7CPlik%3AVaraugi.png%7CPlik%3AVaraugi%201.png%7CPlik%3AVaraugi%202.png%7CPlik%3AVaraugi%203.png%7CPlik%3AVaraugi%204.png%7CPlik%3AVarrvy.png
6d84bf9c8e4e8d8c	200	application/json; charset=utf-8	https://www.wikibr.pl/api.php?action=query&prop=imageinfo&iiprop=url|size|mime&format=json&titles=Plik%3AVelhar.png%7CPlik%3AVenegildaS.png%7CPlik%3AVenegildaT.png%7CPlik%3AVengur.png%7CPlik%3AVerstein.png%7CPlik%3AVidium.png%7CPlik%3AVidvar.png%7CPlik%3AVidvarE.png%7CPlik%3AVidvarH.png%7CPlik%3AVidvarM.png%7CPlik%3AVidvarT.png%7CPlik%3AVidvar%20flaga.png%7CPlik%3AVii.png%7CPlik%3AVirral.png%7CPlik%3AVirthil.png%7CPlik%3AVirveny.png%7CPlik%3AVoe.png%7CPlik%3AVoglery.png%7CPlik%3AVogurun.png%7CPlik%3AVolkhard.png%7CPlik%3AVolkhardM.png%7CPlik%3AVolkhard%20flaga.png%7CPlik%3AVomitor.png%7CPlik%3AVoodoo.png%7CPlik%3AVoodoo%20icon.png%7CPlik%3AVoodoo%20title.png%7CPlik%3AVorleah.png%7CPlik%3AVorling%20barbarzy%C5%84ca.png%7CPlik%3AVorling%20mag.png%7CPlik%3AVorling%20rycerz.png%7CPlik%3AVorling%20%C5%82ucznik.png%7CPlik%3AVorling%C3%B3wS.png%7CPlik%3AVorling%C3%B3wT.png%7CPlik%3AVorlinski%20Dukat.png%7CPlik%3AVorli%C5%84ski%20pocisk.png%7CPlik%3AVorli%C5%84ski%20proch.png%7CPlik%3AVortex%20mob.png%7CPlik%3AVough.png%7CPlik%3AVoughE.png%7CPlik%3AVoughH.png%7CPlik%3AVoughM.png%7CPlik%3AVoughT.png%7CPlik%3AVough%20flaga.png%7CPlik%3AVrighor.png%7CPlik%3AWYMAR%C5%81A%20MINI.png%7CPlik%3AWalkaT.png%7CPlik%3AWalter%20tell.png%7CPlik%3AWandal.png%7CPlik%3AWarchlak.png%7CPlik%3AWarownia.png
41f57233852cd4a5	200	application/json; charset=utf-8	https://www.wikibr.pl/api.php?action=query&prop=imageinfo&iiprop=url|size|mime&format=json&titles=Plik%3AWarto%C5%9Bci%20procentowe%20orb%C3%B3w.jpg%7CPlik%3AWashi.png%7CPlik%3AWashi%20v2.png%7CPlik%3AWatacha.png%7CPlik%3AWataha-menu.png%7CPlik%3AWatchman.png%7CPlik%3AWendigo.png%7CPlik%3AWendigoPoznanie.png%7CPlik%3AWendigoPrzygoda.png%7CPlik%3AWendigoT.png%7CPlik%3AWendigoWyzwanie.png%7CPlik%3AWendigo%20flaga.png%7CPlik%3AWicher.png%7CPlik%3AWidmowe%20Ostrza.png%7CPlik%3AWidmowy%20heros.png%7CPlik%3AWidmowy%20heros2.png%7CPlik%3AWiecznosc.png%7CPlik%3AWielka%20Flasza.gif%7CPlik%3AWielka%20Flasza%20Kondycji.png%7CPlik%3AWielka%20Flasza%20Many.png%7CPlik%3AWielka%20Flasza%20Mocy.png%7CPlik%3AWielka%20Flasza%20Niszczenia.png%7CPlik%3AWielka%20Flasza%20Si%C5%82y.png%7CPlik%3AWielka%20Flasza%20Wiedzy.png%7CPlik%3AWielka%20Flasza%20Zr%C4%99czno%C5%9Bci.png%7CPlik%3AWielka%20Flasza%20%C5%BBycia.png%7CPlik%3AWielkie%20flasze%20ulepsze%C5%84.png%7CPlik%3AWie%C5%BCa-pi%C4%99tro%20III%20map%20mobs.png%7CPlik%3AWie%C5%BCa-pi%C4%99tro%20II%20map%20mobs.png%7CPlik%3AWie%C5%BCa%20Ghadiry.png%7CPlik%3AWie%C5%BCa%20GhadiryS.png%7CPlik%3AWie%C5%BCa%20Teleportacji.png%7CPlik%3AWiking%20mag.png%7CPlik%3AWiking%20rycerz.png%7CPlik%3AWiking%20sheed.png%7CPlik%3AWiking%20%C5%82ucznik.png%7CPlik%3AWilczur.png%7CPlik%3AWilczurPet.png%7CPlik%3AWilczyca.png%7CPlik%3AWilhelm%20tell.png%7CPlik%3AWilk.png%7CPlik%3AWilk%20Bia%C5%82y.png%7CPlik%3AWilk%20Czarny.png%7CPlik%3AWindows%20WB.png%7CPlik%3AWioska%20Druid%C3%B3w%20mini.png%7CPlik%3AWioska%20RybackaMap.png%7CPlik%3AWioska%20Rybacka%20mini.png%7CPlik%3AWiruj%C4%85ce%20ostrze.png%7CPlik%3AWisior%20druida.png%7CPlik%3AWisp.png
cdb09efa4b0cf4f9	200	application/json; charset=utf-8	https://www.wikibr.pl/api.php?action=query&prop=imageinfo&iiprop=url|size|mime&format=json&titles=Plik%3AWoda%20Kold%C3%B3w.png%7CPlik%3AWoda%20Morska.png%7CPlik%3AWoda%20z%20jaskini.png%7CPlik%3AWodny%20Tancerz.png%7CPlik%3AWodny%20tancerz.png%7CPlik%3AWorld.png%7CPlik%3AWp%C5%82acanie%20do%20skarbca.png%7CPlik%3AWrak%20StatkuS.png%7CPlik%3AWra%C5%BCliwo%C5%9B%C4%87%20na%20ogie%C5%84.png%7CPlik%3AWrota%20do%20%C5%9Bmierciuchy.png%7CPlik%3AWro%C5%9Bniak.png%7CPlik%3AWst%C4%99ga%20Heurokratosa.png%7CPlik%3AWszystkieS.png%7CPlik%3AWulkan.png%7CPlik%3AWybrze%C5%BCe%20mini.png%7CPlik%3AWydobycie%20i%20zbieractwo%20flaga.png%7CPlik%3AWydobycie%20i%20zbieractwo%20main.png%7CPlik%3AWyjec.png%7CPlik%3AWyjmowanieOrb%C3%B3wPT.png%7CPlik%3AWyjmowaniePT.png%7CPlik%3AWykrzyknik.png%7CPlik%3AWykwit.png%7CPlik%3AWymianaIcon.png%7CPlik%3AWymiar%20KlaudiusaS.png%7CPlik%3AWyniesiony.png%7CPlik%3AWyostrzone%20zmys%C5%82y.png%7CPlik%3AWyrok%20Hellara.png%7CPlik%3AWyrwanie%20z%20korzeni.png%7CPlik%3AWyspa%20Tryfkina%20mini.png%7CPlik%3AWyssanie%20duszy.png%7CPlik%3AWytwarzane%20flaga.png%7CPlik%3AWytwarzane%20main.png%7CPlik%3AWywar%20kondycji.png%7CPlik%3AWywar%20many.png%7CPlik%3AWywar%20przedarcia.png%7CPlik%3AWywar%20zdrowia.png%7CPlik%3AWywar%20zio%C5%82owy.png%7CPlik%3AWyzwania%20DzienneT.png%7CPlik%3AWyzwania%20TygodnioweT.png%7CPlik%3AWyzwania%20podkafelek.png%7CPlik%3AWy%C5%82adowanie%20gniewu.png%7CPlik%3AWzmacnianieS.png%7CPlik%3AWzmacnianieT.png%7CPlik%3AWzmocnienie.png%7CPlik%3AWzmocnione%20raki.png%7CPlik%3AWzorek.png%7CPlik%3AWzorek%20unikalny.png%7CPlik%3AWzrok%20G%C5%82%C4%99bin.png%7CPlik%3AWzrok%20g%C5%82ebin.png%7CPlik%3AW%C3%B3dka.png
b22ce47337350768	200	application/json; charset=utf-8	https://www.wikibr.pl/api.php?action=query&prop=imageinfo&iiprop=url|size|mime&format=json&titles=Plik%3AW%C4%85sosz%20trupi.png%7CPlik%3AW%C4%85troba%20potwora.png%7CPlik%3AW%C4%99dzone%20mi%C4%99so%20jaka.png%7CPlik%3AW%C4%99%C5%BCowa%20Klinga.png%7CPlik%3AW%C4%99%C5%BCyS.png%7CPlik%3AW%C4%99%C5%BCyT.png%7CPlik%3AW%C5%82adca%20Marionetek%20flaga.png%7CPlik%3AW%C5%82adca%20losu.png%7CPlik%3AW%C5%82adca%20marionetek.png%7CPlik%3AW%C5%82adca%20marionetekE.png%7CPlik%3AW%C5%82adca%20marionetekH.png%7CPlik%3AW%C5%82adca%20marionetekM.png%7CPlik%3AW%C5%82adca%20marionetekT.png%7CPlik%3AW%C5%82adc%C3%B3wS.png%7CPlik%3AW%C5%82adc%C3%B3wT.png%7CPlik%3AW%C5%82%C3%B3cz%C4%99ga.png%7CPlik%3AW%C5%9Bciek%C5%82e%20Pszczo%C5%82y.png%7CPlik%3AW%C5%9Bciek%C5%82y%20Burkan.png%7CPlik%3AW%C5%9Bciek%C5%82y%20Lempo.png%7CPlik%3AW%C5%9Bciek%C5%82y%20grizzly.png%7CPlik%3AW%C5%9Bciek%C5%82y%20pies.png%7CPlik%3AW%C5%9Bciek%C5%82y%20refleks.png%7CPlik%3AXantorn.png%7CPlik%3AXenothor.png%7CPlik%3AXorgor.png%7CPlik%3AYantrei.png%7CPlik%3AYoko.png%7CPlik%3AYoutube.png%7CPlik%3AYtflaga.png%7CPlik%3AYurugu.png%7CPlik%3AZabi%20raj%20map%20mobs.png%7CPlik%3AZadry.png%7CPlik%3AZagraniczneS.png%7CPlik%3AZag%C5%82ada%20Kagliharmonu.png%7CPlik%3AZag%C5%82ada%20Kagliharmonuu.png%7CPlik%3AZag%C5%82ada%20lud%C3%B3w.png%7CPlik%3AZaimm.png%7CPlik%3AZaklinacz%20kruk%C3%B3w.png%7CPlik%3AZakl%C4%99ty%20Kruk.png%7CPlik%3AZakup%20dzia%C5%82ki.png%7CPlik%3AZak%C5%82adanie%20gildii.png%7CPlik%3AZalla2.png%7CPlik%3AZaloty.png%7CPlik%3AZamarzni%C4%99te%20Jezioro%20mini.png%7CPlik%3AZamorski%20kamie%C5%84.png%7CPlik%3AZaproszenieGildii.png%7CPlik%3AZaproszenie%20na%20Discord%20Wiki%20BR.png%7CPlik%3AZaproszeniegildii.png%7CPlik%3AZaprzeczony.png%7CPlik%3AZarzadzanie-zwierzakami-menu.png
089a4b4434dee135	200	application/json; charset=utf-8	https://www.wikibr.pl/api.php?action=query&prop=imageinfo&iiprop=url|size|mime&format=json&titles=Plik%3AZarzadzanie-zwierzakami.png%7CPlik%3AZarz%C4%85dzanie%20gildi%C4%85.png%7CPlik%3AZas%C5%82ona%20%C5%9AmierciS.png%7CPlik%3AZas%C5%82ona%20%C5%9BmierciT.png%7CPlik%3AZatoka%20ma%C5%82%C5%BCy%20mini.png%7CPlik%3AZatrucie.png%7CPlik%3AZatruta%20strza%C5%82a.png%7CPlik%3AZauroczenie.png%7CPlik%3AZawieja.png%7CPlik%3AZa%C5%82%C3%B3%C5%BC%20gildi%C4%99.png%7CPlik%3AZbieractwoT.png%7CPlik%3AZbir.png%7CPlik%3AZbojecki%20Las%20Map.png%7CPlik%3AZbroja%20Czas%C3%B3w%20Zarazy.png%7CPlik%3AZbroja%20Milcz%C4%85cego.png%7CPlik%3AZbroja%20Niepokonanego.png%7CPlik%3AZbroja%20PinariS.png%7CPlik%3AZbroja%20Wojownika.png%7CPlik%3AZbroja%20Z%C5%82ego%20Rycerza.png%7CPlik%3AZbroja%20pinariT.png%7CPlik%3AZbroja%20strzelca.png%7CPlik%3AZbroja%20vorling%C3%B3w.png%7CPlik%3AZbroje%20premium.png%7CPlik%3AZdobywane%20z%20Przeciwnik%C3%B3w.png%7CPlik%3AZdobywane%20z%20przeciwnik%C3%B3wS.png%7CPlik%3AZed.png%7CPlik%3AZefirion.png%7CPlik%3AZemsta%20ivravula.png%7CPlik%3AZero.png%7CPlik%3AZesp%C3%B3%C5%82.png%7CPlik%3AZew%20rytua%C5%82u.png%7CPlik%3AZgni%C5%82y%20Drzewiec.png%7CPlik%3AZgon.png%7CPlik%3AZgorzelniki.png%7CPlik%3AZgrzyt.png%7CPlik%3AZimowy%20Szaman.png%7CPlik%3AZimowy%20szaman.png%7CPlik%3AZio%C5%82o%20lecznicze.png%7CPlik%3AZio%C5%82o%20uruk%C3%B3w.png%7CPlik%3AZiraki.png%7CPlik%3AZl%20MINI.png%7CPlik%3AZlecenia%20icon%20map.png%7CPlik%3AZmierzch%20Adelweiga.png%7CPlik%3AZmierzch%20adelweiga.png%7CPlik%3AZmursza%C5%82e%20p%C4%99dy.png%7CPlik%3AZnaczniki%20mobow%20Brown%2001.png%7CPlik%3AZnaczniki%20mobow%20Brown%2002.png%7CPlik%3AZnami%C4%99%20Kl%C4%85twy.png%7CPlik%3AZombi%20F.png%7CPlik%3AZombi%20M.png
2e66be6ccdf7c56f	200	application/json; charset=utf-8	https://www.wikibr.pl/api.php?action=query&prop=imageinfo&iiprop=url|size|mime&format=json&titles=Plik%3AZuoo.png%7CPlik%3AZwiastun%20%C5%9Amierci.png%7CPlik%3AZwierzaki-gildyjne.png%7CPlik%3AZwierzaki-jednorazowe.png%7CPlik%3AZwierzaki-naglowek.png%7CPlik%3AZwierzaki-recepturowe.png%7CPlik%3AZwierzaki-specjalne.png%7CPlik%3AZwierzaki-zwykle.png%7CPlik%3AZwierzaki.png%7CPlik%3AZwyci%C4%99ska%20Zbroja%20Konwentowa.png%7CPlik%3AZwyk%C5%82y%20atak.png%7CPlik%3AZw%C3%B3j%20do%C5%9Bwiadczenia.png%7CPlik%3AZw%C3%B3j%20krwawego%20wgl%C4%85du.png%7CPlik%3AZw%C3%B3j%20psychodo%C5%9Bwiadczenia.png%7CPlik%3AZw%C3%B3j%20teleportacji.png%7CPlik%3AZ%C4%99bacz.png%7CPlik%3AZ%C4%99by%20jadowe.png%7CPlik%3AZ%C5%82odziej%20Krwi.png%7CPlik%3AZ%C5%82odziejka.png%7CPlik%3AZ%C5%82odziejski%20%C5%82up.png%7CPlik%3AZ%C5%82om%20z%20upad%C5%82ych.png%7CPlik%3AZ%C5%82ota%20Laska%20Tropiciela%20Lo%C5%BCy.png%7CPlik%3AZ%C5%82ota%20Wolno%C5%9B%C4%87.png%7CPlik%3AZ%C5%82ota%20gwiazdka.png%7CPlik%3AZ%C5%82ote%20Buty%20Tropiciela%20Lo%C5%BCy.png%7CPlik%3AZ%C5%82ote%20Spodnie%20Tropiciela%20Lo%C5%BCy.png%7CPlik%3AZ%C5%82oto.png%7CPlik%3AZ%C5%82oty%20He%C5%82m%20Tropiciela%20Lo%C5%BCy.png%7CPlik%3AZ%C5%82oty%20Pancerz%20Tropiciela%20Lo%C5%BCy.png%7CPlik%3AZ%C5%82oty%20Strza%C5%82.png%7CPlik%3AZ%C5%82oty%20Szponz.png%7CPlik%3AZ%C5%82oty%20Tropiciel%20Lo%C5%BCyS.png%7CPlik%3AZ%C5%82oty%20Tropiciel%20Lo%C5%BCyT.png%7CPlik%3A%C5%81achudra.png%7CPlik%3A%C5%81adowanieS.png%7CPlik%3A%C5%81adowanieT.png%7CPlik%3A%C5%81amacz%20Woli.png%7CPlik%3A%C5%81apa%20Nied%C5%BAwiedzia.png%7CPlik%3A%C5%81apa%20nied%C5%BAwiedzia.png%7CPlik%3A%C5%81apacz%20Dusz.png%7CPlik%3A%C5%81apka.png%7CPlik%3A%C5%81eb%20reffa.png%7CPlik%3A%C5%81otr%20%281%29.png%7CPlik%3A%C5%81otr%20%282%29.png%7CPlik%3A%C5%81ucznik.webp%7CPlik%3A%C5%81ucznik%20icon.png%7CPlik%3A%C5%81ucznik%20title.png%7CPlik%3A%C5%81uk%20pinari.png%7CPlik%3A%C5%81uki%20premium.png%7CPlik%3A%C5%81una.png
5789f25f0ac73052	200	application/json; charset=utf-8	https://www.wikibr.pl/api.php?action=query&prop=imageinfo&iiprop=url|size|mime&format=json&titles=Plik%3A%C5%81una%20ognia.png%7CPlik%3A%C5%81upy%20z%20potwor%C3%B3w%20flaga.png%7CPlik%3A%C5%81upy%20z%20potwor%C3%B3w%20main.png%7CPlik%3A%C5%81ysy.png%7CPlik%3A%C5%81za%20Driady.png%7CPlik%3A%C5%81%C4%85czeniePT.png%7CPlik%3A%C5%81%C4%85czenie%20Orb%C3%B3wPT.png%7CPlik%3A%C5%81%C4%85czenie%20Synergetyk%C3%B3wS.png%7CPlik%3A%C5%81%C4%85czenie%20Synergetyk%C3%B3wT.png%7CPlik%3A%C5%9AF%20Many.png%7CPlik%3A%C5%9AF%20Mocy.png%7CPlik%3A%C5%9AF%20Zr%C4%99czno%C5%9Bci.png%7CPlik%3A%C5%9AF%20%C5%BBycia.png%7CPlik%3A%C5%9Acierak.png%7CPlik%3A%C5%9Acierwiec.png%7CPlik%3A%C5%9Acie%C5%BCka%20Cie%C5%84.png%7CPlik%3A%C5%9Acie%C5%BCka%20G%C5%82%C4%99bia.png%7CPlik%3A%C5%9Acie%C5%BCka%20Mrok.png%7CPlik%3A%C5%9Acie%C5%BCka%20Otch%C5%82a%C5%84.png%7CPlik%3A%C5%9Acie%C5%BCka%20poznania%20blue.png%7CPlik%3A%C5%9Acie%C5%BCka%20poznania%20grey.png%7CPlik%3A%C5%9Acie%C5%BCka%20poznania%20i%20przygodyT.png%7CPlik%3A%C5%9Acie%C5%BCka%20poznania%20i%20przygodyT2.png%7CPlik%3A%C5%9Acie%C5%BCka%20przygody%20blue.png%7CPlik%3A%C5%9Acie%C5%BCka%20przygody%20grey.png%7CPlik%3A%C5%9Acie%C5%BCka%20wielko%C5%9BciT.png%7CPlik%3A%C5%9Acie%C5%BCka%20wielko%C5%9BciT2.png%7CPlik%3A%C5%9Acie%C5%BCka%20wyzwania%20blue.png%7CPlik%3A%C5%9Acie%C5%BCka%20wyzwania%20grey.png%7CPlik%3A%C5%9Aci%C4%99gno%20tygrysa.png%7CPlik%3A%C5%9Aci%C4%99gno%20z%20psioka.png%7CPlik%3A%C5%9Aci%C4%99gno%20z%C5%82ego%20wilka.png%7CPlik%3A%C5%9Alady%20Zdarze%C5%84.png%7CPlik%3A%C5%9Alady%20przodk%C3%B3w.png%7CPlik%3A%C5%9Api%C4%85cy%20Utor.png%7CPlik%3A%C5%9Arednia%20Flasza%20Kondycji.png%7CPlik%3A%C5%9Arednia%20Flasza%20Many.png%7CPlik%3A%C5%9Arednia%20Flasza%20Mocy.png%7CPlik%3A%C5%9Arednia%20Flasza%20Niszczenia.png%7CPlik%3A%C5%9Arednia%20Flasza%20Si%C5%82y.png%7CPlik%3A%C5%9Arednia%20Flasza%20Wiedzy.png%7CPlik%3A%C5%9Arednia%20Flasza%20Zr%C4%99czno%C5%9Bci.png%7CPlik%3A%C5%9Arednia%20Flasza%20%C5%BBycia.png%7CPlik%3A%C5%9Arodek%20krioprotekcji.png%7CPlik%3A%C5%9Awiat%C5%82a%20TellabaguS.png%7CPlik%3A%C5%9Awiat%C5%82a%20tellabaguT.png%7CPlik%3A%C5%9Awiat%C5%82o%20tellabaguT.png%7CPlik%3A%C5%9Awiec%C4%85ce%20ryby.png%7CPlik%3A%C5%9Awie%C5%BCe%20mi%C4%99cho.png%7CPlik%3A%C5%9Awi%C4%85teczne%20Kabuto.png
f61db04aa72f0bc5	200	application/json; charset=utf-8	https://www.wikibr.pl/api.php?action=query&prop=imageinfo&iiprop=url|size|mime&format=json&titles=Plik%3A%C5%9Awi%C4%85tynia%20B%C5%82ogos%C5%82awie%C5%84stw.png%7CPlik%3A%C5%B9r%C3%B3d%C5%82o%20natury.png%7CPlik%3A%C5%BBabi%20RajS.png%7CPlik%3A%C5%BBabka%20czerwona.png%7CPlik%3A%C5%BBabka%20niebieska.png%7CPlik%3A%C5%BBabka%20zielona.png%7CPlik%3A%C5%BBabka%20%C5%BC%C3%B3lta.png%7CPlik%3A%C5%BBal.png%7CPlik%3A%C5%BBar.png%7CPlik%3A%C5%BBebrak.png%7CPlik%3A%C5%BBelazo.png%7CPlik%3A%C5%BBerca.png%7CPlik%3A%C5%BBerca%20Goblin%C3%B3w.png%7CPlik%3A%C5%BBeton%20resetu%20Umiej%C4%99tno%C5%9Bci.png%7CPlik%3A%C5%BBmij.png%7CPlik%3A%C5%BBmij%20v2.png%7CPlik%3A%C5%BBr%C3%B3d%C5%82o%20bytu.png%7CPlik%3A%C5%BBr%C4%85cy%20Utor.png%7CPlik%3A%C5%BBywica.png%7CPlik%3A%C5%BBywiciel%20jak.png%7CPlik%3A%C5%BBywiciel%20jeti.png%7CPlik%3A%C5%BB%C4%85d%C5%82o%20Bog%C3%B3wS.png%7CPlik%3A%C5%BB%C4%85d%C5%82o%20bog%C3%B3wT.png
