c6a4e2aefcf6	200	GET	text/html; charset=UTF-8	https://anteikutaern.at.ua/mobs/bosses/
e9d3cdf9991b	200	GET	application/javascript; charset=UTF-8	https://anteikutaern.at.ua/raresImg/zapusk.js?1791526564697
e8463d91ab84	200	GET	application/json	https://anteikutaern.at.ua/raresImg/anteikuDBversion.json?_=1791526565099
2f91a22e2627	200	GET	application/json	https://anteikutaern.at.ua/raresImg/all_map_elements.json?_=1791526565459
d5073bd2ef03	200	GET	application/json; charset=utf-8	https://mc.yandex.com/watch/81337741/1?wmode=7&page-url=https%3A%2F%2Fanteikutaern.at.ua%2Fmobs%2Fbosses%2F&charset=utf-8&uah=che%0A0&browser-info=pv%3A1%3Avf%3Ajeu2ees5yi9qi1u8go1yz2nmugpom3%3Afu%3A0%3Aen%3Autf-8%3Ala%3Aen-US%3Av%3A2660%3Acn%3A1%3Adp%3A0%3Als%3A1624601425020%3Ahid%3A234199227%3Az%3A420%3Ai%3A20261009131605%3Aet%3A1791526566%3Ac%3A1%3Arn%3A450013456%3Arqn%3A1%3Au%3A1791526566808777865%3Aw%3A1600x1000%3As%3A1366x768x24%3Ask%3A1%3Afp%3A1117%3Awv%3A2%3Ads%3A97%2C460%2C107%2C0%2C%2C0%2C%2C415%2C3%2C%2C%2C%2C1107%3Aco%3A0%3Ahdl%3A1%3Ans%3A1791526563590%3Arqnl%3A1%3Ast%3A1791526566%3At%3A%D0%91%D0%BE%D1%81%D1%81%D1%8B%20Broken%20Ranks%20%E2%80%94%20%D0%BF%D0%BE%D0%BB%D0%BD%D1%8B%D0%B9%20%D1%81%D0%BF%D0%B8%D1%81%D0%BE%D0%BA&t=clt%281104%29gdpr%2814%29clc%280-0-0%29rqnt%281%29aw%281%29rcm%281%29cdl%28na%29eco%2842009088%29ti%281%29&redirnss=1
4e3092e01323	200	GET	application/javascript; charset=UTF-8	https://anteikutaern.at.ua/raresImg/zapusk.js?1791526568306
70473d2bc28b	200	GET	application/json	https://anteikutaern.at.ua/raresImg/anteikuDBversion.json?_=1791526568460
73acdc6f4f02	200	GET	application/json; charset=utf-8	https://mc.yandex.com/watch/81337741?wmode=7&page-url=https%3A%2F%2Fanteikutaern.at.ua%2Fmobs%2Fbosses%2F&charset=utf-8&uah=che%0A0&browser-info=pv%3A1%3Avf%3Ajeu2ees5yi9qi1u8go1yz2nmugpom3%3Afu%3A0%3Aen%3Autf-8%3Ala%3Aen-US%3Av%3A2660%3Acn%3A1%3Adp%3A0%3Als%3A1624601425020%3Ahid%3A955891359%3Az%3A420%3Ai%3A20261009131608%3Aet%3A1791526568%3Ac%3A1%3Arn%3A725390030%3Arqn%3A2%3Au%3A1791526566808777865%3Aw%3A1600x1000%3As%3A1366x768x24%3Ask%3A1%3Afp%3A56%3Awv%3A2%3Ads%3A0%2C0%2C0%2C0%2C-1%2C0%2C%2C49%2C2%2C%2C%2C%2C51%3Aco%3A0%3Ahdl%3A1%3Ans%3A1791526568258%3Aadb%3A2%3Arqnl%3A1%3Ast%3A1791526568%3At%3A%D0%91%D0%BE%D1%81%D1%81%D1%8B%20Broken%20Ranks%20%E2%80%94%20%D0%BF%D0%BE%D0%BB%D0%BD%D1%8B%D0%B9%20%D1%81%D0%BF%D0%B8%D1%81%D0%BE%D0%BA&t=clt(44)gdpr(14)clc(0-0-0)rqnt(1)aw(1)rcm(0)cdl(na)eco(42009088)ti(1)
83ed86d9ef70	200	GET	application/javascript; charset=UTF-8	https://anteikutaern.at.ua/raresImg/zapusk.js?1791526571963
c09fb880ce9f	200	GET	application/json	https://anteikutaern.at.ua/raresImg/anteikuDBversion.json?_=1791526572136
a83d585f4ef2	200	GET	application/json; charset=utf-8	https://mc.yandex.com/watch/81337741?wmode=7&page-url=https%3A%2F%2Fanteikutaern.at.ua%2Fmobs%2Fbosses%2F&charset=utf-8&uah=che%0A0&browser-info=pv%3A1%3Avf%3Ajeu2ees5yi9qi1u8go1yz2nmugpom3%3Afu%3A0%3Aen%3Autf-8%3Ala%3Aen-US%3Av%3A2660%3Acn%3A1%3Adp%3A0%3Als%3A1624601425020%3Ahid%3A177658016%3Az%3A420%3Ai%3A20261009131612%3Aet%3A1791526572%3Ac%3A1%3Arn%3A464292456%3Arqn%3A3%3Au%3A1791526566808777865%3Aw%3A1600x1000%3As%3A1366x768x24%3Ask%3A1%3Afp%3A55%3Awv%3A2%3Ads%3A0%2C0%2C0%2C0%2C-4%2C0%2C%2C51%2C1%2C%2C%2C%2C47%3Aco%3A0%3Ahdl%3A1%3Ans%3A1791526571917%3Aadb%3A2%3Arqnl%3A1%3Ast%3A1791526572%3At%3A%D0%91%D0%BE%D1%81%D1%81%D1%8B%20Broken%20Ranks%20%E2%80%94%20%D0%BF%D0%BE%D0%BB%D0%BD%D1%8B%D0%B9%20%D1%81%D0%BF%D0%B8%D1%81%D0%BE%D0%BA&t=clt(33)gdpr(14)clc(0-0-0)rqnt(1)aw(1)rcm(0)cdl(na)eco(42009088)ti(1)
ca2a74f61ebd	200	GET	application/javascript; charset=UTF-8	https://anteikutaern.at.ua/raresImg/zapusk.js?1791526576856
4e8d54df9467	200	GET	application/json	https://anteikutaern.at.ua/raresImg/anteikuDBversion.json?_=1791526577037
ccf5df374530	200	GET	application/json; charset=utf-8	https://mc.yandex.com/watch/81337741?wmode=7&page-url=https%3A%2F%2Fanteikutaern.at.ua%2Fmobs%2Fbosses%2F&charset=utf-8&uah=che%0A0&browser-info=pv%3A1%3Avf%3Ajeu2ees5yi9qi1u8go1yz2nmugpom3%3Afu%3A0%3Aen%3Autf-8%3Ala%3Aen-US%3Av%3A2660%3Acn%3A1%3Adp%3A0%3Als%3A1624601425020%3Ahid%3A190672087%3Az%3A420%3Ai%3A20261009131617%3Aet%3A1791526577%3Ac%3A1%3Arn%3A188007906%3Arqn%3A4%3Au%3A1791526566808777865%3Aw%3A1600x1000%3As%3A1366x768x24%3Ask%3A1%3Afp%3A64%3Awv%3A2%3Ads%3A0%2C0%2C0%2C%2C%2C0%2C%2C%2C1%2C%2C%2C%2C53%3Aco%3A0%3Ahdl%3A1%3Ans%3A1791526576804%3Aadb%3A2%3Arqnl%3A1%3Ast%3A1791526577%3At%3A%D0%91%D0%BE%D1%81%D1%81%D1%8B%20Broken%20Ranks%20%E2%80%94%20%D0%BF%D0%BE%D0%BB%D0%BD%D1%8B%D0%B9%20%D1%81%D0%BF%D0%B8%D1%81%D0%BE%D0%BA&t=clt(35)gdpr(14)clc(0-0-0)rqnt(1)aw(1)rcm(0)cdl(na)eco(42009088)ti(1)
9e9d7de95074	200	GET	application/javascript; charset=UTF-8	https://anteikutaern.at.ua/raresImg/zapusk.js?1791526580482
66f4301eaa43	200	GET	application/json	https://anteikutaern.at.ua/raresImg/anteikuDBversion.json?_=1791526580640
48a3f2eb718c	200	GET	application/json; charset=utf-8	https://mc.yandex.com/watch/81337741?wmode=7&page-url=https%3A%2F%2Fanteikutaern.at.ua%2Fmobs%2Fbosses%2F&charset=utf-8&uah=che%0A0&browser-info=pv%3A1%3Avf%3Ajeu2ees5yi9qi1u8go1yz2nmugpom3%3Afu%3A0%3Aen%3Autf-8%3Ala%3Aen-US%3Av%3A2660%3Acn%3A1%3Adp%3A0%3Als%3A1624601425020%3Ahid%3A100715439%3Az%3A420%3Ai%3A20261009131620%3Aet%3A1791526581%3Ac%3A1%3Arn%3A59646681%3Arqn%3A5%3Au%3A1791526566808777865%3Aw%3A1600x1000%3As%3A1366x768x24%3Ask%3A1%3Afp%3A46%3Awv%3A2%3Ads%3A0%2C0%2C0%2C0%2C-3%2C0%2C%2C43%2C1%2C%2C%2C%2C41%3Aco%3A0%3Ahdl%3A1%3Ans%3A1791526580443%3Aadb%3A2%3Arqnl%3A1%3Ast%3A1791526581%3At%3A%D0%91%D0%BE%D1%81%D1%81%D1%8B%20Broken%20Ranks%20%E2%80%94%20%D0%BF%D0%BE%D0%BB%D0%BD%D1%8B%D0%B9%20%D1%81%D0%BF%D0%B8%D1%81%D0%BE%D0%BA&t=clt(37)gdpr(14)clc(0-0-0)rqnt(1)aw(1)rcm(0)cdl(na)eco(42009088)ti(1)
321dae708f04	200	GET	application/javascript; charset=UTF-8	https://anteikutaern.at.ua/raresImg/zapusk.js?1791526585436
e3abcf7008b8	200	GET	application/json	https://anteikutaern.at.ua/raresImg/anteikuDBversion.json?_=1791526585602
ea0403c0e963	200	GET	application/json; charset=utf-8	https://mc.yandex.com/watch/81337741?wmode=7&page-url=https%3A%2F%2Fanteikutaern.at.ua%2Fmobs%2Fbosses%2F&charset=utf-8&uah=che%0A0&browser-info=pv%3A1%3Avf%3Ajeu2ees5yi9qi1u8go1yz2nmugpom3%3Afu%3A0%3Aen%3Autf-8%3Ala%3Aen-US%3Av%3A2660%3Acn%3A1%3Adp%3A0%3Als%3A1624601425020%3Ahid%3A516421149%3Az%3A420%3Ai%3A20261009131625%3Aet%3A1791526586%3Ac%3A1%3Arn%3A601244552%3Arqn%3A6%3Au%3A1791526566808777865%3Aw%3A1600x1000%3As%3A1366x768x24%3Ask%3A1%3Afp%3A51%3Awv%3A2%3Ads%3A0%2C0%2C0%2C0%2C-3%2C0%2C%2C47%2C1%2C%2C%2C%2C46%3Aco%3A0%3Ahdl%3A1%3Ans%3A1791526585392%3Aadb%3A2%3Arqnl%3A1%3Ast%3A1791526586%3At%3A%D0%91%D0%BE%D1%81%D1%81%D1%8B%20Broken%20Ranks%20%E2%80%94%20%D0%BF%D0%BE%D0%BB%D0%BD%D1%8B%D0%B9%20%D1%81%D0%BF%D0%B8%D1%81%D0%BE%D0%BA&t=clt(16)gdpr(14)clc(0-0-0)rqnt(1)aw(1)rcm(0)cdl(na)eco(42009088)ti(1)
ce4b8255b70f	200	GET	application/javascript; charset=UTF-8	https://anteikutaern.at.ua/raresImg/zapusk.js?1791526589006
b4f01ebc7dcf	200	GET	application/json	https://anteikutaern.at.ua/raresImg/anteikuDBversion.json?_=1791526589177
e14d96f527e7	200	GET	application/json; charset=utf-8	https://mc.yandex.com/watch/81337741?wmode=7&page-url=https%3A%2F%2Fanteikutaern.at.ua%2Fmobs%2Fbosses%2F&charset=utf-8&uah=che%0A0&browser-info=pv%3A1%3Avf%3Ajeu2ees5yi9qi1u8go1yz2nmugpom3%3Afu%3A0%3Aen%3Autf-8%3Ala%3Aen-US%3Av%3A2660%3Acn%3A1%3Adp%3A0%3Als%3A1624601425020%3Ahid%3A813545047%3Az%3A420%3Ai%3A20261009131629%3Aet%3A1791526589%3Ac%3A1%3Arn%3A935514469%3Arqn%3A7%3Au%3A1791526566808777865%3Aw%3A1600x1000%3As%3A1366x768x24%3Ask%3A1%3Afp%3A49%3Awv%3A2%3Ads%3A0%2C0%2C0%2C0%2C-1%2C0%2C%2C42%2C1%2C%2C%2C%2C42%3Aco%3A0%3Ahdl%3A1%3Ans%3A1791526588965%3Aadb%3A2%3Arqnl%3A1%3Ast%3A1791526589%3At%3A%D0%91%D0%BE%D1%81%D1%81%D1%8B%20Broken%20Ranks%20%E2%80%94%20%D0%BF%D0%BE%D0%BB%D0%BD%D1%8B%D0%B9%20%D1%81%D0%BF%D0%B8%D1%81%D0%BE%D0%BA&t=clt(18)gdpr(14)clc(0-0-0)rqnt(1)aw(1)rcm(0)cdl(na)eco(42009088)ti(1)
1586fb496852	200	GET	application/javascript; charset=UTF-8	https://anteikutaern.at.ua/raresImg/zapusk.js?1791526593823
a78f0d2a5b3b	200	GET	application/json	https://anteikutaern.at.ua/raresImg/anteikuDBversion.json?_=1791526593990
1056588c9757	200	GET	application/json; charset=utf-8	https://mc.yandex.com/watch/81337741?wmode=7&page-url=https%3A%2F%2Fanteikutaern.at.ua%2Fmobs%2Fbosses%2F&charset=utf-8&uah=che%0A0&browser-info=pv%3A1%3Avf%3Ajeu2ees5yi9qi1u8go1yz2nmugpom3%3Afu%3A0%3Aen%3Autf-8%3Ala%3Aen-US%3Av%3A2660%3Acn%3A1%3Adp%3A0%3Als%3A1624601425020%3Ahid%3A309767120%3Az%3A420%3Ai%3A20261009131633%3Aet%3A1791526594%3Ac%3A1%3Arn%3A6686959%3Arqn%3A8%3Au%3A1791526566808777865%3Aw%3A1600x1000%3As%3A1366x768x24%3Ask%3A1%3Afp%3A51%3Awv%3A2%3Ads%3A0%2C0%2C0%2C0%2C-1%2C0%2C%2C44%2C0%2C%2C%2C%2C46%3Aco%3A0%3Ahdl%3A1%3Ans%3A1791526593778%3Aadb%3A2%3Arqnl%3A1%3Ast%3A1791526594%3At%3A%D0%91%D0%BE%D1%81%D1%81%D1%8B%20Broken%20Ranks%20%E2%80%94%20%D0%BF%D0%BE%D0%BB%D0%BD%D1%8B%D0%B9%20%D1%81%D0%BF%D0%B8%D1%81%D0%BE%D0%BA&t=clt(18)gdpr(14)clc(0-0-0)rqnt(1)aw(1)rcm(0)cdl(na)eco(42009088)ti(1)
c3c4b024e011	200	GET	application/javascript; charset=UTF-8	https://anteikutaern.at.ua/raresImg/zapusk.js?1791526598625
ff44f2501924	200	GET	application/json	https://anteikutaern.at.ua/raresImg/anteikuDBversion.json?_=1791526598781
62fa00c013d0	200	GET	application/json; charset=utf-8	https://mc.yandex.com/watch/81337741?wmode=7&page-url=https%3A%2F%2Fanteikutaern.at.ua%2Fmobs%2Fbosses%2F&charset=utf-8&uah=che%0A0&browser-info=pv%3A1%3Avf%3Ajeu2ees5yi9qi1u8go1yz2nmugpom3%3Afu%3A0%3Aen%3Autf-8%3Ala%3Aen-US%3Av%3A2660%3Acn%3A1%3Adp%3A0%3Als%3A1624601425020%3Ahid%3A137271907%3Az%3A420%3Ai%3A20261009131638%3Aet%3A1791526599%3Ac%3A1%3Arn%3A504716112%3Arqn%3A9%3Au%3A1791526566808777865%3Aw%3A1600x1000%3As%3A1366x768x24%3Ask%3A1%3Afp%3A52%3Awv%3A2%3Ads%3A0%2C0%2C0%2C%2C%2C0%2C%2C%2C0%2C%2C%2C%2C46%3Aco%3A0%3Ahdl%3A1%3Ans%3A1791526598580%3Aadb%3A2%3Arqnl%3A1%3Ast%3A1791526599%3At%3A%D0%91%D0%BE%D1%81%D1%81%D1%8B%20Broken%20Ranks%20%E2%80%94%20%D0%BF%D0%BE%D0%BB%D0%BD%D1%8B%D0%B9%20%D1%81%D0%BF%D0%B8%D1%81%D0%BE%D0%BA&t=clt(24)gdpr(14)clc(0-0-0)rqnt(1)aw(1)rcm(0)cdl(na)eco(42009088)ti(1)
5b5b57a52fd2	200	GET	application/javascript; charset=UTF-8	https://anteikutaern.at.ua/raresImg/zapusk.js?1791526603425
a71b38f3143d	200	GET	application/json	https://anteikutaern.at.ua/raresImg/anteikuDBversion.json?_=1791526603599
d8a3f03c876a	200	GET	application/json; charset=utf-8	https://mc.yandex.com/watch/81337741?wmode=7&page-url=https%3A%2F%2Fanteikutaern.at.ua%2Fmobs%2Fbosses%2F&charset=utf-8&uah=che%0A0&browser-info=pv%3A1%3Avf%3Ajeu2ees5yi9qi1u8go1yz2nmugpom3%3Afu%3A0%3Aen%3Autf-8%3Ala%3Aen-US%3Av%3A2660%3Acn%3A1%3Adp%3A0%3Als%3A1624601425020%3Ahid%3A1016393415%3Az%3A420%3Ai%3A20261009131643%3Aet%3A1791526604%3Ac%3A1%3Arn%3A382525334%3Arqn%3A10%3Au%3A1791526566808777865%3Aw%3A1600x1000%3As%3A1366x768x24%3Ask%3A1%3Afp%3A58%3Awv%3A2%3Ads%3A0%2C0%2C0%2C0%2C-3%2C0%2C%2C54%2C1%2C%2C%2C%2C51%3Aco%3A0%3Ahdl%3A1%3Ans%3A1791526603373%3Aadb%3A2%3Arqnl%3A1%3Ast%3A1791526604%3At%3A%D0%91%D0%BE%D1%81%D1%81%D1%8B%20Broken%20Ranks%20%E2%80%94%20%D0%BF%D0%BE%D0%BB%D0%BD%D1%8B%D0%B9%20%D1%81%D0%BF%D0%B8%D1%81%D0%BE%D0%BA&t=clt(38)gdpr(14)clc(0-0-0)rqnt(1)aw(1)rcm(0)cdl(na)eco(42009088)ti(1)
c44b11071426	200	GET	application/javascript; charset=UTF-8	https://anteikutaern.at.ua/raresImg/zapusk.js?1791526606959
7fa0f9ee3649	200	GET	application/json	https://anteikutaern.at.ua/raresImg/anteikuDBversion.json?_=1791526607116
c15023ef2241	200	GET	application/json; charset=utf-8	https://mc.yandex.com/watch/81337741?wmode=7&page-url=https%3A%2F%2Fanteikutaern.at.ua%2Fmobs%2Fbosses%2F&charset=utf-8&uah=che%0A0&browser-info=pv%3A1%3Avf%3Ajeu2ees5yi9qi1u8go1yz2nmugpom3%3Afu%3A0%3Aen%3Autf-8%3Ala%3Aen-US%3Av%3A2660%3Acn%3A1%3Adp%3A0%3Als%3A1624601425020%3Ahid%3A7355666%3Az%3A420%3Ai%3A20261009131647%3Aet%3A1791526607%3Ac%3A1%3Arn%3A257359175%3Arqn%3A11%3Au%3A1791526566808777865%3Aw%3A1600x1000%3As%3A1366x768x24%3Ask%3A1%3Afp%3A59%3Awv%3A2%3Ads%3A0%2C0%2C0%2C0%2C-4%2C0%2C%2C51%2C1%2C%2C%2C%2C48%3Aco%3A0%3Ahdl%3A1%3Ans%3A1791526606911%3Aadb%3A2%3Arqnl%3A1%3Ast%3A1791526607%3At%3A%D0%91%D0%BE%D1%81%D1%81%D1%8B%20Broken%20Ranks%20%E2%80%94%20%D0%BF%D0%BE%D0%BB%D0%BD%D1%8B%D0%B9%20%D1%81%D0%BF%D0%B8%D1%81%D0%BE%D0%BA&t=clt(50)gdpr(14)clc(0-0-0)rqnt(1)aw(1)rcm(0)cdl(na)eco(42009088)ti(1)
4048e10d8d36	200	GET	application/javascript; charset=UTF-8	https://anteikutaern.at.ua/raresImg/zapusk.js?1791526611739
78357a079cd4	200	GET	application/json	https://anteikutaern.at.ua/raresImg/anteikuDBversion.json?_=1791526611896
8c786d41ed9c	200	GET	application/json; charset=utf-8	https://mc.yandex.com/watch/81337741?wmode=7&page-url=https%3A%2F%2Fanteikutaern.at.ua%2Fmobs%2Fbosses%2F&charset=utf-8&uah=che%0A0&browser-info=pv%3A1%3Avf%3Ajeu2ees5yi9qi1u8go1yz2nmugpom3%3Afu%3A0%3Aen%3Autf-8%3Ala%3Aen-US%3Av%3A2660%3Acn%3A1%3Adp%3A0%3Als%3A1624601425020%3Ahid%3A813028050%3Az%3A420%3Ai%3A20261009131651%3Aet%3A1791526612%3Ac%3A1%3Arn%3A696322842%3Arqn%3A12%3Au%3A1791526566808777865%3Aw%3A1600x1000%3As%3A1366x768x24%3Ask%3A1%3Afp%3A58%3Awv%3A2%3Ads%3A0%2C0%2C0%2C%2C%2C0%2C%2C%2C1%2C%2C%2C%2C48%3Aco%3A0%3Ahdl%3A1%3Ans%3A1791526611692%3Aadb%3A2%3Arqnl%3A1%3Ast%3A1791526612%3At%3A%D0%91%D0%BE%D1%81%D1%81%D1%8B%20Broken%20Ranks%20%E2%80%94%20%D0%BF%D0%BE%D0%BB%D0%BD%D1%8B%D0%B9%20%D1%81%D0%BF%D0%B8%D1%81%D0%BE%D0%BA&t=clt(23)gdpr(14)clc(0-0-0)rqnt(1)aw(1)rcm(0)cdl(na)eco(42009088)ti(1)
16fbdf4cb15f	200	GET	application/javascript; charset=UTF-8	https://anteikutaern.at.ua/raresImg/zapusk.js?1791526616546
202642e02133	200	GET	application/json	https://anteikutaern.at.ua/raresImg/anteikuDBversion.json?_=1791526616711
58ad6c78413d	200	GET	application/json; charset=utf-8	https://mc.yandex.com/watch/81337741?wmode=7&page-url=https%3A%2F%2Fanteikutaern.at.ua%2Fmobs%2Fbosses%2F&charset=utf-8&uah=che%0A0&browser-info=pv%3A1%3Avf%3Ajeu2ees5yi9qi1u8go1yz2nmugpom3%3Afu%3A0%3Aen%3Autf-8%3Ala%3Aen-US%3Av%3A2660%3Acn%3A1%3Adp%3A0%3Als%3A1624601425020%3Ahid%3A187666671%3Az%3A420%3Ai%3A20261009131656%3Aet%3A1791526617%3Ac%3A1%3Arn%3A199276907%3Arqn%3A13%3Au%3A1791526566808777865%3Aw%3A1600x1000%3As%3A1366x768x24%3Ask%3A1%3Afp%3A52%3Awv%3A2%3Ads%3A0%2C0%2C0%2C0%2C-1%2C0%2C%2C45%2C1%2C%2C%2C%2C45%3Aco%3A0%3Ahdl%3A1%3Ans%3A1791526616500%3Aadb%3A2%3Arqnl%3A1%3Ast%3A1791526617%3At%3A%D0%91%D0%BE%D1%81%D1%81%D1%8B%20Broken%20Ranks%20%E2%80%94%20%D0%BF%D0%BE%D0%BB%D0%BD%D1%8B%D0%B9%20%D1%81%D0%BF%D0%B8%D1%81%D0%BE%D0%BA&t=clt(58)gdpr(14)clc(0-0-0)rqnt(1)aw(1)rcm(0)cdl(na)eco(42009088)ti(1)
d1cf74c12903	200	GET	application/javascript; charset=UTF-8	https://anteikutaern.at.ua/raresImg/zapusk.js?1791526621353
cb86bee05471	200	GET	application/json	https://anteikutaern.at.ua/raresImg/anteikuDBversion.json?_=1791526621523
a90e9015ddb3	200	GET	application/json; charset=utf-8	https://mc.yandex.com/watch/81337741?wmode=7&page-url=https%3A%2F%2Fanteikutaern.at.ua%2Fmobs%2Fbosses%2F&charset=utf-8&uah=che%0A0&browser-info=pv%3A1%3Avf%3Ajeu2ees5yi9qi1u8go1yz2nmugpom3%3Afu%3A0%3Aen%3Autf-8%3Ala%3Aen-US%3Av%3A2660%3Acn%3A1%3Adp%3A0%3Als%3A1624601425020%3Ahid%3A399183159%3Az%3A420%3Ai%3A20261009131701%3Aet%3A1791526621%3Ac%3A1%3Arn%3A571667634%3Arqn%3A14%3Au%3A1791526566808777865%3Aw%3A1600x1000%3As%3A1366x768x24%3Ask%3A1%3Afp%3A51%3Awv%3A2%3Ads%3A0%2C0%2C0%2C0%2C-3%2C0%2C%2C46%2C1%2C%2C%2C%2C45%3Aco%3A0%3Ahdl%3A1%3Ans%3A1791526621303%3Aadb%3A2%3Arqnl%3A1%3Ast%3A1791526621%3At%3A%D0%91%D0%BE%D1%81%D1%81%D1%8B%20Broken%20Ranks%20%E2%80%94%20%D0%BF%D0%BE%D0%BB%D0%BD%D1%8B%D0%B9%20%D1%81%D0%BF%D0%B8%D1%81%D0%BE%D0%BA&t=clt(15)gdpr(14)clc(0-0-0)rqnt(1)aw(1)rcm(0)cdl(na)eco(42009088)ti(1)
901ba7058831	200	GET	application/javascript; charset=UTF-8	https://anteikutaern.at.ua/raresImg/zapusk.js?1791526624892
7c11b11e078e	200	GET	application/json	https://anteikutaern.at.ua/raresImg/anteikuDBversion.json?_=1791526625050
44a0cdfa8d66	200	GET	application/json; charset=utf-8	https://mc.yandex.com/watch/81337741?wmode=7&page-url=https%3A%2F%2Fanteikutaern.at.ua%2Fmobs%2Fbosses%2F&charset=utf-8&uah=che%0A0&browser-info=pv%3A1%3Avf%3Ajeu2ees5yi9qi1u8go1yz2nmugpom3%3Afu%3A0%3Aen%3Autf-8%3Ala%3Aen-US%3Av%3A2660%3Acn%3A1%3Adp%3A0%3Als%3A1624601425020%3Ahid%3A61552353%3Az%3A420%3Ai%3A20261009131705%3Aet%3A1791526625%3Ac%3A1%3Arn%3A650789645%3Arqn%3A15%3Au%3A1791526566808777865%3Aw%3A1600x1000%3As%3A1366x768x24%3Ask%3A1%3Afp%3A60%3Awv%3A2%3Ads%3A0%2C0%2C0%2C0%2C-2%2C0%2C%2C50%2C1%2C%2C%2C%2C49%3Aco%3A0%3Ahdl%3A1%3Ans%3A1791526624843%3Aadb%3A2%3Arqnl%3A1%3Ast%3A1791526625%3At%3A%D0%91%D0%BE%D1%81%D1%81%D1%8B%20Broken%20Ranks%20%E2%80%94%20%D0%BF%D0%BE%D0%BB%D0%BD%D1%8B%D0%B9%20%D1%81%D0%BF%D0%B8%D1%81%D0%BE%D0%BA&t=clt(50)gdpr(14)clc(0-0-0)rqnt(1)aw(1)rcm(0)cdl(na)eco(42009088)ti(1)
eec6643fadfb	200	GET	application/javascript; charset=UTF-8	https://anteikutaern.at.ua/raresImg/zapusk.js?1791526629657
8f67ff370d35	200	GET	application/json	https://anteikutaern.at.ua/raresImg/anteikuDBversion.json?_=1791526629826
e91cd6284094	200	GET	application/json; charset=utf-8	https://mc.yandex.com/watch/81337741?wmode=7&page-url=https%3A%2F%2Fanteikutaern.at.ua%2Fmobs%2Fbosses%2F&charset=utf-8&uah=che%0A0&browser-info=pv%3A1%3Avf%3Ajeu2ees5yi9qi1u8go1yz2nmugpom3%3Afu%3A0%3Aen%3Autf-8%3Ala%3Aen-US%3Av%3A2660%3Acn%3A1%3Adp%3A0%3Als%3A1624601425020%3Ahid%3A652391565%3Az%3A420%3Ai%3A20261009131709%3Aet%3A1791526630%3Ac%3A1%3Arn%3A556151082%3Arqn%3A16%3Au%3A1791526566808777865%3Aw%3A1600x1000%3As%3A1366x768x24%3Ask%3A1%3Afp%3A52%3Awv%3A2%3Ads%3A0%2C0%2C0%2C0%2C-4%2C0%2C%2C49%2C1%2C%2C%2C%2C46%3Aco%3A0%3Ahdl%3A1%3Ans%3A1791526629612%3Aadb%3A2%3Arqnl%3A1%3Ast%3A1791526630%3At%3A%D0%91%D0%BE%D1%81%D1%81%D1%8B%20Broken%20Ranks%20%E2%80%94%20%D0%BF%D0%BE%D0%BB%D0%BD%D1%8B%D0%B9%20%D1%81%D0%BF%D0%B8%D1%81%D0%BE%D0%BA&t=clt(19)gdpr(14)clc(0-0-0)rqnt(1)aw(1)rcm(0)cdl(na)eco(42009088)ti(1)
3b1181751669	200	GET	application/javascript; charset=UTF-8	https://anteikutaern.at.ua/raresImg/zapusk.js?1791526634465
07f4e5d0432a	200	GET	application/json	https://anteikutaern.at.ua/raresImg/anteikuDBversion.json?_=1791526634637
74da5e4e88ac	200	GET	application/json; charset=utf-8	https://mc.yandex.com/watch/81337741?wmode=7&page-url=https%3A%2F%2Fanteikutaern.at.ua%2Fmobs%2Fbosses%2F&charset=utf-8&uah=che%0A0&browser-info=pv%3A1%3Avf%3Ajeu2ees5yi9qi1u8go1yz2nmugpom3%3Afu%3A0%3Aen%3Autf-8%3Ala%3Aen-US%3Av%3A2660%3Acn%3A1%3Adp%3A0%3Als%3A1624601425020%3Ahid%3A263870912%3Az%3A420%3Ai%3A20261009131714%3Aet%3A1791526635%3Ac%3A1%3Arn%3A518581901%3Arqn%3A17%3Au%3A1791526566808777865%3Aw%3A1600x1000%3As%3A1366x768x24%3Ask%3A1%3Afp%3A51%3Awv%3A2%3Ads%3A0%2C0%2C0%2C0%2C-1%2C0%2C%2C44%2C1%2C%2C%2C%2C44%3Aco%3A0%3Ahdl%3A1%3Ans%3A1791526634422%3Aadb%3A2%3Arqnl%3A1%3Ast%3A1791526635%3At%3A%D0%91%D0%BE%D1%81%D1%81%D1%8B%20Broken%20Ranks%20%E2%80%94%20%D0%BF%D0%BE%D0%BB%D0%BD%D1%8B%D0%B9%20%D1%81%D0%BF%D0%B8%D1%81%D0%BE%D0%BA&t=clt(14)gdpr(14)clc(0-0-0)rqnt(1)aw(1)rcm(0)cdl(na)eco(42009088)ti(1)
fe83780233dc	200	GET	application/javascript; charset=UTF-8	https://anteikutaern.at.ua/raresImg/zapusk.js?1791526639274
7d2d299353ee	200	GET	application/json	https://anteikutaern.at.ua/raresImg/anteikuDBversion.json?_=1791526639441
5f166a125ec2	200	GET	application/json; charset=utf-8	https://mc.yandex.com/watch/81337741?wmode=7&page-url=https%3A%2F%2Fanteikutaern.at.ua%2Fmobs%2Fbosses%2F&charset=utf-8&uah=che%0A0&browser-info=pv%3A1%3Avf%3Ajeu2ees5yi9qi1u8go1yz2nmugpom3%3Afu%3A0%3Aen%3Autf-8%3Ala%3Aen-US%3Av%3A2660%3Acn%3A1%3Adp%3A0%3Als%3A1624601425020%3Ahid%3A512831051%3Az%3A420%3Ai%3A20261009131719%3Aet%3A1791526639%3Ac%3A1%3Arn%3A193269842%3Arqn%3A18%3Au%3A1791526566808777865%3Aw%3A1600x1000%3As%3A1366x768x24%3Ask%3A1%3Afp%3A53%3Awv%3A2%3Ads%3A0%2C0%2C0%2C0%2C-1%2C0%2C%2C45%2C1%2C%2C%2C%2C45%3Aco%3A0%3Ahdl%3A1%3Ans%3A1791526639227%3Aadb%3A2%3Arqnl%3A1%3Ast%3A1791526639%3At%3A%D0%91%D0%BE%D1%81%D1%81%D1%8B%20Broken%20Ranks%20%E2%80%94%20%D0%BF%D0%BE%D0%BB%D0%BD%D1%8B%D0%B9%20%D1%81%D0%BF%D0%B8%D1%81%D0%BE%D0%BA&t=clt(12)gdpr(14)clc(0-0-0)rqnt(1)aw(1)rcm(0)cdl(na)eco(42009088)ti(1)
928647e90d3f	200	GET	application/javascript; charset=UTF-8	https://anteikutaern.at.ua/raresImg/zapusk.js?1791526642842
20edfa5a1435	200	GET	application/json	https://anteikutaern.at.ua/raresImg/anteikuDBversion.json?_=1791526643006
f72936f19116	200	GET	application/json; charset=utf-8	https://mc.yandex.com/watch/81337741?wmode=7&page-url=https%3A%2F%2Fanteikutaern.at.ua%2Fmobs%2Fbosses%2F&charset=utf-8&uah=che%0A0&browser-info=pv%3A1%3Avf%3Ajeu2ees5yi9qi1u8go1yz2nmugpom3%3Afu%3A0%3Aen%3Autf-8%3Ala%3Aen-US%3Av%3A2660%3Acn%3A1%3Adp%3A0%3Als%3A1624601425020%3Ahid%3A914625666%3Az%3A420%3Ai%3A20261009131722%3Aet%3A1791526643%3Ac%3A1%3Arn%3A232250459%3Arqn%3A19%3Au%3A1791526566808777865%3Aw%3A1600x1000%3As%3A1366x768x24%3Ask%3A1%3Afp%3A58%3Awv%3A2%3Ads%3A0%2C0%2C0%2C0%2C-4%2C0%2C%2C52%2C3%2C%2C%2C%2C48%3Aco%3A0%3Ahdl%3A1%3Ans%3A1791526642786%3Aadb%3A2%3Arqnl%3A1%3Ast%3A1791526643%3At%3A%D0%91%D0%BE%D1%81%D1%81%D1%8B%20Broken%20Ranks%20%E2%80%94%20%D0%BF%D0%BE%D0%BB%D0%BD%D1%8B%D0%B9%20%D1%81%D0%BF%D0%B8%D1%81%D0%BE%D0%BA&t=clt(29)gdpr(14)clc(0-0-0)rqnt(1)aw(1)rcm(0)cdl(na)eco(42009088)ti(1)
e5bdc2b48eda	200	GET	application/javascript; charset=UTF-8	https://anteikutaern.at.ua/raresImg/zapusk.js?1791526647728
c6497f2f35d1	200	GET	application/json	https://anteikutaern.at.ua/raresImg/anteikuDBversion.json?_=1791526647891
92075dfde9c6	200	GET	application/json; charset=utf-8	https://mc.yandex.com/watch/81337741?wmode=7&page-url=https%3A%2F%2Fanteikutaern.at.ua%2Fmobs%2Fbosses%2F&charset=utf-8&uah=che%0A0&browser-info=pv%3A1%3Avf%3Ajeu2ees5yi9qi1u8go1yz2nmugpom3%3Afu%3A0%3Aen%3Autf-8%3Ala%3Aen-US%3Av%3A2660%3Acn%3A1%3Adp%3A0%3Als%3A1624601425020%3Ahid%3A364433954%3Az%3A420%3Ai%3A20261009131727%3Aet%3A1791526648%3Ac%3A1%3Arn%3A420018837%3Arqn%3A20%3Au%3A1791526566808777865%3Aw%3A1600x1000%3As%3A1366x768x24%3Ask%3A1%3Afp%3A59%3Awv%3A2%3Ads%3A0%2C0%2C0%2C0%2C-2%2C0%2C%2C51%2C1%2C%2C%2C%2C50%3Aco%3A0%3Ahdl%3A1%3Ans%3A1791526647678%3Aadb%3A2%3Arqnl%3A1%3Ast%3A1791526648%3At%3A%D0%91%D0%BE%D1%81%D1%81%D1%8B%20Broken%20Ranks%20%E2%80%94%20%D0%BF%D0%BE%D0%BB%D0%BD%D1%8B%D0%B9%20%D1%81%D0%BF%D0%B8%D1%81%D0%BE%D0%BA&t=clt(14)gdpr(14)clc(0-0-0)rqnt(1)aw(1)rcm(0)cdl(na)eco(42009088)ti(1)
40a2de2cfb2e	200	GET	application/javascript; charset=UTF-8	https://anteikutaern.at.ua/raresImg/zapusk.js?1791526652525
8b36cec5cbb4	200	GET	application/json; charset=utf-8	https://mc.yandex.com/watch/81337741?wmode=7&page-url=https%3A%2F%2Fanteikutaern.at.ua%2Fmobs%2Fbosses%2F&charset=utf-8&uah=che%0A0&browser-info=pv%3A1%3Avf%3Ajeu2ees5yi9qi1u8go1yz2nmugpom3%3Afu%3A0%3Aen%3Autf-8%3Ala%3Aen-US%3Av%3A2660%3Acn%3A1%3Adp%3A0%3Als%3A1624601425020%3Ahid%3A489919284%3Az%3A420%3Ai%3A20261009131732%3Aet%3A1791526653%3Ac%3A1%3Arn%3A51404220%3Arqn%3A21%3Au%3A1791526566808777865%3Aw%3A1600x1000%3As%3A1366x768x24%3Ask%3A1%3Afp%3A52%3Awv%3A2%3Ads%3A0%2C0%2C0%2C0%2C-2%2C0%2C%2C47%2C1%2C%2C%2C%2C46%3Aco%3A0%3Ahdl%3A1%3Ans%3A1791526652478%3Aadb%3A2%3Arqnl%3A1%3Ast%3A1791526653%3At%3A%D0%91%D0%BE%D1%81%D1%81%D1%8B%20Broken%20Ranks%20%E2%80%94%20%D0%BF%D0%BE%D0%BB%D0%BD%D1%8B%D0%B9%20%D1%81%D0%BF%D0%B8%D1%81%D0%BE%D0%BA&t=clt(16)gdpr(14)clc(0-0-0)rqnt(1)aw(1)rcm(0)cdl(na)eco(42009088)ti(1)
306b0cbce60c	200	GET	application/json	https://anteikutaern.at.ua/raresImg/anteikuDBversion.json?_=1791526652690
b0648f96d51d	200	GET	application/javascript; charset=UTF-8	https://anteikutaern.at.ua/raresImg/zapusk.js?1791526657354
f24bcd445651	200	GET	application/json	https://anteikutaern.at.ua/raresImg/anteikuDBversion.json?_=1791526657529
837f7f6ec7b1	200	GET	application/json; charset=utf-8	https://mc.yandex.com/watch/81337741?wmode=7&page-url=https%3A%2F%2Fanteikutaern.at.ua%2Fmobs%2Fbosses%2F&charset=utf-8&uah=che%0A0&browser-info=pv%3A1%3Avf%3Ajeu2ees5yi9qi1u8go1yz2nmugpom3%3Afu%3A0%3Aen%3Autf-8%3Ala%3Aen-US%3Av%3A2660%3Acn%3A1%3Adp%3A0%3Als%3A1624601425020%3Ahid%3A380751643%3Az%3A420%3Ai%3A20261009131737%3Aet%3A1791526658%3Ac%3A1%3Arn%3A487750853%3Arqn%3A22%3Au%3A1791526566808777865%3Aw%3A1600x1000%3As%3A1366x768x24%3Ask%3A1%3Afp%3A50%3Awv%3A2%3Ads%3A0%2C0%2C0%2C0%2C-1%2C0%2C%2C43%2C1%2C%2C%2C%2C44%3Aco%3A0%3Ahdl%3A1%3Ans%3A1791526657312%3Aadb%3A2%3Arqnl%3A1%3Ast%3A1791526658%3At%3A%D0%91%D0%BE%D1%81%D1%81%D1%8B%20Broken%20Ranks%20%E2%80%94%20%D0%BF%D0%BE%D0%BB%D0%BD%D1%8B%D0%B9%20%D1%81%D0%BF%D0%B8%D1%81%D0%BE%D0%BA&t=clt(41)gdpr(14)clc(0-0-0)rqnt(1)aw(1)rcm(0)cdl(na)eco(42009088)ti(1)
2bdfb5597b8f	200	GET	application/javascript; charset=UTF-8	https://anteikutaern.at.ua/raresImg/zapusk.js?1791526660915
911448fbb2ff	200	GET	application/json	https://anteikutaern.at.ua/raresImg/anteikuDBversion.json?_=1791526661069
cbd5c9e07f69	200	GET	application/json; charset=utf-8	https://mc.yandex.com/watch/81337741?wmode=7&page-url=https%3A%2F%2Fanteikutaern.at.ua%2Fmobs%2Fbosses%2F&charset=utf-8&uah=che%0A0&browser-info=pv%3A1%3Avf%3Ajeu2ees5yi9qi1u8go1yz2nmugpom3%3Afu%3A0%3Aen%3Autf-8%3Ala%3Aen-US%3Av%3A2660%3Acn%3A1%3Adp%3A0%3Als%3A1624601425020%3Ahid%3A963058888%3Az%3A420%3Ai%3A20261009131741%3Aet%3A1791526661%3Ac%3A1%3Arn%3A412335438%3Arqn%3A23%3Au%3A1791526566808777865%3Aw%3A1600x1000%3As%3A1366x768x24%3Ask%3A1%3Afp%3A56%3Awv%3A2%3Ads%3A0%2C0%2C0%2C%2C%2C0%2C%2C%2C1%2C%2C%2C%2C46%3Aco%3A0%3Ahdl%3A1%3Ans%3A1791526660869%3Aadb%3A2%3Arqnl%3A1%3Ast%3A1791526661%3At%3A%D0%91%D0%BE%D1%81%D1%81%D1%8B%20Broken%20Ranks%20%E2%80%94%20%D0%BF%D0%BE%D0%BB%D0%BD%D1%8B%D0%B9%20%D1%81%D0%BF%D0%B8%D1%81%D0%BE%D0%BA&t=clt(31)gdpr(14)clc(0-0-0)rqnt(1)aw(1)rcm(0)cdl(na)eco(42009088)ti(1)
e70f83f2917d	200	GET	application/javascript; charset=UTF-8	https://anteikutaern.at.ua/raresImg/zapusk.js?1791526665779
dc79064af596	200	GET	application/json	https://anteikutaern.at.ua/raresImg/anteikuDBversion.json?_=1791526665936
a51bd3e58d53	200	GET	application/json; charset=utf-8	https://mc.yandex.com/watch/81337741?wmode=7&page-url=https%3A%2F%2Fanteikutaern.at.ua%2Fmobs%2Fbosses%2F&charset=utf-8&uah=che%0A0&browser-info=pv%3A1%3Avf%3Ajeu2ees5yi9qi1u8go1yz2nmugpom3%3Afu%3A0%3Aen%3Autf-8%3Ala%3Aen-US%3Av%3A2660%3Acn%3A1%3Adp%3A0%3Als%3A1624601425020%3Ahid%3A908316610%3Az%3A420%3Ai%3A20261009131745%3Aet%3A1791526666%3Ac%3A1%3Arn%3A118747165%3Arqn%3A24%3Au%3A1791526566808777865%3Aw%3A1600x1000%3As%3A1366x768x24%3Ask%3A1%3Afp%3A58%3Awv%3A2%3Ads%3A0%2C0%2C0%2C0%2C-1%2C0%2C%2C48%2C1%2C%2C%2C%2C47%3Aco%3A0%3Ahdl%3A1%3Ans%3A1791526665726%3Aadb%3A2%3Arqnl%3A1%3Ast%3A1791526666%3At%3A%D0%91%D0%BE%D1%81%D1%81%D1%8B%20Broken%20Ranks%20%E2%80%94%20%D0%BF%D0%BE%D0%BB%D0%BD%D1%8B%D0%B9%20%D1%81%D0%BF%D0%B8%D1%81%D0%BE%D0%BA&t=clt(29)gdpr(14)clc(0-0-0)rqnt(1)aw(1)rcm(0)cdl(na)eco(42009088)ti(1)
e14f2bc09bd7	200	GET	application/javascript; charset=UTF-8	https://anteikutaern.at.ua/raresImg/zapusk.js?1791526670552
bdac0a0ef943	200	GET	application/json; charset=utf-8	https://mc.yandex.com/watch/81337741?wmode=7&page-url=https%3A%2F%2Fanteikutaern.at.ua%2Fmobs%2Fbosses%2F&charset=utf-8&uah=che%0A0&browser-info=pv%3A1%3Avf%3Ajeu2ees5yi9qi1u8go1yz2nmugpom3%3Afu%3A0%3Aen%3Autf-8%3Ala%3Aen-US%3Av%3A2660%3Acn%3A1%3Adp%3A0%3Als%3A1624601425020%3Ahid%3A669892125%3Az%3A420%3Ai%3A20261009131750%3Aet%3A1791526671%3Ac%3A1%3Arn%3A1014828383%3Arqn%3A25%3Au%3A1791526566808777865%3Aw%3A1600x1000%3As%3A1366x768x24%3Ask%3A1%3Afp%3A58%3Awv%3A2%3Ads%3A0%2C0%2C0%2C0%2C-3%2C0%2C%2C50%2C1%2C%2C%2C%2C48%3Aco%3A0%3Ahdl%3A1%3Ans%3A1791526670503%3Aadb%3A2%3Arqnl%3A1%3Ast%3A1791526671%3At%3A%D0%91%D0%BE%D1%81%D1%81%D1%8B%20Broken%20Ranks%20%E2%80%94%20%D0%BF%D0%BE%D0%BB%D0%BD%D1%8B%D0%B9%20%D1%81%D0%BF%D0%B8%D1%81%D0%BE%D0%BA&t=clt(37)gdpr(14)clc(0-0-0)rqnt(1)aw(1)rcm(0)cdl(na)eco(42009088)ti(1)
36a2ef9a6c92	200	GET	application/json	https://anteikutaern.at.ua/raresImg/anteikuDBversion.json?_=1791526670720
0976abe1b666	200	GET	application/javascript; charset=UTF-8	https://anteikutaern.at.ua/raresImg/zapusk.js?1791526675674
46c68407086b	200	GET	application/json	https://anteikutaern.at.ua/raresImg/anteikuDBversion.json?_=1791526675832
63d42cb1f513	200	GET	application/json; charset=utf-8	https://mc.yandex.com/watch/81337741?wmode=7&page-url=https%3A%2F%2Fanteikutaern.at.ua%2Fmobs%2Fbosses%2F&charset=utf-8&uah=che%0A0&browser-info=pv%3A1%3Avf%3Ajeu2ees5yi9qi1u8go1yz2nmugpom3%3Afu%3A0%3Aen%3Autf-8%3Ala%3Aen-US%3Av%3A2660%3Acn%3A1%3Adp%3A0%3Als%3A1624601425020%3Ahid%3A945254524%3Az%3A420%3Ai%3A20261009131755%3Aet%3A1791526676%3Ac%3A1%3Arn%3A778786401%3Arqn%3A26%3Au%3A1791526566808777865%3Aw%3A1600x1000%3As%3A1366x768x24%3Ask%3A1%3Afp%3A58%3Awv%3A2%3Ads%3A0%2C0%2C0%2C0%2C-2%2C0%2C%2C49%2C1%2C%2C%2C%2C48%3Aco%3A0%3Ahdl%3A1%3Ans%3A1791526675625%3Aadb%3A2%3Arqnl%3A1%3Ast%3A1791526676%3At%3A%D0%91%D0%BE%D1%81%D1%81%D1%8B%20Broken%20Ranks%20%E2%80%94%20%D0%BF%D0%BE%D0%BB%D0%BD%D1%8B%D0%B9%20%D1%81%D0%BF%D0%B8%D1%81%D0%BE%D0%BA&t=clt(49)gdpr(14)clc(0-0-0)rqnt(1)aw(1)rcm(0)cdl(na)eco(42009088)ti(1)
bcc29898ddc0	200	GET	application/javascript; charset=UTF-8	https://anteikutaern.at.ua/raresImg/zapusk.js?1791526679256
186846577056	200	GET	application/json	https://anteikutaern.at.ua/raresImg/anteikuDBversion.json?_=1791526679417
5ab4085586ea	200	GET	application/json; charset=utf-8	https://mc.yandex.com/watch/81337741?wmode=7&page-url=https%3A%2F%2Fanteikutaern.at.ua%2Fmobs%2Fbosses%2F&charset=utf-8&uah=che%0A0&browser-info=pv%3A1%3Avf%3Ajeu2ees5yi9qi1u8go1yz2nmugpom3%3Afu%3A0%3Aen%3Autf-8%3Ala%3Aen-US%3Av%3A2660%3Acn%3A1%3Adp%3A0%3Als%3A1624601425020%3Ahid%3A996054112%3Az%3A420%3Ai%3A20261009131759%3Aet%3A1791526679%3Ac%3A1%3Arn%3A417491185%3Arqn%3A27%3Au%3A1791526566808777865%3Aw%3A1600x1000%3As%3A1366x768x24%3Ask%3A1%3Afp%3A52%3Awv%3A2%3Ads%3A0%2C0%2C0%2C0%2C-3%2C0%2C%2C48%2C1%2C%2C%2C%2C47%3Aco%3A0%3Ahdl%3A1%3Ans%3A1791526679212%3Aadb%3A2%3Arqnl%3A1%3Ast%3A1791526679%3At%3A%D0%91%D0%BE%D1%81%D1%81%D1%8B%20Broken%20Ranks%20%E2%80%94%20%D0%BF%D0%BE%D0%BB%D0%BD%D1%8B%D0%B9%20%D1%81%D0%BF%D0%B8%D1%81%D0%BE%D0%BA&t=clt(58)gdpr(14)clc(0-0-0)rqnt(1)aw(1)rcm(0)cdl(na)eco(42009088)ti(1)
7ba263fcb7ad	200	GET	application/javascript; charset=UTF-8	https://anteikutaern.at.ua/raresImg/zapusk.js?1791526684086
06fd2778696c	200	GET	application/json	https://anteikutaern.at.ua/raresImg/anteikuDBversion.json?_=1791526684252
1bb8d9464ac3	200	GET	application/json; charset=utf-8	https://mc.yandex.com/watch/81337741?wmode=7&page-url=https%3A%2F%2Fanteikutaern.at.ua%2Fmobs%2Fbosses%2F&charset=utf-8&uah=che%0A0&browser-info=pv%3A1%3Avf%3Ajeu2ees5yi9qi1u8go1yz2nmugpom3%3Afu%3A0%3Aen%3Autf-8%3Ala%3Aen-US%3Av%3A2660%3Acn%3A1%3Adp%3A0%3Als%3A1624601425020%3Ahid%3A432547951%3Az%3A420%3Ai%3A20261009131804%3Aet%3A1791526684%3Ac%3A1%3Arn%3A998824462%3Arqn%3A28%3Au%3A1791526566808777865%3Aw%3A1600x1000%3As%3A1366x768x24%3Ask%3A1%3Afp%3A52%3Awv%3A2%3Ads%3A0%2C0%2C0%2C0%2C-3%2C0%2C%2C47%2C1%2C%2C%2C%2C46%3Aco%3A0%3Ahdl%3A1%3Ans%3A1791526684037%3Aadb%3A2%3Arqnl%3A1%3Ast%3A1791526684%3At%3A%D0%91%D0%BE%D1%81%D1%81%D1%8B%20Broken%20Ranks%20%E2%80%94%20%D0%BF%D0%BE%D0%BB%D0%BD%D1%8B%D0%B9%20%D1%81%D0%BF%D0%B8%D1%81%D0%BE%D0%BA&t=clt(11)gdpr(14)clc(0-0-0)rqnt(1)aw(1)rcm(0)cdl(na)eco(42009088)ti(1)
e2d9fec9b144	200	GET	application/javascript; charset=UTF-8	https://anteikutaern.at.ua/raresImg/zapusk.js?1791526688881
6f920726261e	200	GET	application/json	https://anteikutaern.at.ua/raresImg/anteikuDBversion.json?_=1791526689046
3fa7001b0074	200	GET	application/json; charset=utf-8	https://mc.yandex.com/watch/81337741?wmode=7&page-url=https%3A%2F%2Fanteikutaern.at.ua%2Fmobs%2Fbosses%2F&charset=utf-8&uah=che%0A0&browser-info=pv%3A1%3Avf%3Ajeu2ees5yi9qi1u8go1yz2nmugpom3%3Afu%3A0%3Aen%3Autf-8%3Ala%3Aen-US%3Av%3A2660%3Acn%3A1%3Adp%3A0%3Als%3A1624601425020%3Ahid%3A305515907%3Az%3A420%3Ai%3A20261009131809%3Aet%3A1791526689%3Ac%3A1%3Arn%3A303215187%3Arqn%3A29%3Au%3A1791526566808777865%3Aw%3A1600x1000%3As%3A1366x768x24%3Ask%3A1%3Afp%3A54%3Awv%3A2%3Ads%3A0%2C0%2C0%2C0%2C-3%2C0%2C%2C48%2C1%2C%2C%2C%2C46%3Aco%3A0%3Ahdl%3A1%3Ans%3A1791526688836%3Aadb%3A2%3Arqnl%3A1%3Ast%3A1791526689%3At%3A%D0%91%D0%BE%D1%81%D1%81%D1%8B%20Broken%20Ranks%20%E2%80%94%20%D0%BF%D0%BE%D0%BB%D0%BD%D1%8B%D0%B9%20%D1%81%D0%BF%D0%B8%D1%81%D0%BE%D0%BA&t=clt(19)gdpr(14)clc(0-0-0)rqnt(1)aw(1)rcm(0)cdl(na)eco(42009088)ti(1)
5490e5001f4f	200	GET	application/javascript; charset=UTF-8	https://anteikutaern.at.ua/raresImg/zapusk.js?1791526693673
d9150787e195	200	GET	application/json	https://anteikutaern.at.ua/raresImg/anteikuDBversion.json?_=1791526693839
1022886f8481	200	GET	application/json; charset=utf-8	https://mc.yandex.com/watch/81337741?wmode=7&page-url=https%3A%2F%2Fanteikutaern.at.ua%2Fmobs%2Fbosses%2F&charset=utf-8&uah=che%0A0&browser-info=pv%3A1%3Avf%3Ajeu2ees5yi9qi1u8go1yz2nmugpom3%3Afu%3A0%3Aen%3Autf-8%3Ala%3Aen-US%3Av%3A2660%3Acn%3A1%3Adp%3A0%3Als%3A1624601425020%3Ahid%3A775201447%3Az%3A420%3Ai%3A20261009131813%3Aet%3A1791526694%3Ac%3A1%3Arn%3A390829782%3Arqn%3A30%3Au%3A1791526566808777865%3Aw%3A1600x1000%3As%3A1366x768x24%3Ask%3A1%3Afp%3A57%3Awv%3A2%3Ads%3A0%2C0%2C0%2C0%2C-4%2C0%2C%2C52%2C2%2C%2C%2C%2C48%3Aco%3A0%3Ahdl%3A1%3Ans%3A1791526693625%3Aadb%3A2%3Arqnl%3A1%3Ast%3A1791526694%3At%3A%D0%91%D0%BE%D1%81%D1%81%D1%8B%20Broken%20Ranks%20%E2%80%94%20%D0%BF%D0%BE%D0%BB%D0%BD%D1%8B%D0%B9%20%D1%81%D0%BF%D0%B8%D1%81%D0%BE%D0%BA&t=clt(20)gdpr(14)clc(0-0-0)rqnt(1)aw(1)rcm(0)cdl(na)eco(42009088)ti(1)
aab1a0a95d6e	200	GET	application/javascript; charset=UTF-8	https://anteikutaern.at.ua/raresImg/zapusk.js?1791526697222
fae375503477	200	GET	application/json	https://anteikutaern.at.ua/raresImg/anteikuDBversion.json?_=1791526697391
3145460f5137	200	GET	application/json; charset=utf-8	https://mc.yandex.com/watch/81337741?wmode=7&page-url=https%3A%2F%2Fanteikutaern.at.ua%2Fmobs%2Fbosses%2F&charset=utf-8&uah=che%0A0&browser-info=pv%3A1%3Avf%3Ajeu2ees5yi9qi1u8go1yz2nmugpom3%3Afu%3A0%3Aen%3Autf-8%3Ala%3Aen-US%3Av%3A2660%3Acn%3A1%3Adp%3A0%3Als%3A1624601425020%3Ahid%3A227632989%3Az%3A420%3Ai%3A20261009131817%3Aet%3A1791526697%3Ac%3A1%3Arn%3A257453556%3Arqn%3A31%3Au%3A1791526566808777865%3Aw%3A1600x1000%3As%3A1366x768x24%3Ask%3A1%3Afp%3A52%3Awv%3A2%3Ads%3A0%2C0%2C0%2C0%2C-3%2C0%2C%2C45%2C0%2C%2C%2C%2C43%3Aco%3A0%3Ahdl%3A1%3Ans%3A1791526697180%3Aadb%3A2%3Arqnl%3A1%3Ast%3A1791526697%3At%3A%D0%91%D0%BE%D1%81%D1%81%D1%8B%20Broken%20Ranks%20%E2%80%94%20%D0%BF%D0%BE%D0%BB%D0%BD%D1%8B%D0%B9%20%D1%81%D0%BF%D0%B8%D1%81%D0%BE%D0%BA&t=clt(18)gdpr(14)clc(0-0-0)rqnt(1)aw(1)rcm(0)cdl(na)eco(42009088)ti(1)
24c6951fa44b	200	GET	application/javascript; charset=UTF-8	https://anteikutaern.at.ua/raresImg/zapusk.js?1791526702044
c29424c0d4be	200	GET	application/json	https://anteikutaern.at.ua/raresImg/anteikuDBversion.json?_=1791526702210
a3fc7a7ef34d	200	GET	application/json; charset=utf-8	https://mc.yandex.com/watch/81337741?wmode=7&page-url=https%3A%2F%2Fanteikutaern.at.ua%2Fmobs%2Fbosses%2F&charset=utf-8&uah=che%0A0&browser-info=pv%3A1%3Avf%3Ajeu2ees5yi9qi1u8go1yz2nmugpom3%3Afu%3A0%3Aen%3Autf-8%3Ala%3Aen-US%3Av%3A2660%3Acn%3A1%3Adp%3A0%3Als%3A1624601425020%3Ahid%3A1001496101%3Az%3A420%3Ai%3A20261009131822%3Aet%3A1791526702%3Ac%3A1%3Arn%3A555081293%3Arqn%3A32%3Au%3A1791526566808777865%3Aw%3A1600x1000%3As%3A1366x768x24%3Ask%3A1%3Afp%3A58%3Awv%3A2%3Ads%3A0%2C0%2C0%2C0%2C-2%2C0%2C%2C48%2C1%2C%2C%2C%2C47%3Aco%3A0%3Ahdl%3A1%3Ans%3A1791526701997%3Aadb%3A2%3Arqnl%3A1%3Ast%3A1791526702%3At%3A%D0%91%D0%BE%D1%81%D1%81%D1%8B%20Broken%20Ranks%20%E2%80%94%20%D0%BF%D0%BE%D0%BB%D0%BD%D1%8B%D0%B9%20%D1%81%D0%BF%D0%B8%D1%81%D0%BE%D0%BA&t=clt(20)gdpr(14)clc(0-0-0)rqnt(1)aw(1)rcm(0)cdl(na)eco(42009088)ti(1)
cc27e6d94114	200	GET	application/javascript; charset=UTF-8	https://anteikutaern.at.ua/raresImg/zapusk.js?1791526706859
4d3b2acb5534	200	GET	application/json	https://anteikutaern.at.ua/raresImg/anteikuDBversion.json?_=1791526707015
e9cc00ace3bd	200	GET	application/json; charset=utf-8	https://mc.yandex.com/watch/81337741?wmode=7&page-url=https%3A%2F%2Fanteikutaern.at.ua%2Fmobs%2Fbosses%2F&charset=utf-8&uah=che%0A0&browser-info=pv%3A1%3Avf%3Ajeu2ees5yi9qi1u8go1yz2nmugpom3%3Afu%3A0%3Aen%3Autf-8%3Ala%3Aen-US%3Av%3A2660%3Acn%3A1%3Adp%3A0%3Als%3A1624601425020%3Ahid%3A795927422%3Az%3A420%3Ai%3A20261009131827%3Aet%3A1791526707%3Ac%3A1%3Arn%3A190094515%3Arqn%3A33%3Au%3A1791526566808777865%3Aw%3A1600x1000%3As%3A1366x768x24%3Ask%3A1%3Afp%3A54%3Awv%3A2%3Ads%3A0%2C0%2C0%2C0%2C-1%2C0%2C%2C46%2C1%2C%2C%2C%2C46%3Aco%3A0%3Ahdl%3A1%3Ans%3A1791526706808%3Aadb%3A2%3Arqnl%3A1%3Ast%3A1791526707%3At%3A%D0%91%D0%BE%D1%81%D1%81%D1%8B%20Broken%20Ranks%20%E2%80%94%20%D0%BF%D0%BE%D0%BB%D0%BD%D1%8B%D0%B9%20%D1%81%D0%BF%D0%B8%D1%81%D0%BE%D0%BA&t=clt(47)gdpr(14)clc(0-0-0)rqnt(1)aw(1)rcm(0)cdl(na)eco(42009088)ti(1)
70dddfe034b6	200	GET	application/javascript; charset=UTF-8	https://anteikutaern.at.ua/raresImg/zapusk.js?1791526711683
d3b53db1f2c1	200	GET	application/json	https://anteikutaern.at.ua/raresImg/anteikuDBversion.json?_=1791526711850
74cc85972ba3	200	GET	application/json; charset=utf-8	https://mc.yandex.com/watch/81337741?wmode=7&page-url=https%3A%2F%2Fanteikutaern.at.ua%2Fmobs%2Fbosses%2F&charset=utf-8&uah=che%0A0&browser-info=pv%3A1%3Avf%3Ajeu2ees5yi9qi1u8go1yz2nmugpom3%3Afu%3A0%3Aen%3Autf-8%3Ala%3Aen-US%3Av%3A2660%3Acn%3A1%3Adp%3A0%3Als%3A1624601425020%3Ahid%3A708943395%3Az%3A420%3Ai%3A20261009131831%3Aet%3A1791526712%3Ac%3A1%3Arn%3A715787377%3Arqn%3A34%3Au%3A1791526566808777865%3Aw%3A1600x1000%3As%3A1366x768x24%3Ask%3A1%3Afp%3A51%3Awv%3A2%3Ads%3A0%2C0%2C0%2C0%2C-1%2C0%2C%2C42%2C1%2C%2C%2C%2C42%3Aco%3A0%3Ahdl%3A1%3Ans%3A1791526711642%3Aadb%3A2%3Arqnl%3A1%3Ast%3A1791526712%3At%3A%D0%91%D0%BE%D1%81%D1%81%D1%8B%20Broken%20Ranks%20%E2%80%94%20%D0%BF%D0%BE%D0%BB%D0%BD%D1%8B%D0%B9%20%D1%81%D0%BF%D0%B8%D1%81%D0%BE%D0%BA&t=clt(55)gdpr(14)clc(0-0-0)rqnt(1)aw(1)rcm(0)cdl(na)eco(42009088)ti(1)
beff763e25b7	200	GET	application/javascript; charset=UTF-8	https://anteikutaern.at.ua/raresImg/zapusk.js?1791526715301
75491ae1235e	200	GET	application/json	https://anteikutaern.at.ua/raresImg/anteikuDBversion.json?_=1791526715456
58aacd5e59e5	200	GET	application/json; charset=utf-8	https://mc.yandex.com/watch/81337741?wmode=7&page-url=https%3A%2F%2Fanteikutaern.at.ua%2Fmobs%2Fbosses%2F&charset=utf-8&uah=che%0A0&browser-info=pv%3A1%3Avf%3Ajeu2ees5yi9qi1u8go1yz2nmugpom3%3Afu%3A0%3Aen%3Autf-8%3Ala%3Aen-US%3Av%3A2660%3Acn%3A1%3Adp%3A0%3Als%3A1624601425020%3Ahid%3A2052128%3Az%3A420%3Ai%3A20261009131835%3Aet%3A1791526715%3Ac%3A1%3Arn%3A862423688%3Arqn%3A35%3Au%3A1791526566808777865%3Aw%3A1600x1000%3As%3A1366x768x24%3Ask%3A1%3Afp%3A53%3Awv%3A2%3Ads%3A0%2C0%2C0%2C%2C%2C0%2C%2C%2C1%2C%2C%2C%2C46%3Aco%3A0%3Ahdl%3A1%3Ans%3A1791526715256%3Aadb%3A2%3Arqnl%3A1%3Ast%3A1791526715%3At%3A%D0%91%D0%BE%D1%81%D1%81%D1%8B%20Broken%20Ranks%20%E2%80%94%20%D0%BF%D0%BE%D0%BB%D0%BD%D1%8B%D0%B9%20%D1%81%D0%BF%D0%B8%D1%81%D0%BE%D0%BA&t=clt(34)gdpr(14)clc(0-0-0)rqnt(1)aw(1)rcm(0)cdl(na)eco(42009088)ti(1)
1f89eb90e274	200	GET	application/javascript; charset=UTF-8	https://anteikutaern.at.ua/raresImg/zapusk.js?1791526720247
c9b4d2d6b492	200	GET	application/json	https://anteikutaern.at.ua/raresImg/anteikuDBversion.json?_=1791526720412
c05a99d9a75b	200	GET	application/json; charset=utf-8	https://mc.yandex.com/watch/81337741?wmode=7&page-url=https%3A%2F%2Fanteikutaern.at.ua%2Fmobs%2Fbosses%2F&charset=utf-8&uah=che%0A0&browser-info=pv%3A1%3Avf%3Ajeu2ees5yi9qi1u8go1yz2nmugpom3%3Afu%3A0%3Aen%3Autf-8%3Ala%3Aen-US%3Av%3A2660%3Acn%3A1%3Adp%3A0%3Als%3A1624601425020%3Ahid%3A426274368%3Az%3A420%3Ai%3A20261009131840%3Aet%3A1791526720%3Ac%3A1%3Arn%3A290167754%3Arqn%3A36%3Au%3A1791526566808777865%3Aw%3A1600x1000%3As%3A1366x768x24%3Ask%3A1%3Afp%3A50%3Awv%3A2%3Ads%3A0%2C0%2C0%2C0%2C-1%2C0%2C%2C43%2C2%2C%2C%2C%2C43%3Aco%3A0%3Ahdl%3A1%3Ans%3A1791526720204%3Aadb%3A2%3Arqnl%3A1%3Ast%3A1791526720%3At%3A%D0%91%D0%BE%D1%81%D1%81%D1%8B%20Broken%20Ranks%20%E2%80%94%20%D0%BF%D0%BE%D0%BB%D0%BD%D1%8B%D0%B9%20%D1%81%D0%BF%D0%B8%D1%81%D0%BE%D0%BA&t=clt(20)gdpr(14)clc(0-0-0)rqnt(1)aw(1)rcm(0)cdl(na)eco(42009088)ti(1)
34389d8f9b9e	200	GET	application/javascript; charset=UTF-8	https://anteikutaern.at.ua/raresImg/zapusk.js?1791526725088
2f1a18d832d2	200	GET	application/json	https://anteikutaern.at.ua/raresImg/anteikuDBversion.json?_=1791526725253
4720f60bf97f	200	GET	application/json; charset=utf-8	https://mc.yandex.com/watch/81337741?wmode=7&page-url=https%3A%2F%2Fanteikutaern.at.ua%2Fmobs%2Fbosses%2F&charset=utf-8&uah=che%0A0&browser-info=pv%3A1%3Avf%3Ajeu2ees5yi9qi1u8go1yz2nmugpom3%3Afu%3A0%3Aen%3Autf-8%3Ala%3Aen-US%3Av%3A2660%3Acn%3A1%3Adp%3A0%3Als%3A1624601425020%3Ahid%3A970908080%3Az%3A420%3Ai%3A20261009131845%3Aet%3A1791526725%3Ac%3A1%3Arn%3A176423491%3Arqn%3A37%3Au%3A1791526566808777865%3Aw%3A1600x1000%3As%3A1366x768x24%3Ask%3A1%3Afp%3A51%3Awv%3A2%3Ads%3A0%2C0%2C0%2C0%2C-1%2C0%2C%2C42%2C1%2C%2C%2C%2C42%3Aco%3A0%3Ahdl%3A1%3Ans%3A1791526725045%3Aadb%3A2%3Arqnl%3A1%3Ast%3A1791526725%3At%3A%D0%91%D0%BE%D1%81%D1%81%D1%8B%20Broken%20Ranks%20%E2%80%94%20%D0%BF%D0%BE%D0%BB%D0%BD%D1%8B%D0%B9%20%D1%81%D0%BF%D0%B8%D1%81%D0%BE%D0%BA&t=clt(54)gdpr(14)clc(0-0-0)rqnt(1)aw(1)rcm(0)cdl(na)eco(42009088)ti(1)
11291014ca54	200	GET	application/javascript; charset=UTF-8	https://anteikutaern.at.ua/raresImg/zapusk.js?1791526729949
8e0c0386f121	200	GET	application/json	https://anteikutaern.at.ua/raresImg/anteikuDBversion.json?_=1791526730106
3cfe0c2b51f9	200	GET	application/json; charset=utf-8	https://mc.yandex.com/watch/81337741?wmode=7&page-url=https%3A%2F%2Fanteikutaern.at.ua%2Fmobs%2Fbosses%2F&charset=utf-8&uah=che%0A0&browser-info=pv%3A1%3Avf%3Ajeu2ees5yi9qi1u8go1yz2nmugpom3%3Afu%3A0%3Aen%3Autf-8%3Ala%3Aen-US%3Av%3A2660%3Acn%3A1%3Adp%3A0%3Als%3A1624601425020%3Ahid%3A1068633270%3Az%3A420%3Ai%3A20261009131850%3Aet%3A1791526730%3Ac%3A1%3Arn%3A411466429%3Arqn%3A38%3Au%3A1791526566808777865%3Aw%3A1600x1000%3As%3A1366x768x24%3Ask%3A1%3Afp%3A57%3Awv%3A2%3Ads%3A0%2C0%2C0%2C0%2C-1%2C0%2C%2C45%2C1%2C%2C%2C%2C45%3Aco%3A0%3Ahdl%3A1%3Ans%3A1791526729904%3Aadb%3A2%3Arqnl%3A1%3Ast%3A1791526730%3At%3A%D0%91%D0%BE%D1%81%D1%81%D1%8B%20Broken%20Ranks%20%E2%80%94%20%D0%BF%D0%BE%D0%BB%D0%BD%D1%8B%D0%B9%20%D1%81%D0%BF%D0%B8%D1%81%D0%BE%D0%BA&t=clt(34)gdpr(14)clc(0-0-0)rqnt(1)aw(1)rcm(0)cdl(na)eco(42009088)ti(1)
d9a1b30f36ff	200	GET	application/javascript; charset=UTF-8	https://anteikutaern.at.ua/raresImg/zapusk.js?1791526733526
430996b13372	200	GET	application/json	https://anteikutaern.at.ua/raresImg/anteikuDBversion.json?_=1791526733691
293781c9a5f5	200	GET	application/json; charset=utf-8	https://mc.yandex.com/watch/81337741?wmode=7&page-url=https%3A%2F%2Fanteikutaern.at.ua%2Fmobs%2Fbosses%2F&charset=utf-8&uah=che%0A0&browser-info=pv%3A1%3Avf%3Ajeu2ees5yi9qi1u8go1yz2nmugpom3%3Afu%3A0%3Aen%3Autf-8%3Ala%3Aen-US%3Av%3A2660%3Acn%3A1%3Adp%3A0%3Als%3A1624601425020%3Ahid%3A622905027%3Az%3A420%3Ai%3A20261009131853%3Aet%3A1791526734%3Ac%3A1%3Arn%3A947412370%3Arqn%3A39%3Au%3A1791526566808777865%3Aw%3A1600x1000%3As%3A1366x768x24%3Ask%3A1%3Afp%3A52%3Awv%3A2%3Ads%3A0%2C0%2C0%2C0%2C-5%2C0%2C%2C48%2C1%2C%2C%2C%2C45%3Aco%3A0%3Ahdl%3A1%3Ans%3A1791526733481%3Aadb%3A2%3Arqnl%3A1%3Ast%3A1791526734%3At%3A%D0%91%D0%BE%D1%81%D1%81%D1%8B%20Broken%20Ranks%20%E2%80%94%20%D0%BF%D0%BE%D0%BB%D0%BD%D1%8B%D0%B9%20%D1%81%D0%BF%D0%B8%D1%81%D0%BE%D0%BA&t=clt(19)gdpr(14)clc(0-0-0)rqnt(1)aw(1)rcm(0)cdl(na)eco(42009088)ti(1)
94bfb70c8666	200	GET	application/javascript; charset=UTF-8	https://anteikutaern.at.ua/raresImg/zapusk.js?1791526738325
77e104b5893c	200	GET	application/json	https://anteikutaern.at.ua/raresImg/anteikuDBversion.json?_=1791526738484
ccce9534fc03	200	GET	application/json; charset=utf-8	https://mc.yandex.com/watch/81337741?wmode=7&page-url=https%3A%2F%2Fanteikutaern.at.ua%2Fmobs%2Fbosses%2F&charset=utf-8&uah=che%0A0&browser-info=pv%3A1%3Avf%3Ajeu2ees5yi9qi1u8go1yz2nmugpom3%3Afu%3A0%3Aen%3Autf-8%3Ala%3Aen-US%3Av%3A2660%3Acn%3A1%3Adp%3A0%3Als%3A1624601425020%3Ahid%3A770525360%3Az%3A420%3Ai%3A20261009131858%3Aet%3A1791526738%3Ac%3A1%3Arn%3A573087638%3Arqn%3A40%3Au%3A1791526566808777865%3Aw%3A1600x1000%3As%3A1366x768x24%3Ask%3A1%3Afp%3A58%3Awv%3A2%3Ads%3A0%2C0%2C0%2C0%2C-2%2C0%2C%2C49%2C1%2C%2C%2C%2C49%3Aco%3A0%3Ahdl%3A1%3Ans%3A1791526738276%3Aadb%3A2%3Arqnl%3A1%3Ast%3A1791526738%3At%3A%D0%91%D0%BE%D1%81%D1%81%D1%8B%20Broken%20Ranks%20%E2%80%94%20%D0%BF%D0%BE%D0%BB%D0%BD%D1%8B%D0%B9%20%D1%81%D0%BF%D0%B8%D1%81%D0%BE%D0%BA&t=clt(53)gdpr(14)clc(0-0-0)rqnt(1)aw(1)rcm(0)cdl(na)eco(42009088)ti(1)
4bc2b484e88c	200	GET	application/javascript; charset=UTF-8	https://anteikutaern.at.ua/raresImg/zapusk.js?1791526743170
044a33e0de74	200	GET	application/json	https://anteikutaern.at.ua/raresImg/anteikuDBversion.json?_=1791526743341
1b63dab809fb	200	GET	application/json; charset=utf-8	https://mc.yandex.com/watch/81337741?wmode=7&page-url=https%3A%2F%2Fanteikutaern.at.ua%2Fmobs%2Fbosses%2F&charset=utf-8&uah=che%0A0&browser-info=pv%3A1%3Avf%3Ajeu2ees5yi9qi1u8go1yz2nmugpom3%3Afu%3A0%3Aen%3Autf-8%3Ala%3Aen-US%3Av%3A2660%3Acn%3A1%3Adp%3A0%3Als%3A1624601425020%3Ahid%3A778769056%3Az%3A420%3Ai%3A20261009131903%3Aet%3A1791526743%3Ac%3A1%3Arn%3A32060262%3Arqn%3A41%3Au%3A1791526566808777865%3Aw%3A1600x1000%3As%3A1366x768x24%3Ask%3A1%3Afp%3A51%3Awv%3A2%3Ads%3A0%2C0%2C0%2C0%2C-1%2C0%2C%2C44%2C1%2C%2C%2C%2C44%3Aco%3A0%3Ahdl%3A1%3Ans%3A1791526743127%3Aadb%3A2%3Arqnl%3A1%3Ast%3A1791526743%3At%3A%D0%91%D0%BE%D1%81%D1%81%D1%8B%20Broken%20Ranks%20%E2%80%94%20%D0%BF%D0%BE%D0%BB%D0%BD%D1%8B%D0%B9%20%D1%81%D0%BF%D0%B8%D1%81%D0%BE%D0%BA&t=clt(21)gdpr(14)clc(0-0-0)rqnt(1)aw(1)rcm(0)cdl(na)eco(42009088)ti(1)
11117054663b	200	GET	application/javascript; charset=UTF-8	https://anteikutaern.at.ua/raresImg/zapusk.js?1791526746714
be30f2d647e3	200	GET	application/json	https://anteikutaern.at.ua/raresImg/anteikuDBversion.json?_=1791526746879
fc3da3824077	200	GET	application/json; charset=utf-8	https://mc.yandex.com/watch/81337741?wmode=7&page-url=https%3A%2F%2Fanteikutaern.at.ua%2Fmobs%2Fbosses%2F&charset=utf-8&uah=che%0A0&browser-info=pv%3A1%3Avf%3Ajeu2ees5yi9qi1u8go1yz2nmugpom3%3Afu%3A0%3Aen%3Autf-8%3Ala%3Aen-US%3Av%3A2660%3Acn%3A1%3Adp%3A0%3Als%3A1624601425020%3Ahid%3A87595282%3Az%3A420%3Ai%3A20261009131906%3Aet%3A1791526747%3Ac%3A1%3Arn%3A594824247%3Arqn%3A42%3Au%3A1791526566808777865%3Aw%3A1600x1000%3As%3A1366x768x24%3Ask%3A1%3Afp%3A50%3Awv%3A2%3Ads%3A0%2C0%2C0%2C0%2C-1%2C0%2C%2C42%2C1%2C%2C%2C%2C43%3Aco%3A0%3Ahdl%3A1%3Ans%3A1791526746671%3Aadb%3A2%3Arqnl%3A1%3Ast%3A1791526747%3At%3A%D0%91%D0%BE%D1%81%D1%81%D1%8B%20Broken%20Ranks%20%E2%80%94%20%D0%BF%D0%BE%D0%BB%D0%BD%D1%8B%D0%B9%20%D1%81%D0%BF%D0%B8%D1%81%D0%BE%D0%BA&t=clt(21)gdpr(14)clc(0-0-0)rqnt(1)aw(1)rcm(0)cdl(na)eco(42009088)ti(1)
74faabd99096	200	GET	application/javascript; charset=UTF-8	https://anteikutaern.at.ua/raresImg/zapusk.js?1791526751625
8b3a7432279d	200	GET	application/json	https://anteikutaern.at.ua/raresImg/anteikuDBversion.json?_=1791526751784
ee6584a646ac	200	GET	application/json; charset=utf-8	https://mc.yandex.com/watch/81337741?wmode=7&page-url=https%3A%2F%2Fanteikutaern.at.ua%2Fmobs%2Fbosses%2F&charset=utf-8&uah=che%0A0&browser-info=pv%3A1%3Avf%3Ajeu2ees5yi9qi1u8go1yz2nmugpom3%3Afu%3A0%3Aen%3Autf-8%3Ala%3Aen-US%3Av%3A2660%3Acn%3A1%3Adp%3A0%3Als%3A1624601425020%3Ahid%3A821167985%3Az%3A420%3Ai%3A20261009131911%3Aet%3A1791526752%3Ac%3A1%3Arn%3A1050070859%3Arqn%3A43%3Au%3A1791526566808777865%3Aw%3A1600x1000%3As%3A1366x768x24%3Ask%3A1%3Afp%3A50%3Awv%3A2%3Ads%3A0%2C0%2C0%2C0%2C-2%2C0%2C%2C43%2C1%2C%2C%2C%2C41%3Aco%3A0%3Ahdl%3A1%3Ans%3A1791526751584%3Aadb%3A2%3Arqnl%3A1%3Ast%3A1791526752%3At%3A%D0%91%D0%BE%D1%81%D1%81%D1%8B%20Broken%20Ranks%20%E2%80%94%20%D0%BF%D0%BE%D0%BB%D0%BD%D1%8B%D0%B9%20%D1%81%D0%BF%D0%B8%D1%81%D0%BE%D0%BA&t=clt(22)gdpr(14)clc(0-0-0)rqnt(1)aw(1)rcm(0)cdl(na)eco(42009088)ti(1)
5d2460ccb54d	200	GET	application/javascript; charset=UTF-8	https://anteikutaern.at.ua/raresImg/zapusk.js?1791526756434
841f4230fb11	200	GET	application/json	https://anteikutaern.at.ua/raresImg/anteikuDBversion.json?_=1791526756599
77a46739fcb6	200	GET	application/json; charset=utf-8	https://mc.yandex.com/watch/81337741?wmode=7&page-url=https%3A%2F%2Fanteikutaern.at.ua%2Fmobs%2Fbosses%2F&charset=utf-8&uah=che%0A0&browser-info=pv%3A1%3Avf%3Ajeu2ees5yi9qi1u8go1yz2nmugpom3%3Afu%3A0%3Aen%3Autf-8%3Ala%3Aen-US%3Av%3A2660%3Acn%3A1%3Adp%3A0%3Als%3A1624601425020%3Ahid%3A1063796421%3Az%3A420%3Ai%3A20261009131916%3Aet%3A1791526757%3Ac%3A1%3Arn%3A177253111%3Arqn%3A44%3Au%3A1791526566808777865%3Aw%3A1600x1000%3As%3A1366x768x24%3Ask%3A1%3Afp%3A45%3Awv%3A2%3Ads%3A0%2C0%2C0%2C0%2C-2%2C0%2C%2C37%2C1%2C%2C%2C%2C36%3Aco%3A0%3Ahdl%3A1%3Ans%3A1791526756398%3Aadb%3A2%3Arqnl%3A1%3Ast%3A1791526757%3At%3A%D0%91%D0%BE%D1%81%D1%81%D1%8B%20Broken%20Ranks%20%E2%80%94%20%D0%BF%D0%BE%D0%BB%D0%BD%D1%8B%D0%B9%20%D1%81%D0%BF%D0%B8%D1%81%D0%BE%D0%BA&t=clt(20)gdpr(14)clc(0-0-0)rqnt(1)aw(1)rcm(0)cdl(na)eco(42009088)ti(1)
798e9005a7a9	200	GET	application/javascript; charset=UTF-8	https://anteikutaern.at.ua/raresImg/zapusk.js?1791526761335
cfbf1ade4894	200	GET	application/json	https://anteikutaern.at.ua/raresImg/anteikuDBversion.json?_=1791526761510
99e0c6f8aca6	200	GET	application/json; charset=utf-8	https://mc.yandex.com/watch/81337741?wmode=7&page-url=https%3A%2F%2Fanteikutaern.at.ua%2Fmobs%2Fbosses%2F&charset=utf-8&uah=che%0A0&browser-info=pv%3A1%3Avf%3Ajeu2ees5yi9qi1u8go1yz2nmugpom3%3Afu%3A0%3Aen%3Autf-8%3Ala%3Aen-US%3Av%3A2660%3Acn%3A1%3Adp%3A0%3Als%3A1624601425020%3Ahid%3A348501061%3Az%3A420%3Ai%3A20261009131921%3Aet%3A1791526761%3Ac%3A1%3Arn%3A415103173%3Arqn%3A45%3Au%3A1791526566808777865%3Aw%3A1600x1000%3As%3A1366x768x24%3Ask%3A1%3Afp%3A52%3Awv%3A2%3Ads%3A0%2C0%2C0%2C0%2C-2%2C0%2C%2C46%2C1%2C%2C%2C%2C46%3Aco%3A0%3Ahdl%3A1%3Ans%3A1791526761290%3Aadb%3A2%3Arqnl%3A1%3Ast%3A1791526761%3At%3A%D0%91%D0%BE%D1%81%D1%81%D1%8B%20Broken%20Ranks%20%E2%80%94%20%D0%BF%D0%BE%D0%BB%D0%BD%D1%8B%D0%B9%20%D1%81%D0%BF%D0%B8%D1%81%D0%BE%D0%BA&t=clt(23)gdpr(14)clc(0-0-0)rqnt(1)aw(1)rcm(0)cdl(na)eco(42009088)ti(1)
cb3a08eff057	200	GET	application/javascript; charset=UTF-8	https://anteikutaern.at.ua/raresImg/zapusk.js?1791526764930
8fb40b4fb491	200	GET	application/json	https://anteikutaern.at.ua/raresImg/anteikuDBversion.json?_=1791526765085
ae0c25725e0f	200	GET	application/json; charset=utf-8	https://mc.yandex.com/watch/81337741?wmode=7&page-url=https%3A%2F%2Fanteikutaern.at.ua%2Fmobs%2Fbosses%2F&charset=utf-8&uah=che%0A0&browser-info=pv%3A1%3Avf%3Ajeu2ees5yi9qi1u8go1yz2nmugpom3%3Afu%3A0%3Aen%3Autf-8%3Ala%3Aen-US%3Av%3A2660%3Acn%3A1%3Adp%3A0%3Als%3A1624601425020%3Ahid%3A502998789%3Az%3A420%3Ai%3A20261009131925%3Aet%3A1791526765%3Ac%3A1%3Arn%3A440402176%3Arqn%3A46%3Au%3A1791526566808777865%3Aw%3A1600x1000%3As%3A1366x768x24%3Ask%3A1%3Afp%3A46%3Awv%3A2%3Ads%3A0%2C0%2C0%2C0%2C-4%2C0%2C%2C39%2C1%2C%2C%2C%2C37%3Aco%3A0%3Ahdl%3A1%3Ans%3A1791526764895%3Aadb%3A2%3Arqnl%3A1%3Ast%3A1791526765%3At%3A%D0%91%D0%BE%D1%81%D1%81%D1%8B%20Broken%20Ranks%20%E2%80%94%20%D0%BF%D0%BE%D0%BB%D0%BD%D1%8B%D0%B9%20%D1%81%D0%BF%D0%B8%D1%81%D0%BE%D0%BA&t=clt(33)gdpr(14)clc(0-0-0)rqnt(1)aw(1)rcm(0)cdl(na)eco(42009088)ti(1)
bb48590270e9	200	GET	application/javascript; charset=UTF-8	https://anteikutaern.at.ua/raresImg/zapusk.js?1791526769879
a9afef046f60	200	GET	application/json	https://anteikutaern.at.ua/raresImg/anteikuDBversion.json?_=1791526770067
e183e0b619fb	200	GET	application/json; charset=utf-8	https://mc.yandex.com/watch/81337741?wmode=7&page-url=https%3A%2F%2Fanteikutaern.at.ua%2Fmobs%2Fbosses%2F&charset=utf-8&uah=che%0A0&browser-info=pv%3A1%3Avf%3Ajeu2ees5yi9qi1u8go1yz2nmugpom3%3Afu%3A0%3Aen%3Autf-8%3Ala%3Aen-US%3Av%3A2660%3Acn%3A1%3Adp%3A0%3Als%3A1624601425020%3Ahid%3A148034120%3Az%3A420%3Ai%3A20261009131930%3Aet%3A1791526770%3Ac%3A1%3Arn%3A953792978%3Arqn%3A47%3Au%3A1791526566808777865%3Aw%3A1600x1000%3As%3A1366x768x24%3Ask%3A1%3Afp%3A76%3Awv%3A2%3Ads%3A0%2C0%2C0%2C0%2C-15%2C0%2C%2C83%2C1%2C%2C%2C%2C69%3Aco%3A0%3Ahdl%3A1%3Ans%3A1791526769811%3Aadb%3A2%3Arqnl%3A1%3Ast%3A1791526770%3At%3A%D0%91%D0%BE%D1%81%D1%81%D1%8B%20Broken%20Ranks%20%E2%80%94%20%D0%BF%D0%BE%D0%BB%D0%BD%D1%8B%D0%B9%20%D1%81%D0%BF%D0%B8%D1%81%D0%BE%D0%BA&t=clt(34)gdpr(14)clc(0-0-0)rqnt(1)aw(1)rcm(0)cdl(na)eco(42009088)ti(1)
4630b5be1164	200	GET	application/javascript; charset=UTF-8	https://anteikutaern.at.ua/raresImg/zapusk.js?1791526773742
9d2487d91a2c	200	GET	application/json	https://anteikutaern.at.ua/raresImg/anteikuDBversion.json?_=1791526773918
e091b85cc41d	200	GET	application/json; charset=utf-8	https://mc.yandex.com/watch/81337741?wmode=7&page-url=https%3A%2F%2Fanteikutaern.at.ua%2Fmobs%2Fbosses%2F&charset=utf-8&uah=che%0A0&browser-info=pv%3A1%3Avf%3Ajeu2ees5yi9qi1u8go1yz2nmugpom3%3Afu%3A0%3Aen%3Autf-8%3Ala%3Aen-US%3Av%3A2660%3Acn%3A1%3Adp%3A0%3Als%3A1624601425020%3Ahid%3A118205571%3Az%3A420%3Ai%3A20261009131933%3Aet%3A1791526774%3Ac%3A1%3Arn%3A928416736%3Arqn%3A48%3Au%3A1791526566808777865%3Aw%3A1600x1000%3As%3A1366x768x24%3Ask%3A1%3Afp%3A58%3Awv%3A2%3Ads%3A0%2C0%2C0%2C%2C%2C0%2C%2C%2C1%2C%2C%2C%2C49%3Aco%3A0%3Ahdl%3A1%3Ans%3A1791526773693%3Aadb%3A2%3Arqnl%3A1%3Ast%3A1791526774%3At%3A%D0%91%D0%BE%D1%81%D1%81%D1%8B%20Broken%20Ranks%20%E2%80%94%20%D0%BF%D0%BE%D0%BB%D0%BD%D1%8B%D0%B9%20%D1%81%D0%BF%D0%B8%D1%81%D0%BE%D0%BA&t=clt(30)gdpr(14)clc(0-0-0)rqnt(1)aw(1)rcm(0)cdl(na)eco(42009088)ti(1)
acc6739bb315	200	GET	application/javascript; charset=UTF-8	https://anteikutaern.at.ua/raresImg/zapusk.js?1791526778640
505ace875cc5	200	GET	application/json	https://anteikutaern.at.ua/raresImg/anteikuDBversion.json?_=1791526778797
a46695434f3a	200	GET	application/json; charset=utf-8	https://mc.yandex.com/watch/81337741?wmode=7&page-url=https%3A%2F%2Fanteikutaern.at.ua%2Fmobs%2Fbosses%2F&charset=utf-8&uah=che%0A0&browser-info=pv%3A1%3Avf%3Ajeu2ees5yi9qi1u8go1yz2nmugpom3%3Afu%3A0%3Aen%3Autf-8%3Ala%3Aen-US%3Av%3A2660%3Acn%3A1%3Adp%3A0%3Als%3A1624601425020%3Ahid%3A577948161%3Az%3A420%3Ai%3A20261009131938%3Aet%3A1791526779%3Ac%3A1%3Arn%3A275807941%3Arqn%3A49%3Au%3A1791526566808777865%3Aw%3A1600x1000%3As%3A1366x768x24%3Ask%3A1%3Afp%3A58%3Awv%3A2%3Ads%3A0%2C0%2C0%2C0%2C-2%2C0%2C%2C50%2C2%2C%2C%2C%2C49%3Aco%3A0%3Ahdl%3A1%3Ans%3A1791526778592%3Aadb%3A2%3Arqnl%3A1%3Ast%3A1791526779%3At%3A%D0%91%D0%BE%D1%81%D1%81%D1%8B%20Broken%20Ranks%20%E2%80%94%20%D0%BF%D0%BE%D0%BB%D0%BD%D1%8B%D0%B9%20%D1%81%D0%BF%D0%B8%D1%81%D0%BE%D0%BA&t=clt(51)gdpr(14)clc(0-0-0)rqnt(1)aw(1)rcm(0)cdl(na)eco(42009088)ti(1)
524b45d5574e	200	GET	application/javascript; charset=UTF-8	https://anteikutaern.at.ua/raresImg/zapusk.js?1791526783550
0f07f9f2d4ae	200	GET	application/json	https://anteikutaern.at.ua/raresImg/anteikuDBversion.json?_=1791526783707
0716dd1a6de9	200	GET	application/json; charset=utf-8	https://mc.yandex.com/watch/81337741?wmode=7&page-url=https%3A%2F%2Fanteikutaern.at.ua%2Fmobs%2Fbosses%2F&charset=utf-8&uah=che%0A0&browser-info=pv%3A1%3Avf%3Ajeu2ees5yi9qi1u8go1yz2nmugpom3%3Afu%3A0%3Aen%3Autf-8%3Ala%3Aen-US%3Av%3A2660%3Acn%3A1%3Adp%3A0%3Als%3A1624601425020%3Ahid%3A533883049%3Az%3A420%3Ai%3A20261009131943%3Aet%3A1791526784%3Ac%3A1%3Arn%3A559845904%3Arqn%3A50%3Au%3A1791526566808777865%3Aw%3A1600x1000%3As%3A1366x768x24%3Ask%3A1%3Afp%3A53%3Awv%3A2%3Ads%3A0%2C0%2C0%2C0%2C-1%2C0%2C%2C45%2C1%2C%2C%2C%2C47%3Aco%3A0%3Ahdl%3A1%3Ans%3A1791526783504%3Aadb%3A2%3Arqnl%3A1%3Ast%3A1791526784%3At%3A%D0%91%D0%BE%D1%81%D1%81%D1%8B%20Broken%20Ranks%20%E2%80%94%20%D0%BF%D0%BE%D0%BB%D0%BD%D1%8B%D0%B9%20%D1%81%D0%BF%D0%B8%D1%81%D0%BE%D0%BA&t=clt(34)gdpr(14)clc(0-0-0)rqnt(1)aw(1)rcm(0)cdl(na)eco(42009088)ti(1)
8d519fdc8cf8	200	GET	application/javascript; charset=UTF-8	https://anteikutaern.at.ua/raresImg/zapusk.js?1791526788526
7b54b083ef9f	200	GET	application/json	https://anteikutaern.at.ua/raresImg/anteikuDBversion.json?_=1791526788688
4269a85e7619	200	GET	application/json; charset=utf-8	https://mc.yandex.com/watch/81337741?wmode=7&page-url=https%3A%2F%2Fanteikutaern.at.ua%2Fmobs%2Fbosses%2F&charset=utf-8&uah=che%0A0&browser-info=pv%3A1%3Avf%3Ajeu2ees5yi9qi1u8go1yz2nmugpom3%3Afu%3A0%3Aen%3Autf-8%3Ala%3Aen-US%3Av%3A2660%3Acn%3A1%3Adp%3A0%3Als%3A1624601425020%3Ahid%3A12944000%3Az%3A420%3Ai%3A20261009131948%3Aet%3A1791526789%3Ac%3A1%3Arn%3A441442103%3Arqn%3A51%3Au%3A1791526566808777865%3Aw%3A1600x1000%3As%3A1366x768x24%3Ask%3A1%3Afp%3A46%3Awv%3A2%3Ads%3A0%2C0%2C0%2C0%2C-4%2C0%2C%2C41%2C1%2C%2C%2C%2C38%3Aco%3A0%3Ahdl%3A1%3Ans%3A1791526788488%3Aadb%3A2%3Arqnl%3A1%3Ast%3A1791526789%3At%3A%D0%91%D0%BE%D1%81%D1%81%D1%8B%20Broken%20Ranks%20%E2%80%94%20%D0%BF%D0%BE%D0%BB%D0%BD%D1%8B%D0%B9%20%D1%81%D0%BF%D0%B8%D1%81%D0%BE%D0%BA&t=clt(15)gdpr(14)clc(0-0-0)rqnt(1)aw(1)rcm(0)cdl(na)eco(42009088)ti(1)
5f8e3e58211a	200	GET	application/javascript; charset=UTF-8	https://anteikutaern.at.ua/raresImg/zapusk.js?1791526792237
cebc3e37806b	200	GET	application/json	https://anteikutaern.at.ua/raresImg/anteikuDBversion.json?_=1791526792393
8cbc1f1f85cd	200	GET	application/json; charset=utf-8	https://mc.yandex.com/watch/81337741?wmode=7&page-url=https%3A%2F%2Fanteikutaern.at.ua%2Fmobs%2Fbosses%2F&charset=utf-8&uah=che%0A0&browser-info=pv%3A1%3Avf%3Ajeu2ees5yi9qi1u8go1yz2nmugpom3%3Afu%3A0%3Aen%3Autf-8%3Ala%3Aen-US%3Av%3A2660%3Acn%3A1%3Adp%3A0%3Als%3A1624601425020%3Ahid%3A408777762%3Az%3A420%3Ai%3A20261009131952%3Aet%3A1791526792%3Ac%3A1%3Arn%3A165935942%3Arqn%3A52%3Au%3A1791526566808777865%3Aw%3A1600x1000%3As%3A1366x768x24%3Ask%3A1%3Afp%3A57%3Awv%3A2%3Ads%3A0%2C0%2C0%2C0%2C-3%2C0%2C%2C48%2C1%2C%2C%2C%2C46%3Aco%3A0%3Ahdl%3A1%3Ans%3A1791526792192%3Aadb%3A2%3Arqnl%3A1%3Ast%3A1791526792%3At%3A%D0%91%D0%BE%D1%81%D1%81%D1%8B%20Broken%20Ranks%20%E2%80%94%20%D0%BF%D0%BE%D0%BB%D0%BD%D1%8B%D0%B9%20%D1%81%D0%BF%D0%B8%D1%81%D0%BE%D0%BA&t=clt(36)gdpr(14)clc(0-0-0)rqnt(1)aw(1)rcm(0)cdl(na)eco(42009088)ti(1)
905d517ba809	200	GET	application/javascript; charset=UTF-8	https://anteikutaern.at.ua/raresImg/zapusk.js?1791526797155
6f45ae327ef6	200	GET	application/json	https://anteikutaern.at.ua/raresImg/anteikuDBversion.json?_=1791526797320
90cc7afdc40a	200	GET	application/json; charset=utf-8	https://mc.yandex.com/watch/81337741?wmode=7&page-url=https%3A%2F%2Fanteikutaern.at.ua%2Fmobs%2Fbosses%2F&charset=utf-8&uah=che%0A0&browser-info=pv%3A1%3Avf%3Ajeu2ees5yi9qi1u8go1yz2nmugpom3%3Afu%3A0%3Aen%3Autf-8%3Ala%3Aen-US%3Av%3A2660%3Acn%3A1%3Adp%3A0%3Als%3A1624601425020%3Ahid%3A420457995%3Az%3A420%3Ai%3A20261009131957%3Aet%3A1791526797%3Ac%3A1%3Arn%3A156335706%3Arqn%3A53%3Au%3A1791526566808777865%3Aw%3A1600x1000%3As%3A1366x768x24%3Ask%3A1%3Afp%3A53%3Awv%3A2%3Ads%3A0%2C0%2C0%2C0%2C-1%2C0%2C%2C45%2C1%2C%2C%2C%2C46%3Aco%3A0%3Ahdl%3A1%3Ans%3A1791526797110%3Aadb%3A2%3Arqnl%3A1%3Ast%3A1791526797%3At%3A%D0%91%D0%BE%D1%81%D1%81%D1%8B%20Broken%20Ranks%20%E2%80%94%20%D0%BF%D0%BE%D0%BB%D0%BD%D1%8B%D0%B9%20%D1%81%D0%BF%D0%B8%D1%81%D0%BE%D0%BA&t=clt(22)gdpr(14)clc(0-0-0)rqnt(1)aw(1)rcm(0)cdl(na)eco(42009088)ti(1)
bab0b351639b	200	GET	application/javascript; charset=UTF-8	https://anteikutaern.at.ua/raresImg/zapusk.js?1791526802204
72711e631621	200	GET	application/json	https://anteikutaern.at.ua/raresImg/anteikuDBversion.json?_=1791526802373
75d32849e4f5	200	GET	application/json; charset=utf-8	https://mc.yandex.com/watch/81337741?wmode=7&page-url=https%3A%2F%2Fanteikutaern.at.ua%2Fmobs%2Fbosses%2F&charset=utf-8&uah=che%0A0&browser-info=pv%3A1%3Avf%3Ajeu2ees5yi9qi1u8go1yz2nmugpom3%3Afu%3A0%3Aen%3Autf-8%3Ala%3Aen-US%3Av%3A2660%3Acn%3A1%3Adp%3A0%3Als%3A1624601425020%3Ahid%3A310315598%3Az%3A420%3Ai%3A20261009132002%3Aet%3A1791526802%3Ac%3A1%3Arn%3A109048440%3Arqn%3A54%3Au%3A1791526566808777865%3Aw%3A1600x1000%3As%3A1366x768x24%3Ask%3A1%3Afp%3A51%3Awv%3A2%3Ads%3A0%2C0%2C0%2C0%2C-1%2C0%2C%2C43%2C0%2C%2C%2C%2C43%3Aco%3A0%3Ahdl%3A1%3Ans%3A1791526802162%3Aadb%3A2%3Arqnl%3A1%3Ast%3A1791526802%3At%3A%D0%91%D0%BE%D1%81%D1%81%D1%8B%20Broken%20Ranks%20%E2%80%94%20%D0%BF%D0%BE%D0%BB%D0%BD%D1%8B%D0%B9%20%D1%81%D0%BF%D0%B8%D1%81%D0%BE%D0%BA&t=clt(20)gdpr(14)clc(0-0-0)rqnt(1)aw(1)rcm(0)cdl(na)eco(42009088)ti(1)
61245f1046fd	200	GET	application/javascript; charset=UTF-8	https://anteikutaern.at.ua/raresImg/zapusk.js?1791526807222
eb1f5809b164	200	GET	application/json	https://anteikutaern.at.ua/raresImg/anteikuDBversion.json?_=1791526807393
21a81e4a77cd	200	GET	application/json; charset=utf-8	https://mc.yandex.com/watch/81337741?wmode=7&page-url=https%3A%2F%2Fanteikutaern.at.ua%2Fmobs%2Fbosses%2F&charset=utf-8&uah=che%0A0&browser-info=pv%3A1%3Avf%3Ajeu2ees5yi9qi1u8go1yz2nmugpom3%3Afu%3A0%3Aen%3Autf-8%3Ala%3Aen-US%3Av%3A2660%3Acn%3A1%3Adp%3A0%3Als%3A1624601425020%3Ahid%3A32056167%3Az%3A420%3Ai%3A20261009132007%3Aet%3A1791526807%3Ac%3A1%3Arn%3A238256880%3Arqn%3A55%3Au%3A1791526566808777865%3Aw%3A1600x1000%3As%3A1366x768x24%3Ask%3A1%3Afp%3A58%3Awv%3A2%3Ads%3A0%2C0%2C0%2C0%2C-2%2C0%2C%2C51%2C1%2C%2C%2C%2C50%3Aco%3A0%3Ahdl%3A1%3Ans%3A1791526807172%3Aadb%3A2%3Arqnl%3A1%3Ast%3A1791526807%3At%3A%D0%91%D0%BE%D1%81%D1%81%D1%8B%20Broken%20Ranks%20%E2%80%94%20%D0%BF%D0%BE%D0%BB%D0%BD%D1%8B%D0%B9%20%D1%81%D0%BF%D0%B8%D1%81%D0%BE%D0%BA&t=clt(44)gdpr(14)clc(0-0-0)rqnt(1)aw(1)rcm(0)cdl(na)eco(42009088)ti(1)
767617c12267	200	GET	application/javascript; charset=UTF-8	https://anteikutaern.at.ua/raresImg/zapusk.js?1791526810955
7242029b3441	200	GET	application/json	https://anteikutaern.at.ua/raresImg/anteikuDBversion.json?_=1791526811118
08bde7497ea6	200	GET	application/json; charset=utf-8	https://mc.yandex.com/watch/81337741?wmode=7&page-url=https%3A%2F%2Fanteikutaern.at.ua%2Fmobs%2Fbosses%2F&charset=utf-8&uah=che%0A0&browser-info=pv%3A1%3Avf%3Ajeu2ees5yi9qi1u8go1yz2nmugpom3%3Afu%3A0%3Aen%3Autf-8%3Ala%3Aen-US%3Av%3A2660%3Acn%3A1%3Adp%3A0%3Als%3A1624601425020%3Ahid%3A567262177%3Az%3A420%3Ai%3A20261009132011%3Aet%3A1791526811%3Ac%3A1%3Arn%3A667364361%3Arqn%3A56%3Au%3A1791526566808777865%3Aw%3A1600x1000%3As%3A1366x768x24%3Ask%3A1%3Afp%3A51%3Awv%3A2%3Ads%3A0%2C0%2C0%2C0%2C-1%2C0%2C%2C43%2C1%2C%2C%2C%2C45%3Aco%3A0%3Ahdl%3A1%3Ans%3A1791526810912%3Aadb%3A2%3Arqnl%3A1%3Ast%3A1791526811%3At%3A%D0%91%D0%BE%D1%81%D1%81%D1%8B%20Broken%20Ranks%20%E2%80%94%20%D0%BF%D0%BE%D0%BB%D0%BD%D1%8B%D0%B9%20%D1%81%D0%BF%D0%B8%D1%81%D0%BE%D0%BA&t=clt(35)gdpr(14)clc(0-0-0)rqnt(1)aw(1)rcm(0)cdl(na)eco(42009088)ti(1)
d7eda098b64e	200	GET	application/javascript; charset=UTF-8	https://anteikutaern.at.ua/raresImg/zapusk.js?1791526815847
ea53443ad415	200	GET	application/json	https://anteikutaern.at.ua/raresImg/anteikuDBversion.json?_=1791526816016
d016de8e6aff	200	GET	application/json; charset=utf-8	https://mc.yandex.com/watch/81337741?wmode=7&page-url=https%3A%2F%2Fanteikutaern.at.ua%2Fmobs%2Fbosses%2F&charset=utf-8&uah=che%0A0&browser-info=pv%3A1%3Avf%3Ajeu2ees5yi9qi1u8go1yz2nmugpom3%3Afu%3A0%3Aen%3Autf-8%3Ala%3Aen-US%3Av%3A2660%3Acn%3A1%3Adp%3A0%3Als%3A1624601425020%3Ahid%3A804297457%3Az%3A420%3Ai%3A20261009132015%3Aet%3A1791526816%3Ac%3A1%3Arn%3A323207300%3Arqn%3A57%3Au%3A1791526566808777865%3Aw%3A1600x1000%3As%3A1366x768x24%3Ask%3A1%3Afp%3A48%3Awv%3A2%3Ads%3A0%2C0%2C0%2C0%2C-1%2C0%2C%2C40%2C1%2C%2C%2C%2C39%3Aco%3A0%3Ahdl%3A1%3Ans%3A1791526815809%3Aadb%3A2%3Arqnl%3A1%3Ast%3A1791526816%3At%3A%D0%91%D0%BE%D1%81%D1%81%D1%8B%20Broken%20Ranks%20%E2%80%94%20%D0%BF%D0%BE%D0%BB%D0%BD%D1%8B%D0%B9%20%D1%81%D0%BF%D0%B8%D1%81%D0%BE%D0%BA&t=clt(21)gdpr(14)clc(0-0-0)rqnt(1)aw(1)rcm(0)cdl(na)eco(42009088)ti(1)
e1ea296947af	200	GET	application/javascript; charset=UTF-8	https://anteikutaern.at.ua/raresImg/zapusk.js?1791526820818
0287dd6485e0	200	GET	application/json	https://anteikutaern.at.ua/raresImg/anteikuDBversion.json?_=1791526820982
8138df0f588b	200	GET	application/json; charset=utf-8	https://mc.yandex.com/watch/81337741?wmode=7&page-url=https%3A%2F%2Fanteikutaern.at.ua%2Fmobs%2Fbosses%2F&charset=utf-8&uah=che%0A0&browser-info=pv%3A1%3Avf%3Ajeu2ees5yi9qi1u8go1yz2nmugpom3%3Afu%3A0%3Aen%3Autf-8%3Ala%3Aen-US%3Av%3A2660%3Acn%3A1%3Adp%3A0%3Als%3A1624601425020%3Ahid%3A78311757%3Az%3A420%3Ai%3A20261009132020%3Aet%3A1791526821%3Ac%3A1%3Arn%3A809484298%3Arqn%3A58%3Au%3A1791526566808777865%3Aw%3A1600x1000%3As%3A1366x768x24%3Ask%3A1%3Afp%3A59%3Awv%3A2%3Ads%3A0%2C0%2C0%2C0%2C-4%2C0%2C%2C51%2C0%2C%2C%2C%2C49%3Aco%3A0%3Ahdl%3A1%3Ans%3A1791526820770%3Aadb%3A2%3Arqnl%3A1%3Ast%3A1791526821%3At%3A%D0%91%D0%BE%D1%81%D1%81%D1%8B%20Broken%20Ranks%20%E2%80%94%20%D0%BF%D0%BE%D0%BB%D0%BD%D1%8B%D0%B9%20%D1%81%D0%BF%D0%B8%D1%81%D0%BE%D0%BA&t=clt(20)gdpr(14)clc(0-0-0)rqnt(1)aw(1)rcm(0)cdl(na)eco(42009088)ti(1)
3504fb77f668	200	GET	application/javascript; charset=UTF-8	https://anteikutaern.at.ua/raresImg/zapusk.js?1791526825770
e8249bd6b5a1	200	GET	application/json	https://anteikutaern.at.ua/raresImg/anteikuDBversion.json?_=1791526825927
d32bf76fa3c5	200	GET	application/json; charset=utf-8	https://mc.yandex.com/watch/81337741?wmode=7&page-url=https%3A%2F%2Fanteikutaern.at.ua%2Fmobs%2Fbosses%2F&charset=utf-8&uah=che%0A0&browser-info=pv%3A1%3Avf%3Ajeu2ees5yi9qi1u8go1yz2nmugpom3%3Afu%3A0%3Aen%3Autf-8%3Ala%3Aen-US%3Av%3A2660%3Acn%3A1%3Adp%3A0%3Als%3A1624601425020%3Ahid%3A817077552%3Az%3A420%3Ai%3A20261009132025%3Aet%3A1791526826%3Ac%3A1%3Arn%3A897536663%3Arqn%3A59%3Au%3A1791526566808777865%3Aw%3A1600x1000%3As%3A1366x768x24%3Ask%3A1%3Afp%3A45%3Awv%3A2%3Ads%3A0%2C0%2C0%2C0%2C-1%2C0%2C%2C38%2C1%2C%2C%2C%2C39%3Aco%3A0%3Ahdl%3A1%3Ans%3A1791526825732%3Aadb%3A2%3Arqnl%3A1%3Ast%3A1791526826%3At%3A%D0%91%D0%BE%D1%81%D1%81%D1%8B%20Broken%20Ranks%20%E2%80%94%20%D0%BF%D0%BE%D0%BB%D0%BD%D1%8B%D0%B9%20%D1%81%D0%BF%D0%B8%D1%81%D0%BE%D0%BA&t=clt(50)gdpr(14)clc(0-0-0)rqnt(1)aw(1)rcm(0)cdl(na)eco(42009088)ti(1)
638f173b019c	200	GET	application/javascript; charset=UTF-8	https://anteikutaern.at.ua/raresImg/zapusk.js?1791526829410
2b1612afa392	200	GET	application/json	https://anteikutaern.at.ua/raresImg/anteikuDBversion.json?_=1791526829577
a2ab02173a0a	200	GET	application/json; charset=utf-8	https://mc.yandex.com/watch/81337741?wmode=7&page-url=https%3A%2F%2Fanteikutaern.at.ua%2Fmobs%2Fbosses%2F&charset=utf-8&uah=che%0A0&browser-info=pv%3A1%3Avf%3Ajeu2ees5yi9qi1u8go1yz2nmugpom3%3Afu%3A0%3Aen%3Autf-8%3Ala%3Aen-US%3Av%3A2660%3Acn%3A1%3Adp%3A0%3Als%3A1624601425020%3Ahid%3A838191725%3Az%3A420%3Ai%3A20261009132029%3Aet%3A1791526830%3Ac%3A1%3Arn%3A107674726%3Arqn%3A60%3Au%3A1791526566808777865%3Aw%3A1600x1000%3As%3A1366x768x24%3Ask%3A1%3Afp%3A46%3Awv%3A2%3Ads%3A0%2C0%2C0%2C%2C%2C0%2C%2C%2C1%2C%2C%2C%2C40%3Aco%3A0%3Ahdl%3A1%3Ans%3A1791526829372%3Aadb%3A2%3Arqnl%3A1%3Ast%3A1791526830%3At%3A%D0%91%D0%BE%D1%81%D1%81%D1%8B%20Broken%20Ranks%20%E2%80%94%20%D0%BF%D0%BE%D0%BB%D0%BD%D1%8B%D0%B9%20%D1%81%D0%BF%D0%B8%D1%81%D0%BE%D0%BA&t=clt(21)gdpr(14)clc(0-0-0)rqnt(1)aw(1)rcm(0)cdl(na)eco(42009088)ti(1)
6d78cbf755c6	200	GET	application/javascript; charset=UTF-8	https://anteikutaern.at.ua/raresImg/zapusk.js?1791526834354
11b8d5daab3f	200	GET	application/json	https://anteikutaern.at.ua/raresImg/anteikuDBversion.json?_=1791526834511
db92c14498ad	200	GET	application/json; charset=utf-8	https://mc.yandex.com/watch/81337741?wmode=7&page-url=https%3A%2F%2Fanteikutaern.at.ua%2Fmobs%2Fbosses%2F&charset=utf-8&uah=che%0A0&browser-info=pv%3A1%3Avf%3Ajeu2ees5yi9qi1u8go1yz2nmugpom3%3Afu%3A0%3Aen%3Autf-8%3Ala%3Aen-US%3Av%3A2660%3Acn%3A1%3Adp%3A0%3Als%3A1624601425020%3Ahid%3A671498469%3Az%3A420%3Ai%3A20261009132034%3Aet%3A1791526835%3Ac%3A1%3Arn%3A4864415%3Arqn%3A61%3Au%3A1791526566808777865%3Aw%3A1600x1000%3As%3A1366x768x24%3Ask%3A1%3Afp%3A50%3Awv%3A2%3Ads%3A0%2C0%2C0%2C0%2C-2%2C0%2C%2C42%2C0%2C%2C%2C%2C41%3Aco%3A0%3Ahdl%3A1%3Ans%3A1791526834314%3Aadb%3A2%3Arqnl%3A1%3Ast%3A1791526835%3At%3A%D0%91%D0%BE%D1%81%D1%81%D1%8B%20Broken%20Ranks%20%E2%80%94%20%D0%BF%D0%BE%D0%BB%D0%BD%D1%8B%D0%B9%20%D1%81%D0%BF%D0%B8%D1%81%D0%BE%D0%BA&t=clt(36)gdpr(14)clc(0-0-0)rqnt(1)aw(1)rcm(0)cdl(na)eco(42009088)ti(1)
8707df1dcc3b	200	GET	application/javascript; charset=UTF-8	https://anteikutaern.at.ua/raresImg/zapusk.js?1791526839272
6632df01b536	200	GET	application/json	https://anteikutaern.at.ua/raresImg/anteikuDBversion.json?_=1791526839441
52f993887c4c	200	GET	application/json; charset=utf-8	https://mc.yandex.com/watch/81337741?wmode=7&page-url=https%3A%2F%2Fanteikutaern.at.ua%2Fmobs%2Fbosses%2F&charset=utf-8&uah=che%0A0&browser-info=pv%3A1%3Avf%3Ajeu2ees5yi9qi1u8go1yz2nmugpom3%3Afu%3A0%3Aen%3Autf-8%3Ala%3Aen-US%3Av%3A2660%3Acn%3A1%3Adp%3A0%3Als%3A1624601425020%3Ahid%3A161384311%3Az%3A420%3Ai%3A20261009132039%3Aet%3A1791526839%3Ac%3A1%3Arn%3A330700487%3Arqn%3A62%3Au%3A1791526566808777865%3Aw%3A1600x1000%3As%3A1366x768x24%3Ask%3A1%3Afp%3A66%3Awv%3A2%3Ads%3A0%2C0%2C0%2C0%2C-3%2C0%2C%2C56%2C1%2C%2C%2C%2C54%3Aco%3A0%3Ahdl%3A1%3Ans%3A1791526839219%3Aadb%3A2%3Arqnl%3A1%3Ast%3A1791526839%3At%3A%D0%91%D0%BE%D1%81%D1%81%D1%8B%20Broken%20Ranks%20%E2%80%94%20%D0%BF%D0%BE%D0%BB%D0%BD%D1%8B%D0%B9%20%D1%81%D0%BF%D0%B8%D1%81%D0%BE%D0%BA&t=clt(38)gdpr(14)clc(0-0-0)rqnt(1)aw(1)rcm(0)cdl(na)eco(42009088)ti(1)
c313cd4bc2c8	200	GET	application/javascript; charset=UTF-8	https://anteikutaern.at.ua/raresImg/zapusk.js?1791526844226
e08120832347	200	GET	application/json; charset=utf-8	https://mc.yandex.com/watch/81337741?wmode=7&page-url=https%3A%2F%2Fanteikutaern.at.ua%2Fmobs%2Fbosses%2F&charset=utf-8&uah=che%0A0&browser-info=pv%3A1%3Avf%3Ajeu2ees5yi9qi1u8go1yz2nmugpom3%3Afu%3A0%3Aen%3Autf-8%3Ala%3Aen-US%3Av%3A2660%3Acn%3A1%3Adp%3A0%3Als%3A1624601425020%3Ahid%3A467622237%3Az%3A420%3Ai%3A20261009132044%3Aet%3A1791526844%3Ac%3A1%3Arn%3A311723531%3Arqn%3A63%3Au%3A1791526566808777865%3Aw%3A1600x1000%3As%3A1366x768x24%3Ask%3A1%3Afp%3A61%3Awv%3A2%3Ads%3A0%2C0%2C0%2C0%2C-4%2C0%2C%2C56%2C2%2C%2C%2C%2C53%3Aco%3A0%3Ahdl%3A1%3Ans%3A1791526844173%3Aadb%3A2%3Arqnl%3A1%3Ast%3A1791526844%3At%3A%D0%91%D0%BE%D1%81%D1%81%D1%8B%20Broken%20Ranks%20%E2%80%94%20%D0%BF%D0%BE%D0%BB%D0%BD%D1%8B%D0%B9%20%D1%81%D0%BF%D0%B8%D1%81%D0%BE%D0%BA&t=clt(21)gdpr(14)clc(0-0-0)rqnt(1)aw(1)rcm(0)cdl(na)eco(42009088)ti(1)
34450e6f9731	200	GET	application/json	https://anteikutaern.at.ua/raresImg/anteikuDBversion.json?_=1791526844393
829c294042f9	200	GET	application/javascript; charset=UTF-8	https://anteikutaern.at.ua/raresImg/zapusk.js?1791526847841
e0d8b04d7536	200	GET	application/json	https://anteikutaern.at.ua/raresImg/anteikuDBversion.json?_=1791526847996
26731a6ff8b2	200	GET	application/json; charset=utf-8	https://mc.yandex.com/watch/81337741?wmode=7&page-url=https%3A%2F%2Fanteikutaern.at.ua%2Fmobs%2Fbosses%2F&charset=utf-8&uah=che%0A0&browser-info=pv%3A1%3Avf%3Ajeu2ees5yi9qi1u8go1yz2nmugpom3%3Afu%3A0%3Aen%3Autf-8%3Ala%3Aen-US%3Av%3A2660%3Acn%3A1%3Adp%3A0%3Als%3A1624601425020%3Ahid%3A534035623%3Az%3A420%3Ai%3A20261009132048%3Aet%3A1791526848%3Ac%3A1%3Arn%3A308887534%3Arqn%3A64%3Au%3A1791526566808777865%3Aw%3A1600x1000%3As%3A1366x768x24%3Ask%3A1%3Afp%3A53%3Awv%3A2%3Ads%3A0%2C0%2C0%2C0%2C-3%2C0%2C%2C44%2C1%2C%2C%2C%2C42%3Aco%3A0%3Ahdl%3A1%3Ans%3A1791526847799%3Aadb%3A2%3Arqnl%3A1%3Ast%3A1791526848%3At%3A%D0%91%D0%BE%D1%81%D1%81%D1%8B%20Broken%20Ranks%20%E2%80%94%20%D0%BF%D0%BE%D0%BB%D0%BD%D1%8B%D0%B9%20%D1%81%D0%BF%D0%B8%D1%81%D0%BE%D0%BA&t=clt(47)gdpr(14)clc(0-0-0)rqnt(1)aw(1)rcm(0)cdl(na)eco(42009088)ti(1)
087cfbeef532	200	GET	application/javascript; charset=UTF-8	https://anteikutaern.at.ua/raresImg/zapusk.js?1791526852708
17db8472621b	200	GET	application/json	https://anteikutaern.at.ua/raresImg/anteikuDBversion.json?_=1791526852869
a19aad4895e6	200	GET	application/json; charset=utf-8	https://mc.yandex.com/watch/81337741?wmode=7&page-url=https%3A%2F%2Fanteikutaern.at.ua%2Fmobs%2Fbosses%2F&charset=utf-8&uah=che%0A0&browser-info=pv%3A1%3Avf%3Ajeu2ees5yi9qi1u8go1yz2nmugpom3%3Afu%3A0%3Aen%3Autf-8%3Ala%3Aen-US%3Av%3A2660%3Acn%3A1%3Adp%3A0%3Als%3A1624601425020%3Ahid%3A35130633%3Az%3A420%3Ai%3A20261009132052%3Aet%3A1791526853%3Ac%3A1%3Arn%3A739952272%3Arqn%3A65%3Au%3A1791526566808777865%3Aw%3A1600x1000%3As%3A1366x768x24%3Ask%3A1%3Afp%3A50%3Awv%3A2%3Ads%3A0%2C0%2C0%2C%2C%2C0%2C%2C%2C2%2C%2C%2C%2C43%3Aco%3A0%3Ahdl%3A1%3Ans%3A1791526852667%3Aadb%3A2%3Arqnl%3A1%3Ast%3A1791526853%3At%3A%D0%91%D0%BE%D1%81%D1%81%D1%8B%20Broken%20Ranks%20%E2%80%94%20%D0%BF%D0%BE%D0%BB%D0%BD%D1%8B%D0%B9%20%D1%81%D0%BF%D0%B8%D1%81%D0%BE%D0%BA&t=clt(34)gdpr(14)clc(0-0-0)rqnt(1)aw(1)rcm(0)cdl(na)eco(42009088)ti(1)
20a8f42bc477	200	GET	application/javascript; charset=UTF-8	https://anteikutaern.at.ua/raresImg/zapusk.js?1791526857719
e2ddf9f7804b	200	GET	application/json	https://anteikutaern.at.ua/raresImg/anteikuDBversion.json?_=1791526857886
91fbdd6f6867	200	GET	application/json; charset=utf-8	https://mc.yandex.com/watch/81337741?wmode=7&page-url=https%3A%2F%2Fanteikutaern.at.ua%2Fmobs%2Fbosses%2F&charset=utf-8&uah=che%0A0&browser-info=pv%3A1%3Avf%3Ajeu2ees5yi9qi1u8go1yz2nmugpom3%3Afu%3A0%3Aen%3Autf-8%3Ala%3Aen-US%3Av%3A2660%3Acn%3A1%3Adp%3A0%3Als%3A1624601425020%3Ahid%3A139618257%3Az%3A420%3Ai%3A20261009132057%3Aet%3A1791526858%3Ac%3A1%3Arn%3A501089249%3Arqn%3A66%3Au%3A1791526566808777865%3Aw%3A1600x1000%3As%3A1366x768x24%3Ask%3A1%3Afp%3A50%3Awv%3A2%3Ads%3A0%2C0%2C0%2C0%2C-2%2C0%2C%2C45%2C1%2C%2C%2C%2C44%3Aco%3A0%3Ahdl%3A1%3Ans%3A1791526857675%3Aadb%3A2%3Arqnl%3A1%3Ast%3A1791526858%3At%3A%D0%91%D0%BE%D1%81%D1%81%D1%8B%20Broken%20Ranks%20%E2%80%94%20%D0%BF%D0%BE%D0%BB%D0%BD%D1%8B%D0%B9%20%D1%81%D0%BF%D0%B8%D1%81%D0%BE%D0%BA&t=clt(18)gdpr(14)clc(0-0-0)rqnt(1)aw(1)rcm(0)cdl(na)eco(42009088)ti(1)
b91b7981b3ee	200	GET	application/javascript; charset=UTF-8	https://anteikutaern.at.ua/raresImg/zapusk.js?1791526862686
1f13ba79f8e0	200	GET	application/json	https://anteikutaern.at.ua/raresImg/anteikuDBversion.json?_=1791526862842
b5a42b2f7830	200	GET	application/json; charset=utf-8	https://mc.yandex.com/watch/81337741?wmode=7&page-url=https%3A%2F%2Fanteikutaern.at.ua%2Fmobs%2Fbosses%2F&charset=utf-8&uah=che%0A0&browser-info=pv%3A1%3Avf%3Ajeu2ees5yi9qi1u8go1yz2nmugpom3%3Afu%3A0%3Aen%3Autf-8%3Ala%3Aen-US%3Av%3A2660%3Acn%3A1%3Adp%3A0%3Als%3A1624601425020%3Ahid%3A1023493573%3Az%3A420%3Ai%3A20261009132102%3Aet%3A1791526863%3Ac%3A1%3Arn%3A1040053207%3Arqn%3A67%3Au%3A1791526566808777865%3Aw%3A1600x1000%3As%3A1366x768x24%3Ask%3A1%3Afp%3A58%3Awv%3A2%3Ads%3A0%2C0%2C0%2C0%2C-3%2C0%2C%2C52%2C1%2C%2C%2C%2C51%3Aco%3A0%3Ahdl%3A1%3Ans%3A1791526862637%3Aadb%3A2%3Arqnl%3A1%3Ast%3A1791526863%3At%3A%D0%91%D0%BE%D1%81%D1%81%D1%8B%20Broken%20Ranks%20%E2%80%94%20%D0%BF%D0%BE%D0%BB%D0%BD%D1%8B%D0%B9%20%D1%81%D0%BF%D0%B8%D1%81%D0%BE%D0%BA&t=clt(50)gdpr(14)clc(0-0-0)rqnt(1)aw(1)rcm(0)cdl(na)eco(42009088)ti(1)
6058a300fb24	200	GET	application/javascript; charset=UTF-8	https://anteikutaern.at.ua/raresImg/zapusk.js?1791526866354
ef737cc350eb	200	GET	application/json	https://anteikutaern.at.ua/raresImg/anteikuDBversion.json?_=1791526866506
955ceaa58e71	200	GET	application/json; charset=utf-8	https://mc.yandex.com/watch/81337741?wmode=7&page-url=https%3A%2F%2Fanteikutaern.at.ua%2Fmobs%2Fbosses%2F&charset=utf-8&uah=che%0A0&browser-info=pv%3A1%3Avf%3Ajeu2ees5yi9qi1u8go1yz2nmugpom3%3Afu%3A0%3Aen%3Autf-8%3Ala%3Aen-US%3Av%3A2660%3Acn%3A1%3Adp%3A0%3Als%3A1624601425020%3Ahid%3A368194621%3Az%3A420%3Ai%3A20261009132106%3Aet%3A1791526867%3Ac%3A1%3Arn%3A778589865%3Arqn%3A68%3Au%3A1791526566808777865%3Aw%3A1600x1000%3As%3A1366x768x24%3Ask%3A1%3Afp%3A49%3Awv%3A2%3Ads%3A0%2C0%2C0%2C0%2C-1%2C0%2C%2C41%2C1%2C%2C%2C%2C41%3Aco%3A0%3Ahdl%3A1%3Ans%3A1791526866315%3Aadb%3A2%3Arqnl%3A1%3Ast%3A1791526867%3At%3A%D0%91%D0%BE%D1%81%D1%81%D1%8B%20Broken%20Ranks%20%E2%80%94%20%D0%BF%D0%BE%D0%BB%D0%BD%D1%8B%D0%B9%20%D1%81%D0%BF%D0%B8%D1%81%D0%BE%D0%BA&t=clt(32)gdpr(14)clc(0-0-0)rqnt(1)aw(1)rcm(0)cdl(na)eco(42009088)ti(1)
91f775385abf	200	GET	application/javascript; charset=UTF-8	https://anteikutaern.at.ua/raresImg/zapusk.js?1791526871235
afdeacb0a9f2	200	GET	application/json	https://anteikutaern.at.ua/raresImg/anteikuDBversion.json?_=1791526871392
53ce3b284571	200	GET	application/json; charset=utf-8	https://mc.yandex.com/watch/81337741?wmode=7&page-url=https%3A%2F%2Fanteikutaern.at.ua%2Fmobs%2Fbosses%2F&charset=utf-8&uah=che%0A0&browser-info=pv%3A1%3Avf%3Ajeu2ees5yi9qi1u8go1yz2nmugpom3%3Afu%3A0%3Aen%3Autf-8%3Ala%3Aen-US%3Av%3A2660%3Acn%3A1%3Adp%3A0%3Als%3A1624601425020%3Ahid%3A825974497%3Az%3A420%3Ai%3A20261009132111%3Aet%3A1791526871%3Ac%3A1%3Arn%3A881563179%3Arqn%3A69%3Au%3A1791526566808777865%3Aw%3A1600x1000%3As%3A1366x768x24%3Ask%3A1%3Afp%3A54%3Awv%3A2%3Ads%3A0%2C0%2C0%2C0%2C-1%2C0%2C%2C46%2C1%2C%2C%2C%2C46%3Aco%3A0%3Ahdl%3A1%3Ans%3A1791526871190%3Aadb%3A2%3Arqnl%3A1%3Ast%3A1791526871%3At%3A%D0%91%D0%BE%D1%81%D1%81%D1%8B%20Broken%20Ranks%20%E2%80%94%20%D0%BF%D0%BE%D0%BB%D0%BD%D1%8B%D0%B9%20%D1%81%D0%BF%D0%B8%D1%81%D0%BE%D0%BA&t=clt(34)gdpr(14)clc(0-0-0)rqnt(1)aw(1)rcm(0)cdl(na)eco(42009088)ti(1)
20397aeb42fe	200	GET	application/javascript; charset=UTF-8	https://anteikutaern.at.ua/raresImg/zapusk.js?1791526876250
f2f8b187fc1b	200	GET	application/json	https://anteikutaern.at.ua/raresImg/anteikuDBversion.json?_=1791526876404
9acbf079620a	200	GET	application/json; charset=utf-8	https://mc.yandex.com/watch/81337741?wmode=7&page-url=https%3A%2F%2Fanteikutaern.at.ua%2Fmobs%2Fbosses%2F&charset=utf-8&uah=che%0A0&browser-info=pv%3A1%3Avf%3Ajeu2ees5yi9qi1u8go1yz2nmugpom3%3Afu%3A0%3Aen%3Autf-8%3Ala%3Aen-US%3Av%3A2660%3Acn%3A1%3Adp%3A0%3Als%3A1624601425020%3Ahid%3A849709925%3Az%3A420%3Ai%3A20261009132116%3Aet%3A1791526876%3Ac%3A1%3Arn%3A315391927%3Arqn%3A70%3Au%3A1791526566808777865%3Aw%3A1600x1000%3As%3A1366x768x24%3Ask%3A1%3Afp%3A83%3Awv%3A2%3Ads%3A0%2C0%2C0%2C0%2C-5%2C0%2C%2C79%2C1%2C%2C%2C%2C76%3Aco%3A0%3Ahdl%3A1%3Ans%3A1791526876175%3Aadb%3A2%3Arqnl%3A1%3Ast%3A1791526876%3At%3A%D0%91%D0%BE%D1%81%D1%81%D1%8B%20Broken%20Ranks%20%E2%80%94%20%D0%BF%D0%BE%D0%BB%D0%BD%D1%8B%D0%B9%20%D1%81%D0%BF%D0%B8%D1%81%D0%BE%D0%BA&t=clt(33)gdpr(14)clc(0-0-0)rqnt(1)aw(1)rcm(0)cdl(na)eco(42009088)ti(1)
a87fafab5665	200	GET	application/javascript; charset=UTF-8	https://anteikutaern.at.ua/raresImg/zapusk.js?1791526881262
787fa666805b	200	GET	application/json	https://anteikutaern.at.ua/raresImg/anteikuDBversion.json?_=1791526881427
26632ac42aff	200	GET	application/json; charset=utf-8	https://mc.yandex.com/watch/81337741?wmode=7&page-url=https%3A%2F%2Fanteikutaern.at.ua%2Fmobs%2Fbosses%2F&charset=utf-8&uah=che%0A0&browser-info=pv%3A1%3Avf%3Ajeu2ees5yi9qi1u8go1yz2nmugpom3%3Afu%3A0%3Aen%3Autf-8%3Ala%3Aen-US%3Av%3A2660%3Acn%3A1%3Adp%3A0%3Als%3A1624601425020%3Ahid%3A519424155%3Az%3A420%3Ai%3A20261009132121%3Aet%3A1791526881%3Ac%3A1%3Arn%3A990337203%3Arqn%3A71%3Au%3A1791526566808777865%3Aw%3A1600x1000%3As%3A1366x768x24%3Ask%3A1%3Afp%3A56%3Awv%3A2%3Ads%3A0%2C0%2C0%2C0%2C-1%2C0%2C%2C49%2C1%2C%2C%2C%2C49%3Aco%3A0%3Ahdl%3A1%3Ans%3A1791526881214%3Aadb%3A2%3Arqnl%3A1%3Ast%3A1791526881%3At%3A%D0%91%D0%BE%D1%81%D1%81%D1%8B%20Broken%20Ranks%20%E2%80%94%20%D0%BF%D0%BE%D0%BB%D0%BD%D1%8B%D0%B9%20%D1%81%D0%BF%D0%B8%D1%81%D0%BE%D0%BA&t=clt(20)gdpr(14)clc(0-0-0)rqnt(1)aw(1)rcm(0)cdl(na)eco(42009088)ti(1)
d6efc14ebada	200	GET	application/javascript; charset=UTF-8	https://anteikutaern.at.ua/raresImg/zapusk.js?1791526884772
55550223ecd5	200	GET	application/json	https://anteikutaern.at.ua/raresImg/anteikuDBversion.json?_=1791526884927
270485d75d57	200	GET	application/json; charset=utf-8	https://mc.yandex.com/watch/81337741?wmode=7&page-url=https%3A%2F%2Fanteikutaern.at.ua%2Fmobs%2Fbosses%2F&charset=utf-8&uah=che%0A0&browser-info=pv%3A1%3Avf%3Ajeu2ees5yi9qi1u8go1yz2nmugpom3%3Afu%3A0%3Aen%3Autf-8%3Ala%3Aen-US%3Av%3A2660%3Acn%3A1%3Adp%3A0%3Als%3A1624601425020%3Ahid%3A626871276%3Az%3A420%3Ai%3A20261009132124%3Aet%3A1791526885%3Ac%3A1%3Arn%3A854717855%3Arqn%3A72%3Au%3A1791526566808777865%3Aw%3A1600x1000%3As%3A1366x768x24%3Ask%3A1%3Afp%3A48%3Awv%3A2%3Ads%3A0%2C0%2C0%2C%2C%2C0%2C%2C%2C1%2C%2C%2C%2C41%3Aco%3A0%3Ahdl%3A1%3Ans%3A1791526884732%3Aadb%3A2%3Arqnl%3A1%3Ast%3A1791526885%3At%3A%D0%91%D0%BE%D1%81%D1%81%D1%8B%20Broken%20Ranks%20%E2%80%94%20%D0%BF%D0%BE%D0%BB%D0%BD%D1%8B%D0%B9%20%D1%81%D0%BF%D0%B8%D1%81%D0%BE%D0%BA&t=clt(47)gdpr(14)clc(0-0-0)rqnt(1)aw(1)rcm(0)cdl(na)eco(42009088)ti(1)
58e0657453f4	200	GET	application/javascript; charset=UTF-8	https://anteikutaern.at.ua/raresImg/zapusk.js?1791526889716
ad9a3a2f1fb0	200	GET	application/json	https://anteikutaern.at.ua/raresImg/anteikuDBversion.json?_=1791526889886
7f254e137dbd	200	GET	application/json; charset=utf-8	https://mc.yandex.com/watch/81337741?wmode=7&page-url=https%3A%2F%2Fanteikutaern.at.ua%2Fmobs%2Fbosses%2F&charset=utf-8&uah=che%0A0&browser-info=pv%3A1%3Avf%3Ajeu2ees5yi9qi1u8go1yz2nmugpom3%3Afu%3A0%3Aen%3Autf-8%3Ala%3Aen-US%3Av%3A2660%3Acn%3A1%3Adp%3A0%3Als%3A1624601425020%3Ahid%3A945179022%3Az%3A420%3Ai%3A20261009132129%3Aet%3A1791526890%3Ac%3A1%3Arn%3A1023622065%3Arqn%3A73%3Au%3A1791526566808777865%3Aw%3A1600x1000%3As%3A1366x768x24%3Ask%3A1%3Afp%3A49%3Awv%3A2%3Ads%3A0%2C0%2C0%2C%2C%2C0%2C%2C%2C1%2C%2C%2C%2C41%3Aco%3A0%3Ahdl%3A1%3Ans%3A1791526889676%3Aadb%3A2%3Arqnl%3A1%3Ast%3A1791526890%3At%3A%D0%91%D0%BE%D1%81%D1%81%D1%8B%20Broken%20Ranks%20%E2%80%94%20%D0%BF%D0%BE%D0%BB%D0%BD%D1%8B%D0%B9%20%D1%81%D0%BF%D0%B8%D1%81%D0%BE%D0%BA&t=clt(17)gdpr(14)clc(0-0-0)rqnt(1)aw(1)rcm(0)cdl(na)eco(42009088)ti(1)
529f1facb002	200	GET	application/javascript; charset=UTF-8	https://anteikutaern.at.ua/raresImg/zapusk.js?1791526894540
111b8fb281b7	200	GET	application/json	https://anteikutaern.at.ua/raresImg/anteikuDBversion.json?_=1791526894709
251ab5b64f93	200	GET	application/json; charset=utf-8	https://mc.yandex.com/watch/81337741?wmode=7&page-url=https%3A%2F%2Fanteikutaern.at.ua%2Fmobs%2Fbosses%2F&charset=utf-8&uah=che%0A0&browser-info=pv%3A1%3Avf%3Ajeu2ees5yi9qi1u8go1yz2nmugpom3%3Afu%3A0%3Aen%3Autf-8%3Ala%3Aen-US%3Av%3A2660%3Acn%3A1%3Adp%3A0%3Als%3A1624601425020%3Ahid%3A922570331%3Az%3A420%3Ai%3A20261009132134%3Aet%3A1791526895%3Ac%3A1%3Arn%3A735649847%3Arqn%3A74%3Au%3A1791526566808777865%3Aw%3A1600x1000%3As%3A1366x768x24%3Ask%3A1%3Afp%3A44%3Awv%3A2%3Ads%3A0%2C0%2C0%2C0%2C-2%2C0%2C%2C39%2C1%2C%2C%2C%2C39%3Aco%3A0%3Ahdl%3A1%3Ans%3A1791526894503%3Aadb%3A2%3Arqnl%3A1%3Ast%3A1791526895%3At%3A%D0%91%D0%BE%D1%81%D1%81%D1%8B%20Broken%20Ranks%20%E2%80%94%20%D0%BF%D0%BE%D0%BB%D0%BD%D1%8B%D0%B9%20%D1%81%D0%BF%D0%B8%D1%81%D0%BE%D0%BA&t=clt(16)gdpr(14)clc(0-0-0)rqnt(1)aw(1)rcm(0)cdl(na)eco(42009088)ti(1)
1fe59a494f6d	200	GET	application/javascript; charset=UTF-8	https://anteikutaern.at.ua/raresImg/zapusk.js?1791526899467
1300ebc7db7d	200	GET	application/json	https://anteikutaern.at.ua/raresImg/anteikuDBversion.json?_=1791526899618
9566f0e93a82	200	GET	application/json; charset=utf-8	https://mc.yandex.com/watch/81337741?wmode=7&page-url=https%3A%2F%2Fanteikutaern.at.ua%2Fmobs%2Fbosses%2F&charset=utf-8&uah=che%0A0&browser-info=pv%3A1%3Avf%3Ajeu2ees5yi9qi1u8go1yz2nmugpom3%3Afu%3A0%3Aen%3Autf-8%3Ala%3Aen-US%3Av%3A2660%3Acn%3A1%3Adp%3A0%3Als%3A1624601425020%3Ahid%3A1067749153%3Az%3A420%3Ai%3A20261009132139%3Aet%3A1791526900%3Ac%3A1%3Arn%3A593178603%3Arqn%3A75%3Au%3A1791526566808777865%3Aw%3A1600x1000%3As%3A1366x768x24%3Ask%3A1%3Afp%3A50%3Awv%3A2%3Ads%3A0%2C0%2C0%2C0%2C-3%2C0%2C%2C45%2C2%2C%2C%2C%2C43%3Aco%3A0%3Ahdl%3A1%3Ans%3A1791526899425%3Aadb%3A2%3Arqnl%3A1%3Ast%3A1791526900%3At%3A%D0%91%D0%BE%D1%81%D1%81%D1%8B%20Broken%20Ranks%20%E2%80%94%20%D0%BF%D0%BE%D0%BB%D0%BD%D1%8B%D0%B9%20%D1%81%D0%BF%D0%B8%D1%81%D0%BE%D0%BA&t=clt(32)gdpr(14)clc(0-0-0)rqnt(1)aw(1)rcm(0)cdl(na)eco(42009088)ti(1)
57624c08e5be	200	GET	application/javascript; charset=UTF-8	https://anteikutaern.at.ua/raresImg/zapusk.js?1791526903115
c63df6f36cc6	200	GET	application/json	https://anteikutaern.at.ua/raresImg/anteikuDBversion.json?_=1791526903283
09cf3278b25f	200	GET	application/json; charset=utf-8	https://mc.yandex.com/watch/81337741?wmode=7&page-url=https%3A%2F%2Fanteikutaern.at.ua%2Fmobs%2Fbosses%2F&charset=utf-8&uah=che%0A0&browser-info=pv%3A1%3Avf%3Ajeu2ees5yi9qi1u8go1yz2nmugpom3%3Afu%3A0%3Aen%3Autf-8%3Ala%3Aen-US%3Av%3A2660%3Acn%3A1%3Adp%3A0%3Als%3A1624601425020%3Ahid%3A238147352%3Az%3A420%3Ai%3A20261009132143%3Aet%3A1791526903%3Ac%3A1%3Arn%3A554950837%3Arqn%3A76%3Au%3A1791526566808777865%3Aw%3A1600x1000%3As%3A1366x768x24%3Ask%3A1%3Afp%3A45%3Awv%3A2%3Ads%3A0%2C0%2C0%2C0%2C-3%2C0%2C%2C42%2C1%2C%2C%2C%2C40%3Aco%3A0%3Ahdl%3A1%3Ans%3A1791526903076%3Aadb%3A2%3Arqnl%3A1%3Ast%3A1791526903%3At%3A%D0%91%D0%BE%D1%81%D1%81%D1%8B%20Broken%20Ranks%20%E2%80%94%20%D0%BF%D0%BE%D0%BB%D0%BD%D1%8B%D0%B9%20%D1%81%D0%BF%D0%B8%D1%81%D0%BE%D0%BA&t=clt(22)gdpr(14)clc(0-0-0)rqnt(1)aw(1)rcm(0)cdl(na)eco(42009088)ti(1)
6b40ec906621	200	GET	application/javascript; charset=UTF-8	https://anteikutaern.at.ua/raresImg/zapusk.js?1791526908000
bde21dbb81d8	200	GET	application/json	https://anteikutaern.at.ua/raresImg/anteikuDBversion.json?_=1791526908161
dc080da37fed	200	GET	application/json; charset=utf-8	https://mc.yandex.com/watch/81337741?wmode=7&page-url=https%3A%2F%2Fanteikutaern.at.ua%2Fmobs%2Fbosses%2F&charset=utf-8&uah=che%0A0&browser-info=pv%3A1%3Avf%3Ajeu2ees5yi9qi1u8go1yz2nmugpom3%3Afu%3A0%3Aen%3Autf-8%3Ala%3Aen-US%3Av%3A2660%3Acn%3A1%3Adp%3A0%3Als%3A1624601425020%3Ahid%3A297500699%3Az%3A420%3Ai%3A20261009132148%3Aet%3A1791526908%3Ac%3A1%3Arn%3A423904066%3Arqn%3A77%3Au%3A1791526566808777865%3Aw%3A1600x1000%3As%3A1366x768x24%3Ask%3A1%3Afp%3A44%3Awv%3A2%3Ads%3A0%2C0%2C0%2C0%2C-1%2C0%2C%2C38%2C1%2C%2C%2C%2C39%3Aco%3A0%3Ahdl%3A1%3Ans%3A1791526907963%3Aadb%3A2%3Arqnl%3A1%3Ast%3A1791526908%3At%3A%D0%91%D0%BE%D1%81%D1%81%D1%8B%20Broken%20Ranks%20%E2%80%94%20%D0%BF%D0%BE%D0%BB%D0%BD%D1%8B%D0%B9%20%D1%81%D0%BF%D0%B8%D1%81%D0%BE%D0%BA&t=clt(21)gdpr(14)clc(0-0-0)rqnt(1)aw(1)rcm(0)cdl(na)eco(42009088)ti(1)
05776d4dacf1	200	GET	application/javascript; charset=UTF-8	https://anteikutaern.at.ua/raresImg/zapusk.js?1791526912941
396355e09c91	200	GET	application/json	https://anteikutaern.at.ua/raresImg/anteikuDBversion.json?_=1791526913101
3ae9ac593b59	200	GET	application/json; charset=utf-8	https://mc.yandex.com/watch/81337741?wmode=7&page-url=https%3A%2F%2Fanteikutaern.at.ua%2Fmobs%2Fbosses%2F&charset=utf-8&uah=che%0A0&browser-info=pv%3A1%3Avf%3Ajeu2ees5yi9qi1u8go1yz2nmugpom3%3Afu%3A0%3Aen%3Autf-8%3Ala%3Aen-US%3Av%3A2660%3Acn%3A1%3Adp%3A0%3Als%3A1624601425020%3Ahid%3A1061070589%3Az%3A420%3Ai%3A20261009132153%3Aet%3A1791526913%3Ac%3A1%3Arn%3A805263718%3Arqn%3A78%3Au%3A1791526566808777865%3Aw%3A1600x1000%3As%3A1366x768x24%3Ask%3A1%3Afp%3A47%3Awv%3A2%3Ads%3A0%2C0%2C0%2C0%2C-5%2C0%2C%2C43%2C1%2C%2C%2C%2C39%3Aco%3A0%3Ahdl%3A1%3Ans%3A1791526912903%3Aadb%3A2%3Arqnl%3A1%3Ast%3A1791526913%3At%3A%D0%91%D0%BE%D1%81%D1%81%D1%8B%20Broken%20Ranks%20%E2%80%94%20%D0%BF%D0%BE%D0%BB%D0%BD%D1%8B%D0%B9%20%D1%81%D0%BF%D0%B8%D1%81%D0%BE%D0%BA&t=clt(15)gdpr(14)clc(0-0-0)rqnt(1)aw(1)rcm(0)cdl(na)eco(42009088)ti(1)
4cdde586cefe	200	GET	application/javascript; charset=UTF-8	https://anteikutaern.at.ua/raresImg/zapusk.js?1791526917911
c26d4f480446	200	GET	application/json; charset=utf-8	https://mc.yandex.com/watch/81337741?wmode=7&page-url=https%3A%2F%2Fanteikutaern.at.ua%2Fmobs%2Fbosses%2F&charset=utf-8&uah=che%0A0&browser-info=pv%3A1%3Avf%3Ajeu2ees5yi9qi1u8go1yz2nmugpom3%3Afu%3A0%3Aen%3Autf-8%3Ala%3Aen-US%3Av%3A2660%3Acn%3A1%3Adp%3A0%3Als%3A1624601425020%3Ahid%3A2881338%3Az%3A420%3Ai%3A20261009132158%3Aet%3A1791526918%3Ac%3A1%3Arn%3A519004048%3Arqn%3A79%3Au%3A1791526566808777865%3Aw%3A1600x1000%3As%3A1366x768x24%3Ask%3A1%3Afp%3A51%3Awv%3A2%3Ads%3A0%2C0%2C0%2C0%2C-1%2C0%2C%2C40%2C1%2C%2C%2C%2C40%3Aco%3A0%3Ahdl%3A1%3Ans%3A1791526917871%3Aadb%3A2%3Arqnl%3A1%3Ast%3A1791526918%3At%3A%D0%91%D0%BE%D1%81%D1%81%D1%8B%20Broken%20Ranks%20%E2%80%94%20%D0%BF%D0%BE%D0%BB%D0%BD%D1%8B%D0%B9%20%D1%81%D0%BF%D0%B8%D1%81%D0%BE%D0%BA&t=clt(18)gdpr(14)clc(0-0-0)rqnt(1)aw(1)rcm(0)cdl(na)eco(42009088)ti(1)
b2ae1ad11be8	200	GET	application/json	https://anteikutaern.at.ua/raresImg/anteikuDBversion.json?_=1791526918076
e944052c834f	200	GET	application/javascript; charset=UTF-8	https://anteikutaern.at.ua/raresImg/zapusk.js?1791526921563
f742c6d042cc	200	GET	application/json	https://anteikutaern.at.ua/raresImg/anteikuDBversion.json?_=1791526921736
282549c9e22a	200	GET	application/json; charset=utf-8	https://mc.yandex.com/watch/81337741?wmode=7&page-url=https%3A%2F%2Fanteikutaern.at.ua%2Fmobs%2Fbosses%2F&charset=utf-8&uah=che%0A0&browser-info=pv%3A1%3Avf%3Ajeu2ees5yi9qi1u8go1yz2nmugpom3%3Afu%3A0%3Aen%3Autf-8%3Ala%3Aen-US%3Av%3A2660%3Acn%3A1%3Adp%3A0%3Als%3A1624601425020%3Ahid%3A4885063%3Az%3A420%3Ai%3A20261009132201%3Aet%3A1791526922%3Ac%3A1%3Arn%3A1034764791%3Arqn%3A80%3Au%3A1791526566808777865%3Aw%3A1600x1000%3As%3A1366x768x24%3Ask%3A1%3Afp%3A57%3Awv%3A2%3Ads%3A0%2C0%2C0%2C%2C%2C0%2C%2C%2C1%2C%2C%2C%2C50%3Aco%3A0%3Ahdl%3A1%3Ans%3A1791526921515%3Aadb%3A2%3Arqnl%3A1%3Ast%3A1791526922%3At%3A%D0%91%D0%BE%D1%81%D1%81%D1%8B%20Broken%20Ranks%20%E2%80%94%20%D0%BF%D0%BE%D0%BB%D0%BD%D1%8B%D0%B9%20%D1%81%D0%BF%D0%B8%D1%81%D0%BE%D0%BA&t=clt(28)gdpr(14)clc(0-0-0)rqnt(1)aw(1)rcm(0)cdl(na)eco(42009088)ti(1)
6f65dd735e9d	200	GET	application/javascript; charset=UTF-8	https://anteikutaern.at.ua/raresImg/zapusk.js?1791526926455
2127f945a305	200	GET	application/json	https://anteikutaern.at.ua/raresImg/anteikuDBversion.json?_=1791526926616
9f98ab971323	200	GET	application/json; charset=utf-8	https://mc.yandex.com/watch/81337741?wmode=7&page-url=https%3A%2F%2Fanteikutaern.at.ua%2Fmobs%2Fbosses%2F&charset=utf-8&uah=che%0A0&browser-info=pv%3A1%3Avf%3Ajeu2ees5yi9qi1u8go1yz2nmugpom3%3Afu%3A0%3Aen%3Autf-8%3Ala%3Aen-US%3Av%3A2660%3Acn%3A1%3Adp%3A0%3Als%3A1624601425020%3Ahid%3A919354139%3Az%3A420%3Ai%3A20261009132206%3Aet%3A1791526927%3Ac%3A1%3Arn%3A91254092%3Arqn%3A81%3Au%3A1791526566808777865%3Aw%3A1600x1000%3As%3A1366x768x24%3Ask%3A1%3Afp%3A59%3Awv%3A2%3Ads%3A0%2C0%2C0%2C0%2C-4%2C0%2C%2C55%2C1%2C%2C%2C%2C53%3Aco%3A0%3Ahdl%3A1%3Ans%3A1791526926404%3Aadb%3A2%3Arqnl%3A1%3Ast%3A1791526927%3At%3A%D0%91%D0%BE%D1%81%D1%81%D1%8B%20Broken%20Ranks%20%E2%80%94%20%D0%BF%D0%BE%D0%BB%D0%BD%D1%8B%D0%B9%20%D1%81%D0%BF%D0%B8%D1%81%D0%BE%D0%BA&t=clt(39)gdpr(14)clc(0-0-0)rqnt(1)aw(1)rcm(0)cdl(na)eco(42009088)ti(1)
b12c9c87d77a	200	GET	application/javascript; charset=UTF-8	https://anteikutaern.at.ua/raresImg/zapusk.js?1791526931389
bd89745bfd70	200	GET	application/json	https://anteikutaern.at.ua/raresImg/anteikuDBversion.json?_=1791526931553
8a608767b31d	200	GET	application/json; charset=utf-8	https://mc.yandex.com/watch/81337741?wmode=7&page-url=https%3A%2F%2Fanteikutaern.at.ua%2Fmobs%2Fbosses%2F&charset=utf-8&uah=che%0A0&browser-info=pv%3A1%3Avf%3Ajeu2ees5yi9qi1u8go1yz2nmugpom3%3Afu%3A0%3Aen%3Autf-8%3Ala%3Aen-US%3Av%3A2660%3Acn%3A1%3Adp%3A0%3Als%3A1624601425020%3Ahid%3A554756202%3Az%3A420%3Ai%3A20261009132211%3Aet%3A1791526932%3Ac%3A1%3Arn%3A1072546816%3Arqn%3A82%3Au%3A1791526566808777865%3Aw%3A1600x1000%3As%3A1366x768x24%3Ask%3A1%3Afp%3A51%3Awv%3A2%3Ads%3A0%2C0%2C0%2C0%2C-4%2C0%2C%2C46%2C1%2C%2C%2C%2C44%3Aco%3A0%3Ahdl%3A1%3Ans%3A1791526931346%3Aadb%3A2%3Arqnl%3A1%3Ast%3A1791526932%3At%3A%D0%91%D0%BE%D1%81%D1%81%D1%8B%20Broken%20Ranks%20%E2%80%94%20%D0%BF%D0%BE%D0%BB%D0%BD%D1%8B%D0%B9%20%D1%81%D0%BF%D0%B8%D1%81%D0%BE%D0%BA&t=clt(22)gdpr(14)clc(0-0-0)rqnt(1)aw(1)rcm(0)cdl(na)eco(42009088)ti(1)
7196bd02ec0f	200	GET	application/javascript; charset=UTF-8	https://anteikutaern.at.ua/raresImg/zapusk.js?1791526936338
5f9a10ec9125	200	GET	application/json	https://anteikutaern.at.ua/raresImg/anteikuDBversion.json?_=1791526936505
c77b6c997e6c	200	GET	application/json; charset=utf-8	https://mc.yandex.com/watch/81337741?wmode=7&page-url=https%3A%2F%2Fanteikutaern.at.ua%2Fmobs%2Fbosses%2F&charset=utf-8&uah=che%0A0&browser-info=pv%3A1%3Avf%3Ajeu2ees5yi9qi1u8go1yz2nmugpom3%3Afu%3A0%3Aen%3Autf-8%3Ala%3Aen-US%3Av%3A2660%3Acn%3A1%3Adp%3A0%3Als%3A1624601425020%3Ahid%3A587225517%3Az%3A420%3Ai%3A20261009132216%3Aet%3A1791526936%3Ac%3A1%3Arn%3A559812488%3Arqn%3A83%3Au%3A1791526566808777865%3Aw%3A1600x1000%3As%3A1366x768x24%3Ask%3A1%3Afp%3A56%3Awv%3A2%3Ads%3A0%2C0%2C0%2C0%2C-2%2C0%2C%2C46%2C1%2C%2C%2C%2C44%3Aco%3A0%3Ahdl%3A1%3Ans%3A1791526936294%3Aadb%3A2%3Arqnl%3A1%3Ast%3A1791526936%3At%3A%D0%91%D0%BE%D1%81%D1%81%D1%8B%20Broken%20Ranks%20%E2%80%94%20%D0%BF%D0%BE%D0%BB%D0%BD%D1%8B%D0%B9%20%D1%81%D0%BF%D0%B8%D1%81%D0%BE%D0%BA&t=clt(21)gdpr(14)clc(0-0-0)rqnt(1)aw(1)rcm(0)cdl(na)eco(42009088)ti(1)
58de9ae438f4	200	GET	application/javascript; charset=UTF-8	https://anteikutaern.at.ua/raresImg/zapusk.js?1791526940054
a46acb74561d	200	GET	application/json	https://anteikutaern.at.ua/raresImg/anteikuDBversion.json?_=1791526940223
b7d911340f19	200	GET	application/json; charset=utf-8	https://mc.yandex.com/watch/81337741?wmode=7&page-url=https%3A%2F%2Fanteikutaern.at.ua%2Fmobs%2Fbosses%2F&charset=utf-8&uah=che%0A0&browser-info=pv%3A1%3Avf%3Ajeu2ees5yi9qi1u8go1yz2nmugpom3%3Afu%3A0%3Aen%3Autf-8%3Ala%3Aen-US%3Av%3A2660%3Acn%3A1%3Adp%3A0%3Als%3A1624601425020%3Ahid%3A953012349%3Az%3A420%3Ai%3A20261009132220%3Aet%3A1791526940%3Ac%3A1%3Arn%3A85113422%3Arqn%3A84%3Au%3A1791526566808777865%3Aw%3A1600x1000%3As%3A1366x768x24%3Ask%3A1%3Afp%3A58%3Awv%3A2%3Ads%3A0%2C0%2C0%2C%2C%2C0%2C%2C%2C2%2C%2C%2C%2C53%3Aco%3A0%3Ahdl%3A1%3Ans%3A1791526940004%3Aadb%3A2%3Arqnl%3A1%3Ast%3A1791526940%3At%3A%D0%91%D0%BE%D1%81%D1%81%D1%8B%20Broken%20Ranks%20%E2%80%94%20%D0%BF%D0%BE%D0%BB%D0%BD%D1%8B%D0%B9%20%D1%81%D0%BF%D0%B8%D1%81%D0%BE%D0%BA&t=clt(24)gdpr(14)clc(0-0-0)rqnt(1)aw(1)rcm(0)cdl(na)eco(42009088)ti(1)
6053486299e7	200	GET	application/javascript; charset=UTF-8	https://anteikutaern.at.ua/raresImg/zapusk.js?1791526944973
6189ae12c808	200	GET	application/json	https://anteikutaern.at.ua/raresImg/anteikuDBversion.json?_=1791526945133
5f6d89967dda	200	GET	application/json; charset=utf-8	https://mc.yandex.com/watch/81337741?wmode=7&page-url=https%3A%2F%2Fanteikutaern.at.ua%2Fmobs%2Fbosses%2F&charset=utf-8&uah=che%0A0&browser-info=pv%3A1%3Avf%3Ajeu2ees5yi9qi1u8go1yz2nmugpom3%3Afu%3A0%3Aen%3Autf-8%3Ala%3Aen-US%3Av%3A2660%3Acn%3A1%3Adp%3A0%3Als%3A1624601425020%3Ahid%3A871717234%3Az%3A420%3Ai%3A20261009132225%3Aet%3A1791526945%3Ac%3A1%3Arn%3A433792909%3Arqn%3A85%3Au%3A1791526566808777865%3Aw%3A1600x1000%3As%3A1366x768x24%3Ask%3A1%3Afp%3A45%3Awv%3A2%3Ads%3A0%2C0%2C0%2C0%2C-2%2C0%2C%2C39%2C1%2C%2C%2C%2C38%3Aco%3A0%3Ahdl%3A1%3Ans%3A1791526944937%3Aadb%3A2%3Arqnl%3A1%3Ast%3A1791526945%3At%3A%D0%91%D0%BE%D1%81%D1%81%D1%8B%20Broken%20Ranks%20%E2%80%94%20%D0%BF%D0%BE%D0%BB%D0%BD%D1%8B%D0%B9%20%D1%81%D0%BF%D0%B8%D1%81%D0%BE%D0%BA&t=clt(16)gdpr(14)clc(0-0-0)rqnt(1)aw(1)rcm(0)cdl(na)eco(42009088)ti(1)
c4f43039708d	200	GET	application/javascript; charset=UTF-8	https://anteikutaern.at.ua/raresImg/zapusk.js?1791526949838
959b591219c0	200	GET	application/json	https://anteikutaern.at.ua/raresImg/anteikuDBversion.json?_=1791526949998
6c1efea230e3	200	GET	application/json; charset=utf-8	https://mc.yandex.com/watch/81337741?wmode=7&page-url=https%3A%2F%2Fanteikutaern.at.ua%2Fmobs%2Fbosses%2F&charset=utf-8&uah=che%0A0&browser-info=pv%3A1%3Avf%3Ajeu2ees5yi9qi1u8go1yz2nmugpom3%3Afu%3A0%3Aen%3Autf-8%3Ala%3Aen-US%3Av%3A2660%3Acn%3A1%3Adp%3A0%3Als%3A1624601425020%3Ahid%3A397804237%3Az%3A420%3Ai%3A20261009132229%3Aet%3A1791526950%3Ac%3A1%3Arn%3A393643641%3Arqn%3A86%3Au%3A1791526566808777865%3Aw%3A1600x1000%3As%3A1366x768x24%3Ask%3A1%3Afp%3A50%3Awv%3A2%3Ads%3A0%2C0%2C0%2C0%2C-3%2C0%2C%2C45%2C1%2C%2C%2C%2C45%3Aco%3A0%3Ahdl%3A1%3Ans%3A1791526949795%3Aadb%3A2%3Arqnl%3A1%3Ast%3A1791526950%3At%3A%D0%91%D0%BE%D1%81%D1%81%D1%8B%20Broken%20Ranks%20%E2%80%94%20%D0%BF%D0%BE%D0%BB%D0%BD%D1%8B%D0%B9%20%D1%81%D0%BF%D0%B8%D1%81%D0%BE%D0%BA&t=clt(35)gdpr(14)clc(0-0-0)rqnt(1)aw(1)rcm(0)cdl(na)eco(42009088)ti(1)
7a63c672ef49	200	GET	application/javascript; charset=UTF-8	https://anteikutaern.at.ua/raresImg/zapusk.js?1791526954920
6407d364f0de	200	GET	application/json	https://anteikutaern.at.ua/raresImg/anteikuDBversion.json?_=1791526955076
4507cf594812	200	GET	application/json; charset=utf-8	https://mc.yandex.com/watch/81337741?wmode=7&page-url=https%3A%2F%2Fanteikutaern.at.ua%2Fmobs%2Fbosses%2F&charset=utf-8&uah=che%0A0&browser-info=pv%3A1%3Avf%3Ajeu2ees5yi9qi1u8go1yz2nmugpom3%3Afu%3A0%3Aen%3Autf-8%3Ala%3Aen-US%3Av%3A2660%3Acn%3A1%3Adp%3A0%3Als%3A1624601425020%3Ahid%3A722025061%3Az%3A420%3Ai%3A20261009132235%3Aet%3A1791526955%3Ac%3A1%3Arn%3A782563737%3Arqn%3A87%3Au%3A1791526566808777865%3Aw%3A1600x1000%3As%3A1366x768x24%3Ask%3A1%3Afp%3A47%3Awv%3A2%3Ads%3A0%2C0%2C0%2C0%2C-5%2C0%2C%2C41%2C1%2C%2C%2C%2C37%3Aco%3A0%3Ahdl%3A1%3Ans%3A1791526954883%3Aadb%3A2%3Arqnl%3A1%3Ast%3A1791526955%3At%3A%D0%91%D0%BE%D1%81%D1%81%D1%8B%20Broken%20Ranks%20%E2%80%94%20%D0%BF%D0%BE%D0%BB%D0%BD%D1%8B%D0%B9%20%D1%81%D0%BF%D0%B8%D1%81%D0%BE%D0%BA&t=clt(35)gdpr(14)clc(0-0-0)rqnt(1)aw(1)rcm(0)cdl(na)eco(42009088)ti(1)
c12abf4b5617	200	GET	application/javascript; charset=UTF-8	https://anteikutaern.at.ua/raresImg/zapusk.js?1791526958600
31f7f72b92b7	200	GET	application/json	https://anteikutaern.at.ua/raresImg/anteikuDBversion.json?_=1791526958761
b26f85c2e7fb	200	GET	application/json; charset=utf-8	https://mc.yandex.com/watch/81337741?wmode=7&page-url=https%3A%2F%2Fanteikutaern.at.ua%2Fmobs%2Fbosses%2F&charset=utf-8&uah=che%0A0&browser-info=pv%3A1%3Avf%3Ajeu2ees5yi9qi1u8go1yz2nmugpom3%3Afu%3A0%3Aen%3Autf-8%3Ala%3Aen-US%3Av%3A2660%3Acn%3A1%3Adp%3A0%3Als%3A1624601425020%3Ahid%3A1047702653%3Az%3A420%3Ai%3A20261009132238%3Aet%3A1791526959%3Ac%3A1%3Arn%3A172471147%3Arqn%3A88%3Au%3A1791526566808777865%3Aw%3A1600x1000%3As%3A1366x768x24%3Ask%3A1%3Afp%3A51%3Awv%3A2%3Ads%3A0%2C0%2C0%2C0%2C-3%2C0%2C%2C46%2C1%2C1%2C1%2C0%2C45%3Aco%3A0%3Ahdl%3A1%3Ans%3A1791526958556%3Aadb%3A2%3Arqnl%3A1%3Ast%3A1791526959%3At%3A%D0%91%D0%BE%D1%81%D1%81%D1%8B%20Broken%20Ranks%20%E2%80%94%20%D0%BF%D0%BE%D0%BB%D0%BD%D1%8B%D0%B9%20%D1%81%D0%BF%D0%B8%D1%81%D0%BE%D0%BA&t=clt(21)gdpr(14)clc(0-0-0)rqnt(1)aw(1)rcm(0)cdl(na)eco(42009088)ti(1)
2120dca1f9ff	200	GET	application/javascript; charset=UTF-8	https://anteikutaern.at.ua/raresImg/zapusk.js?1791526963486
071c9114ac66	200	GET	application/json	https://anteikutaern.at.ua/raresImg/anteikuDBversion.json?_=1791526963642
f2986ced6d76	200	GET	application/json; charset=utf-8	https://mc.yandex.com/watch/81337741?wmode=7&page-url=https%3A%2F%2Fanteikutaern.at.ua%2Fmobs%2Fbosses%2F&charset=utf-8&uah=che%0A0&browser-info=pv%3A1%3Avf%3Ajeu2ees5yi9qi1u8go1yz2nmugpom3%3Afu%3A0%3Aen%3Autf-8%3Ala%3Aen-US%3Av%3A2660%3Acn%3A1%3Adp%3A0%3Als%3A1624601425020%3Ahid%3A168054118%3Az%3A420%3Ai%3A20261009132243%3Aet%3A1791526964%3Ac%3A1%3Arn%3A417641720%3Arqn%3A89%3Au%3A1791526566808777865%3Aw%3A1600x1000%3As%3A1366x768x24%3Ask%3A1%3Afp%3A46%3Awv%3A2%3Ads%3A0%2C0%2C0%2C0%2C-3%2C0%2C%2C41%2C1%2C%2C%2C%2C39%3Aco%3A0%3Ahdl%3A1%3Ans%3A1791526963447%3Aadb%3A2%3Arqnl%3A1%3Ast%3A1791526964%3At%3A%D0%91%D0%BE%D1%81%D1%81%D1%8B%20Broken%20Ranks%20%E2%80%94%20%D0%BF%D0%BE%D0%BB%D0%BD%D1%8B%D0%B9%20%D1%81%D0%BF%D0%B8%D1%81%D0%BE%D0%BA&t=clt(48)gdpr(14)clc(0-0-0)rqnt(1)aw(1)rcm(0)cdl(na)eco(42009088)ti(1)
05f19ab71ecf	200	GET	application/javascript; charset=UTF-8	https://anteikutaern.at.ua/raresImg/zapusk.js?1791526968433
97a8a623a35a	200	GET	application/json	https://anteikutaern.at.ua/raresImg/anteikuDBversion.json?_=1791526968598
e72e3d3bb8f2	200	GET	application/json; charset=utf-8	https://mc.yandex.com/watch/81337741?wmode=7&page-url=https%3A%2F%2Fanteikutaern.at.ua%2Fmobs%2Fbosses%2F&charset=utf-8&uah=che%0A0&browser-info=pv%3A1%3Avf%3Ajeu2ees5yi9qi1u8go1yz2nmugpom3%3Afu%3A0%3Aen%3Autf-8%3Ala%3Aen-US%3Av%3A2660%3Acn%3A1%3Adp%3A0%3Als%3A1624601425020%3Ahid%3A509379835%3Az%3A420%3Ai%3A20261009132248%3Aet%3A1791526969%3Ac%3A1%3Arn%3A824640308%3Arqn%3A90%3Au%3A1791526566808777865%3Aw%3A1600x1000%3As%3A1366x768x24%3Ask%3A1%3Afp%3A51%3Awv%3A2%3Ads%3A0%2C0%2C0%2C%2C%2C0%2C%2C%2C1%2C%2C%2C%2C45%3Aco%3A0%3Ahdl%3A1%3Ans%3A1791526968388%3Aadb%3A2%3Arqnl%3A1%3Ast%3A1791526969%3At%3A%D0%91%D0%BE%D1%81%D1%81%D1%8B%20Broken%20Ranks%20%E2%80%94%20%D0%BF%D0%BE%D0%BB%D0%BD%D1%8B%D0%B9%20%D1%81%D0%BF%D0%B8%D1%81%D0%BE%D0%BA&t=clt(37)gdpr(14)clc(0-0-0)rqnt(1)aw(1)rcm(0)cdl(na)eco(42009088)ti(1)
67067e75e05d	200	GET	application/javascript; charset=UTF-8	https://anteikutaern.at.ua/raresImg/zapusk.js?1791526973336
bb339d9ddb0a	200	GET	application/json	https://anteikutaern.at.ua/raresImg/anteikuDBversion.json?_=1791526973501
9e5dad9f6a02	200	GET	application/json; charset=utf-8	https://mc.yandex.com/watch/81337741?wmode=7&page-url=https%3A%2F%2Fanteikutaern.at.ua%2Fmobs%2Fbosses%2F&charset=utf-8&uah=che%0A0&browser-info=pv%3A1%3Avf%3Ajeu2ees5yi9qi1u8go1yz2nmugpom3%3Afu%3A0%3Aen%3Autf-8%3Ala%3Aen-US%3Av%3A2660%3Acn%3A1%3Adp%3A0%3Als%3A1624601425020%3Ahid%3A80461632%3Az%3A420%3Ai%3A20261009132253%3Aet%3A1791526973%3Ac%3A1%3Arn%3A727941338%3Arqn%3A91%3Au%3A1791526566808777865%3Aw%3A1600x1000%3As%3A1366x768x24%3Ask%3A1%3Afp%3A49%3Awv%3A2%3Ads%3A0%2C0%2C0%2C0%2C-4%2C0%2C%2C45%2C1%2C%2C%2C%2C42%3Aco%3A0%3Ahdl%3A1%3Ans%3A1791526973295%3Aadb%3A2%3Arqnl%3A1%3Ast%3A1791526973%3At%3A%D0%91%D0%BE%D1%81%D1%81%D1%8B%20Broken%20Ranks%20%E2%80%94%20%D0%BF%D0%BE%D0%BB%D0%BD%D1%8B%D0%B9%20%D1%81%D0%BF%D0%B8%D1%81%D0%BE%D0%BA&t=clt(19)gdpr(14)clc(0-0-0)rqnt(1)aw(1)rcm(0)cdl(na)eco(42009088)ti(1)
5d3f3d518f81	200	GET	application/javascript; charset=UTF-8	https://anteikutaern.at.ua/raresImg/zapusk.js?1791526976941
14d608ea512e	200	GET	application/json	https://anteikutaern.at.ua/raresImg/anteikuDBversion.json?_=1791526977104
803e318458c8	200	GET	application/json; charset=utf-8	https://mc.yandex.com/watch/81337741?wmode=7&page-url=https%3A%2F%2Fanteikutaern.at.ua%2Fmobs%2Fbosses%2F&charset=utf-8&uah=che%0A0&browser-info=pv%3A1%3Avf%3Ajeu2ees5yi9qi1u8go1yz2nmugpom3%3Afu%3A0%3Aen%3Autf-8%3Ala%3Aen-US%3Av%3A2660%3Acn%3A1%3Adp%3A0%3Als%3A1624601425020%3Ahid%3A873184309%3Az%3A420%3Ai%3A20261009132257%3Aet%3A1791526977%3Ac%3A1%3Arn%3A505165822%3Arqn%3A92%3Au%3A1791526566808777865%3Aw%3A1600x1000%3As%3A1366x768x24%3Ask%3A1%3Afp%3A51%3Awv%3A2%3Ads%3A0%2C0%2C0%2C0%2C-3%2C0%2C%2C44%2C1%2C%2C%2C%2C42%3Aco%3A0%3Ahdl%3A1%3Ans%3A1791526976900%3Aadb%3A2%3Arqnl%3A1%3Ast%3A1791526977%3At%3A%D0%91%D0%BE%D1%81%D1%81%D1%8B%20Broken%20Ranks%20%E2%80%94%20%D0%BF%D0%BE%D0%BB%D0%BD%D1%8B%D0%B9%20%D1%81%D0%BF%D0%B8%D1%81%D0%BE%D0%BA&t=clt(19)gdpr(14)clc(0-0-0)rqnt(1)aw(1)rcm(0)cdl(na)eco(42009088)ti(1)
a9abab9152b6	200	GET	application/javascript; charset=UTF-8	https://anteikutaern.at.ua/raresImg/zapusk.js?1791526981958
61bd6647d893	200	GET	application/json	https://anteikutaern.at.ua/raresImg/anteikuDBversion.json?_=1791526982131
e3b74ef7a7f2	200	GET	application/json; charset=utf-8	https://mc.yandex.com/watch/81337741?wmode=7&page-url=https%3A%2F%2Fanteikutaern.at.ua%2Fmobs%2Fbosses%2F&charset=utf-8&uah=che%0A0&browser-info=pv%3A1%3Avf%3Ajeu2ees5yi9qi1u8go1yz2nmugpom3%3Afu%3A0%3Aen%3Autf-8%3Ala%3Aen-US%3Av%3A2660%3Acn%3A1%3Adp%3A0%3Als%3A1624601425020%3Ahid%3A852609221%3Az%3A420%3Ai%3A20261009132302%3Aet%3A1791526982%3Ac%3A1%3Arn%3A736815054%3Arqn%3A93%3Au%3A1791526566808777865%3Aw%3A1600x1000%3As%3A1366x768x24%3Ask%3A1%3Afp%3A52%3Awv%3A2%3Ads%3A0%2C0%2C0%2C0%2C-4%2C0%2C%2C45%2C1%2C%2C%2C%2C41%3Aco%3A0%3Ahdl%3A1%3Ans%3A1791526981917%3Aadb%3A2%3Arqnl%3A1%3Ast%3A1791526982%3At%3A%D0%91%D0%BE%D1%81%D1%81%D1%8B%20Broken%20Ranks%20%E2%80%94%20%D0%BF%D0%BE%D0%BB%D0%BD%D1%8B%D0%B9%20%D1%81%D0%BF%D0%B8%D1%81%D0%BE%D0%BA&t=clt(22)gdpr(14)clc(0-0-0)rqnt(1)aw(1)rcm(0)cdl(na)eco(42009088)ti(1)
0ab89e6053e4	200	GET	application/javascript; charset=UTF-8	https://anteikutaern.at.ua/raresImg/zapusk.js?1791526986933
a46b0cf3e9aa	200	GET	application/json	https://anteikutaern.at.ua/raresImg/anteikuDBversion.json?_=1791526987096
b42df2f3cf12	200	GET	application/json; charset=utf-8	https://mc.yandex.com/watch/81337741?wmode=7&page-url=https%3A%2F%2Fanteikutaern.at.ua%2Fmobs%2Fbosses%2F&charset=utf-8&uah=che%0A0&browser-info=pv%3A1%3Avf%3Ajeu2ees5yi9qi1u8go1yz2nmugpom3%3Afu%3A0%3Aen%3Autf-8%3Ala%3Aen-US%3Av%3A2660%3Acn%3A1%3Adp%3A0%3Als%3A1624601425020%3Ahid%3A272118567%3Az%3A420%3Ai%3A20261009132307%3Aet%3A1791526987%3Ac%3A1%3Arn%3A885459892%3Arqn%3A94%3Au%3A1791526566808777865%3Aw%3A1600x1000%3As%3A1366x768x24%3Ask%3A1%3Afp%3A59%3Awv%3A2%3Ads%3A0%2C0%2C0%2C0%2C-1%2C0%2C%2C50%2C1%2C%2C%2C%2C49%3Aco%3A0%3Ahdl%3A1%3Ans%3A1791526986884%3Aadb%3A2%3Arqnl%3A1%3Ast%3A1791526987%3At%3A%D0%91%D0%BE%D1%81%D1%81%D1%8B%20Broken%20Ranks%20%E2%80%94%20%D0%BF%D0%BE%D0%BB%D0%BD%D1%8B%D0%B9%20%D1%81%D0%BF%D0%B8%D1%81%D0%BE%D0%BA&t=clt(19)gdpr(14)clc(0-0-0)rqnt(1)aw(1)rcm(0)cdl(na)eco(42009088)ti(1)
bc1527e67f61	200	GET	application/javascript; charset=UTF-8	https://anteikutaern.at.ua/raresImg/zapusk.js?1791526991954
473060b138b5	200	GET	application/json	https://anteikutaern.at.ua/raresImg/anteikuDBversion.json?_=1791526992117
ae20881bf26d	200	GET	application/json; charset=utf-8	https://mc.yandex.com/watch/81337741?wmode=7&page-url=https%3A%2F%2Fanteikutaern.at.ua%2Fmobs%2Fbosses%2F&charset=utf-8&uah=che%0A0&browser-info=pv%3A1%3Avf%3Ajeu2ees5yi9qi1u8go1yz2nmugpom3%3Afu%3A0%3Aen%3Autf-8%3Ala%3Aen-US%3Av%3A2660%3Acn%3A1%3Adp%3A0%3Als%3A1624601425020%3Ahid%3A998525143%3Az%3A420%3Ai%3A20261009132312%3Aet%3A1791526992%3Ac%3A1%3Arn%3A835843281%3Arqn%3A95%3Au%3A1791526566808777865%3Aw%3A1600x1000%3As%3A1366x768x24%3Ask%3A1%3Afp%3A51%3Awv%3A2%3Ads%3A0%2C0%2C0%2C0%2C-3%2C0%2C%2C46%2C1%2C%2C%2C%2C44%3Aco%3A0%3Ahdl%3A1%3Ans%3A1791526991911%3Aadb%3A2%3Arqnl%3A1%3Ast%3A1791526992%3At%3A%D0%91%D0%BE%D1%81%D1%81%D1%8B%20Broken%20Ranks%20%E2%80%94%20%D0%BF%D0%BE%D0%BB%D0%BD%D1%8B%D0%B9%20%D1%81%D0%BF%D0%B8%D1%81%D0%BE%D0%BA&t=clt(18)gdpr(14)clc(0-0-0)rqnt(1)aw(1)rcm(0)cdl(na)eco(42009088)ti(1)
1de810fa7670	200	GET	application/javascript; charset=UTF-8	https://anteikutaern.at.ua/raresImg/zapusk.js?1791526995582
debfedd66fdc	200	GET	application/json	https://anteikutaern.at.ua/raresImg/anteikuDBversion.json?_=1791526995749
32119b3eb01c	200	GET	application/json; charset=utf-8	https://mc.yandex.com/watch/81337741?wmode=7&page-url=https%3A%2F%2Fanteikutaern.at.ua%2Fmobs%2Fbosses%2F&charset=utf-8&uah=che%0A0&browser-info=pv%3A1%3Avf%3Ajeu2ees5yi9qi1u8go1yz2nmugpom3%3Afu%3A0%3Aen%3Autf-8%3Ala%3Aen-US%3Av%3A2660%3Acn%3A1%3Adp%3A0%3Als%3A1624601425020%3Ahid%3A1069413220%3Az%3A420%3Ai%3A20261009132315%3Aet%3A1791526996%3Ac%3A1%3Arn%3A50789365%3Arqn%3A96%3Au%3A1791526566808777865%3Aw%3A1600x1000%3As%3A1366x768x24%3Ask%3A1%3Afp%3A47%3Awv%3A2%3Ads%3A0%2C0%2C0%2C%2C%2C0%2C%2C%2C1%2C%2C%2C%2C35%3Aco%3A0%3Ahdl%3A1%3Ans%3A1791526995548%3Aadb%3A2%3Arqnl%3A1%3Ast%3A1791526996%3At%3A%D0%91%D0%BE%D1%81%D1%81%D1%8B%20Broken%20Ranks%20%E2%80%94%20%D0%BF%D0%BE%D0%BB%D0%BD%D1%8B%D0%B9%20%D1%81%D0%BF%D0%B8%D1%81%D0%BE%D0%BA&t=clt(21)gdpr(14)clc(0-0-0)rqnt(1)aw(1)rcm(0)cdl(na)eco(42009088)ti(1)
9509e48cac2b	200	GET	application/javascript; charset=UTF-8	https://anteikutaern.at.ua/raresImg/zapusk.js?1791527000489
880101a98910	200	GET	application/json	https://anteikutaern.at.ua/raresImg/anteikuDBversion.json?_=1791527000643
c2e245fb46a1	200	GET	application/json; charset=utf-8	https://mc.yandex.com/watch/81337741?wmode=7&page-url=https%3A%2F%2Fanteikutaern.at.ua%2Fmobs%2Fbosses%2F&charset=utf-8&uah=che%0A0&browser-info=pv%3A1%3Avf%3Ajeu2ees5yi9qi1u8go1yz2nmugpom3%3Afu%3A0%3Aen%3Autf-8%3Ala%3Aen-US%3Av%3A2660%3Acn%3A1%3Adp%3A0%3Als%3A1624601425020%3Ahid%3A839749481%3Az%3A420%3Ai%3A20261009132320%3Aet%3A1791527001%3Ac%3A1%3Arn%3A197137349%3Arqn%3A97%3Au%3A1791526566808777865%3Aw%3A1600x1000%3As%3A1366x768x24%3Ask%3A1%3Afp%3A51%3Awv%3A2%3Ads%3A0%2C0%2C0%2C0%2C-4%2C0%2C%2C43%2C1%2C%2C%2C%2C40%3Aco%3A0%3Ahdl%3A1%3Ans%3A1791527000450%3Aadb%3A2%3Arqnl%3A1%3Ast%3A1791527001%3At%3A%D0%91%D0%BE%D1%81%D1%81%D1%8B%20Broken%20Ranks%20%E2%80%94%20%D0%BF%D0%BE%D0%BB%D0%BD%D1%8B%D0%B9%20%D1%81%D0%BF%D0%B8%D1%81%D0%BE%D0%BA&t=clt(48)gdpr(14)clc(0-0-0)rqnt(1)aw(1)rcm(0)cdl(na)eco(42009088)ti(1)
eb45adc0b66f	200	GET	application/javascript; charset=UTF-8	https://anteikutaern.at.ua/raresImg/zapusk.js?1791527005424
d0aba5b719b9	200	GET	application/json	https://anteikutaern.at.ua/raresImg/anteikuDBversion.json?_=1791527005590
7670b7490832	200	GET	application/json; charset=utf-8	https://mc.yandex.com/watch/81337741?wmode=7&page-url=https%3A%2F%2Fanteikutaern.at.ua%2Fmobs%2Fbosses%2F&charset=utf-8&uah=che%0A0&browser-info=pv%3A1%3Avf%3Ajeu2ees5yi9qi1u8go1yz2nmugpom3%3Afu%3A0%3Aen%3Autf-8%3Ala%3Aen-US%3Av%3A2660%3Acn%3A1%3Adp%3A0%3Als%3A1624601425020%3Ahid%3A1050707792%3Az%3A420%3Ai%3A20261009132325%3Aet%3A1791527006%3Ac%3A1%3Arn%3A477798962%3Arqn%3A98%3Au%3A1791526566808777865%3Aw%3A1600x1000%3As%3A1366x768x24%3Ask%3A1%3Afp%3A65%3Awv%3A2%3Ads%3A0%2C0%2C0%2C%2C%2C0%2C%2C%2C1%2C%2C%2C%2C56%3Aco%3A0%3Ahdl%3A1%3Ans%3A1791527005368%3Aadb%3A2%3Arqnl%3A1%3Ast%3A1791527006%3At%3A%D0%91%D0%BE%D1%81%D1%81%D1%8B%20Broken%20Ranks%20%E2%80%94%20%D0%BF%D0%BE%D0%BB%D0%BD%D1%8B%D0%B9%20%D1%81%D0%BF%D0%B8%D1%81%D0%BE%D0%BA&t=clt(21)gdpr(14)clc(0-0-0)rqnt(1)aw(1)rcm(0)cdl(na)eco(42009088)ti(1)
e677e83a11e0	200	GET	application/javascript; charset=UTF-8	https://anteikutaern.at.ua/raresImg/zapusk.js?1791527009080
883700b55716	200	GET	application/json	https://anteikutaern.at.ua/raresImg/anteikuDBversion.json?_=1791527009239
a1761b200142	200	GET	application/json; charset=utf-8	https://mc.yandex.com/watch/81337741?wmode=7&page-url=https%3A%2F%2Fanteikutaern.at.ua%2Fmobs%2Fbosses%2F&charset=utf-8&uah=che%0A0&browser-info=pv%3A1%3Avf%3Ajeu2ees5yi9qi1u8go1yz2nmugpom3%3Afu%3A0%3Aen%3Autf-8%3Ala%3Aen-US%3Av%3A2660%3Acn%3A1%3Adp%3A0%3Als%3A1624601425020%3Ahid%3A91341604%3Az%3A420%3Ai%3A20261009132329%3Aet%3A1791527009%3Ac%3A1%3Arn%3A869189763%3Arqn%3A99%3Au%3A1791526566808777865%3Aw%3A1600x1000%3As%3A1366x768x24%3Ask%3A1%3Afp%3A52%3Awv%3A2%3Ads%3A0%2C0%2C0%2C0%2C-4%2C0%2C%2C46%2C1%2C%2C%2C%2C43%3Aco%3A0%3Ahdl%3A1%3Ans%3A1791527009037%3Aadb%3A2%3Arqnl%3A1%3Ast%3A1791527009%3At%3A%D0%91%D0%BE%D1%81%D1%81%D1%8B%20Broken%20Ranks%20%E2%80%94%20%D0%BF%D0%BE%D0%BB%D0%BD%D1%8B%D0%B9%20%D1%81%D0%BF%D0%B8%D1%81%D0%BE%D0%BA&t=clt(44)gdpr(14)clc(0-0-0)rqnt(1)aw(1)rcm(0)cdl(na)eco(42009088)ti(1)
ad40c0e1fa88	200	GET	application/javascript; charset=UTF-8	https://anteikutaern.at.ua/raresImg/zapusk.js?1791527014072
631b5fe1de19	200	GET	application/json	https://anteikutaern.at.ua/raresImg/anteikuDBversion.json?_=1791527014238
cb4757e5c5f8	200	GET	application/json; charset=utf-8	https://mc.yandex.com/watch/81337741?wmode=7&page-url=https%3A%2F%2Fanteikutaern.at.ua%2Fmobs%2Fbosses%2F&charset=utf-8&uah=che%0A0&browser-info=pv%3A1%3Avf%3Ajeu2ees5yi9qi1u8go1yz2nmugpom3%3Afu%3A0%3Aen%3Autf-8%3Ala%3Aen-US%3Av%3A2660%3Acn%3A1%3Adp%3A0%3Als%3A1624601425020%3Ahid%3A32750033%3Az%3A420%3Ai%3A20261009132334%3Aet%3A1791527014%3Ac%3A1%3Arn%3A477399933%3Arqn%3A100%3Au%3A1791526566808777865%3Aw%3A1600x1000%3As%3A1366x768x24%3Ask%3A1%3Afp%3A51%3Awv%3A2%3Ads%3A0%2C0%2C0%2C0%2C-3%2C0%2C%2C46%2C1%2C%2C%2C%2C45%3Aco%3A0%3Ahdl%3A1%3Ans%3A1791527014028%3Aadb%3A2%3Arqnl%3A1%3Ast%3A1791527014%3At%3A%D0%91%D0%BE%D1%81%D1%81%D1%8B%20Broken%20Ranks%20%E2%80%94%20%D0%BF%D0%BE%D0%BB%D0%BD%D1%8B%D0%B9%20%D1%81%D0%BF%D0%B8%D1%81%D0%BE%D0%BA&t=clt(19)gdpr(14)clc(0-0-0)rqnt(1)aw(1)rcm(0)cdl(na)eco(42009088)ti(1)
c8469712cb63	200	GET	application/javascript; charset=UTF-8	https://anteikutaern.at.ua/raresImg/zapusk.js?1791527019034
c11661173db7	200	GET	application/json	https://anteikutaern.at.ua/raresImg/anteikuDBversion.json?_=1791527019203
f0a608f47589	200	GET	application/json; charset=utf-8	https://mc.yandex.com/watch/81337741?wmode=7&page-url=https%3A%2F%2Fanteikutaern.at.ua%2Fmobs%2Fbosses%2F&charset=utf-8&uah=che%0A0&browser-info=pv%3A1%3Avf%3Ajeu2ees5yi9qi1u8go1yz2nmugpom3%3Afu%3A0%3Aen%3Autf-8%3Ala%3Aen-US%3Av%3A2660%3Acn%3A1%3Adp%3A0%3Als%3A1624601425020%3Ahid%3A85055776%3Az%3A420%3Ai%3A20261009132339%3Aet%3A1791527019%3Ac%3A1%3Arn%3A342821786%3Arqn%3A101%3Au%3A1791526566808777865%3Aw%3A1600x1000%3As%3A1366x768x24%3Ask%3A1%3Afp%3A51%3Awv%3A2%3Ads%3A0%2C0%2C0%2C0%2C-3%2C0%2C%2C42%2C1%2C%2C%2C%2C40%3Aco%3A0%3Ahdl%3A1%3Ans%3A1791527018996%3Aadb%3A2%3Arqnl%3A1%3Ast%3A1791527019%3At%3A%D0%91%D0%BE%D1%81%D1%81%D1%8B%20Broken%20Ranks%20%E2%80%94%20%D0%BF%D0%BE%D0%BB%D0%BD%D1%8B%D0%B9%20%D1%81%D0%BF%D0%B8%D1%81%D0%BE%D0%BA&t=clt(17)gdpr(14)clc(0-0-0)rqnt(1)aw(1)rcm(0)cdl(na)eco(42009088)ti(1)
736ac9f46cc5	200	GET	application/javascript; charset=UTF-8	https://anteikutaern.at.ua/raresImg/zapusk.js?1791527023969
62ffac9b1b60	200	GET	application/json	https://anteikutaern.at.ua/raresImg/anteikuDBversion.json?_=1791527024140
eb18f8f4ae12	200	GET	application/json; charset=utf-8	https://mc.yandex.com/watch/81337741?wmode=7&page-url=https%3A%2F%2Fanteikutaern.at.ua%2Fmobs%2Fbosses%2F&charset=utf-8&uah=che%0A0&browser-info=pv%3A1%3Avf%3Ajeu2ees5yi9qi1u8go1yz2nmugpom3%3Afu%3A0%3Aen%3Autf-8%3Ala%3Aen-US%3Av%3A2660%3Acn%3A1%3Adp%3A0%3Als%3A1624601425020%3Ahid%3A789881282%3Az%3A420%3Ai%3A20261009132344%3Aet%3A1791527024%3Ac%3A1%3Arn%3A427962595%3Arqn%3A102%3Au%3A1791526566808777865%3Aw%3A1600x1000%3As%3A1366x768x24%3Ask%3A1%3Afp%3A56%3Awv%3A2%3Ads%3A0%2C0%2C0%2C0%2C-3%2C0%2C%2C48%2C1%2C%2C%2C%2C46%3Aco%3A0%3Ahdl%3A1%3Ans%3A1791527023924%3Aadb%3A2%3Arqnl%3A1%3Ast%3A1791527024%3At%3A%D0%91%D0%BE%D1%81%D1%81%D1%8B%20Broken%20Ranks%20%E2%80%94%20%D0%BF%D0%BE%D0%BB%D0%BD%D1%8B%D0%B9%20%D1%81%D0%BF%D0%B8%D1%81%D0%BE%D0%BA&t=clt(21)gdpr(14)clc(0-0-0)rqnt(1)aw(1)rcm(0)cdl(na)eco(42009088)ti(1)
8764d28b37e4	200	GET	application/javascript; charset=UTF-8	https://anteikutaern.at.ua/raresImg/zapusk.js?1791527027610
62d066021774	200	GET	application/json	https://anteikutaern.at.ua/raresImg/anteikuDBversion.json?_=1791527027765
47cdf136569b	200	GET	application/json; charset=utf-8	https://mc.yandex.com/watch/81337741?wmode=7&page-url=https%3A%2F%2Fanteikutaern.at.ua%2Fmobs%2Fbosses%2F&charset=utf-8&uah=che%0A0&browser-info=pv%3A1%3Avf%3Ajeu2ees5yi9qi1u8go1yz2nmugpom3%3Afu%3A0%3Aen%3Autf-8%3Ala%3Aen-US%3Av%3A2660%3Acn%3A1%3Adp%3A0%3Als%3A1624601425020%3Ahid%3A772875355%3Az%3A420%3Ai%3A20261009132347%3Aet%3A1791527028%3Ac%3A1%3Arn%3A522255432%3Arqn%3A103%3Au%3A1791526566808777865%3Aw%3A1600x1000%3As%3A1366x768x24%3Ask%3A1%3Afp%3A56%3Awv%3A2%3Ads%3A0%2C0%2C0%2C0%2C-3%2C0%2C%2C49%2C1%2C%2C%2C%2C47%3Aco%3A0%3Ahdl%3A1%3Ans%3A1791527027564%3Aadb%3A2%3Arqnl%3A1%3Ast%3A1791527028%3At%3A%D0%91%D0%BE%D1%81%D1%81%D1%8B%20Broken%20Ranks%20%E2%80%94%20%D0%BF%D0%BE%D0%BB%D0%BD%D1%8B%D0%B9%20%D1%81%D0%BF%D0%B8%D1%81%D0%BE%D0%BA&t=clt(33)gdpr(14)clc(0-0-0)rqnt(1)aw(1)rcm(0)cdl(na)eco(42009088)ti(1)
0be40695b7bd	200	GET	application/javascript; charset=UTF-8	https://anteikutaern.at.ua/raresImg/zapusk.js?1791527032565
7f6089a4a5f2	200	GET	application/json	https://anteikutaern.at.ua/raresImg/anteikuDBversion.json?_=1791527032723
84572a9cfbcc	200	GET	application/json; charset=utf-8	https://mc.yandex.com/watch/81337741?wmode=7&page-url=https%3A%2F%2Fanteikutaern.at.ua%2Fmobs%2Fbosses%2F&charset=utf-8&uah=che%0A0&browser-info=pv%3A1%3Avf%3Ajeu2ees5yi9qi1u8go1yz2nmugpom3%3Afu%3A0%3Aen%3Autf-8%3Ala%3Aen-US%3Av%3A2660%3Acn%3A1%3Adp%3A0%3Als%3A1624601425020%3Ahid%3A254404363%3Az%3A420%3Ai%3A20261009132352%3Aet%3A1791527033%3Ac%3A1%3Arn%3A306908445%3Arqn%3A104%3Au%3A1791526566808777865%3Aw%3A1600x1000%3As%3A1366x768x24%3Ask%3A1%3Afp%3A57%3Awv%3A2%3Ads%3A0%2C0%2C0%2C0%2C-1%2C0%2C%2C49%2C2%2C%2C%2C%2C48%3Aco%3A0%3Ahdl%3A1%3Ans%3A1791527032518%3Aadb%3A2%3Arqnl%3A1%3Ast%3A1791527033%3At%3A%D0%91%D0%BE%D1%81%D1%81%D1%8B%20Broken%20Ranks%20%E2%80%94%20%D0%BF%D0%BE%D0%BB%D0%BD%D1%8B%D0%B9%20%D1%81%D0%BF%D0%B8%D1%81%D0%BE%D0%BA&t=clt(36)gdpr(14)clc(0-0-0)rqnt(1)aw(1)rcm(0)cdl(na)eco(42009088)ti(1)
25a1e6838859	200	GET	application/javascript; charset=UTF-8	https://anteikutaern.at.ua/raresImg/zapusk.js?1791527037536
228e81f2a3ae	200	GET	application/json	https://anteikutaern.at.ua/raresImg/anteikuDBversion.json?_=1791527037699
aceb6f4fa72e	200	GET	application/json; charset=utf-8	https://mc.yandex.com/watch/81337741?wmode=7&page-url=https%3A%2F%2Fanteikutaern.at.ua%2Fmobs%2Fbosses%2F&charset=utf-8&uah=che%0A0&browser-info=pv%3A1%3Avf%3Ajeu2ees5yi9qi1u8go1yz2nmugpom3%3Afu%3A0%3Aen%3Autf-8%3Ala%3Aen-US%3Av%3A2660%3Acn%3A1%3Adp%3A0%3Als%3A1624601425020%3Ahid%3A654992376%3Az%3A420%3Ai%3A20261009132357%3Aet%3A1791527038%3Ac%3A1%3Arn%3A509486415%3Arqn%3A105%3Au%3A1791526566808777865%3Aw%3A1600x1000%3As%3A1366x768x24%3Ask%3A1%3Afp%3A50%3Awv%3A2%3Ads%3A0%2C0%2C0%2C0%2C-1%2C0%2C%2C43%2C1%2C%2C%2C%2C44%3Aco%3A0%3Ahdl%3A1%3Ans%3A1791527037494%3Aadb%3A2%3Arqnl%3A1%3Ast%3A1791527038%3At%3A%D0%91%D0%BE%D1%81%D1%81%D1%8B%20Broken%20Ranks%20%E2%80%94%20%D0%BF%D0%BE%D0%BB%D0%BD%D1%8B%D0%B9%20%D1%81%D0%BF%D0%B8%D1%81%D0%BE%D0%BA&t=clt(50)gdpr(14)clc(0-0-0)rqnt(1)aw(1)rcm(0)cdl(na)eco(42009088)ti(1)
9a4c3e6eea59	200	GET	application/javascript; charset=UTF-8	https://anteikutaern.at.ua/raresImg/zapusk.js?1791527042552
ff7941e740ad	200	GET	application/json	https://anteikutaern.at.ua/raresImg/anteikuDBversion.json?_=1791527042719
c10862e944e8	200	GET	application/json; charset=utf-8	https://mc.yandex.com/watch/81337741?wmode=7&page-url=https%3A%2F%2Fanteikutaern.at.ua%2Fmobs%2Fbosses%2F&charset=utf-8&uah=che%0A0&browser-info=pv%3A1%3Avf%3Ajeu2ees5yi9qi1u8go1yz2nmugpom3%3Afu%3A0%3Aen%3Autf-8%3Ala%3Aen-US%3Av%3A2660%3Acn%3A1%3Adp%3A0%3Als%3A1624601425020%3Ahid%3A350982726%3Az%3A420%3Ai%3A20261009132402%3Aet%3A1791527043%3Ac%3A1%3Arn%3A750502004%3Arqn%3A106%3Au%3A1791526566808777865%3Aw%3A1600x1000%3As%3A1366x768x24%3Ask%3A1%3Afp%3A62%3Awv%3A2%3Ads%3A0%2C0%2C0%2C0%2C-1%2C0%2C%2C54%2C0%2C%2C%2C%2C54%3Aco%3A0%3Ahdl%3A1%3Ans%3A1791527042499%3Aadb%3A2%3Arqnl%3A1%3Ast%3A1791527043%3At%3A%D0%91%D0%BE%D1%81%D1%81%D1%8B%20Broken%20Ranks%20%E2%80%94%20%D0%BF%D0%BE%D0%BB%D0%BD%D1%8B%D0%B9%20%D1%81%D0%BF%D0%B8%D1%81%D0%BE%D0%BA&t=clt(38)gdpr(14)clc(0-0-0)rqnt(1)aw(1)rcm(0)cdl(na)eco(42009088)ti(1)
45abf688dc23	200	GET	application/javascript; charset=UTF-8	https://anteikutaern.at.ua/raresImg/zapusk.js?1791527046221
7bc54de2d0ab	200	GET	application/json	https://anteikutaern.at.ua/raresImg/anteikuDBversion.json?_=1791527046382
6d20e1979571	200	GET	application/json; charset=utf-8	https://mc.yandex.com/watch/81337741?wmode=7&page-url=https%3A%2F%2Fanteikutaern.at.ua%2Fmobs%2Fbosses%2F&charset=utf-8&uah=che%0A0&browser-info=pv%3A1%3Avf%3Ajeu2ees5yi9qi1u8go1yz2nmugpom3%3Afu%3A0%3Aen%3Autf-8%3Ala%3Aen-US%3Av%3A2660%3Acn%3A1%3Adp%3A0%3Als%3A1624601425020%3Ahid%3A434978092%3Az%3A420%3Ai%3A20261009132406%3Aet%3A1791527046%3Ac%3A1%3Arn%3A354673381%3Arqn%3A107%3Au%3A1791526566808777865%3Aw%3A1600x1000%3As%3A1366x768x24%3Ask%3A1%3Afp%3A61%3Awv%3A2%3Ads%3A0%2C0%2C0%2C0%2C-4%2C0%2C%2C56%2C2%2C%2C%2C%2C53%3Aco%3A0%3Ahdl%3A1%3Ans%3A1791527046168%3Aadb%3A2%3Arqnl%3A1%3Ast%3A1791527046%3At%3A%D0%91%D0%BE%D1%81%D1%81%D1%8B%20Broken%20Ranks%20%E2%80%94%20%D0%BF%D0%BE%D0%BB%D0%BD%D1%8B%D0%B9%20%D1%81%D0%BF%D0%B8%D1%81%D0%BE%D0%BA&t=clt(37)gdpr(14)clc(0-0-0)rqnt(1)aw(1)rcm(0)cdl(na)eco(42009088)ti(1)
cbebed369f51	200	GET	application/javascript; charset=UTF-8	https://anteikutaern.at.ua/raresImg/zapusk.js?1791527051255
5c4757a885bc	200	GET	application/json	https://anteikutaern.at.ua/raresImg/anteikuDBversion.json?_=1791527051414
09642ca920b3	200	GET	application/json; charset=utf-8	https://mc.yandex.com/watch/81337741?wmode=7&page-url=https%3A%2F%2Fanteikutaern.at.ua%2Fmobs%2Fbosses%2F&charset=utf-8&uah=che%0A0&browser-info=pv%3A1%3Avf%3Ajeu2ees5yi9qi1u8go1yz2nmugpom3%3Afu%3A0%3Aen%3Autf-8%3Ala%3Aen-US%3Av%3A2660%3Acn%3A1%3Adp%3A0%3Als%3A1624601425020%3Ahid%3A498421379%3Az%3A420%3Ai%3A20261009132411%3Aet%3A1791527051%3Ac%3A1%3Arn%3A235329751%3Arqn%3A108%3Au%3A1791526566808777865%3Aw%3A1600x1000%3As%3A1366x768x24%3Ask%3A1%3Afp%3A53%3Awv%3A2%3Ads%3A0%2C0%2C0%2C%2C%2C0%2C%2C%2C1%2C%2C%2C%2C46%3Aco%3A0%3Ahdl%3A1%3Ans%3A1791527051209%3Aadb%3A2%3Arqnl%3A1%3Ast%3A1791527051%3At%3A%D0%91%D0%BE%D1%81%D1%81%D1%8B%20Broken%20Ranks%20%E2%80%94%20%D0%BF%D0%BE%D0%BB%D0%BD%D1%8B%D0%B9%20%D1%81%D0%BF%D0%B8%D1%81%D0%BE%D0%BA&t=clt(32)gdpr(14)clc(0-0-0)rqnt(1)aw(1)rcm(0)cdl(na)eco(42009088)ti(1)
5a92a116cfaf	200	GET	application/javascript; charset=UTF-8	https://anteikutaern.at.ua/raresImg/zapusk.js?1791527056272
e142bac50741	200	GET	application/json	https://anteikutaern.at.ua/raresImg/anteikuDBversion.json?_=1791527056438
9272e276424f	200	GET	application/json; charset=utf-8	https://mc.yandex.com/watch/81337741?wmode=7&page-url=https%3A%2F%2Fanteikutaern.at.ua%2Fmobs%2Fbosses%2F&charset=utf-8&uah=che%0A0&browser-info=pv%3A1%3Avf%3Ajeu2ees5yi9qi1u8go1yz2nmugpom3%3Afu%3A0%3Aen%3Autf-8%3Ala%3Aen-US%3Av%3A2660%3Acn%3A1%3Adp%3A0%3Als%3A1624601425020%3Ahid%3A1021779649%3Az%3A420%3Ai%3A20261009132416%3Aet%3A1791527056%3Ac%3A1%3Arn%3A765470417%3Arqn%3A109%3Au%3A1791526566808777865%3Aw%3A1600x1000%3As%3A1366x768x24%3Ask%3A1%3Afp%3A57%3Awv%3A2%3Ads%3A0%2C0%2C0%2C0%2C-3%2C0%2C%2C49%2C1%2C%2C%2C%2C46%3Aco%3A0%3Ahdl%3A1%3Ans%3A1791527056227%3Aadb%3A2%3Arqnl%3A1%3Ast%3A1791527056%3At%3A%D0%91%D0%BE%D1%81%D1%81%D1%8B%20Broken%20Ranks%20%E2%80%94%20%D0%BF%D0%BE%D0%BB%D0%BD%D1%8B%D0%B9%20%D1%81%D0%BF%D0%B8%D1%81%D0%BE%D0%BA&t=clt(23)gdpr(14)clc(0-0-0)rqnt(1)aw(1)rcm(0)cdl(na)eco(42009088)ti(1)
6d59b4de3954	200	GET	application/javascript; charset=UTF-8	https://anteikutaern.at.ua/raresImg/zapusk.js?1791527061287
eae8a1f098c9	200	GET	application/json	https://anteikutaern.at.ua/raresImg/anteikuDBversion.json?_=1791527061452
c8a0d919979c	200	GET	application/json; charset=utf-8	https://mc.yandex.com/watch/81337741?wmode=7&page-url=https%3A%2F%2Fanteikutaern.at.ua%2Fmobs%2Fbosses%2F&charset=utf-8&uah=che%0A0&browser-info=pv%3A1%3Avf%3Ajeu2ees5yi9qi1u8go1yz2nmugpom3%3Afu%3A0%3Aen%3Autf-8%3Ala%3Aen-US%3Av%3A2660%3Acn%3A1%3Adp%3A0%3Als%3A1624601425020%3Ahid%3A60261720%3Az%3A420%3Ai%3A20261009132421%3Aet%3A1791527061%3Ac%3A1%3Arn%3A496018229%3Arqn%3A110%3Au%3A1791526566808777865%3Aw%3A1600x1000%3As%3A1366x768x24%3Ask%3A1%3Afp%3A51%3Awv%3A2%3Ads%3A0%2C0%2C0%2C%2C%2C0%2C%2C%2C1%2C%2C%2C%2C44%3Aco%3A0%3Ahdl%3A1%3Ans%3A1791527061245%3Aadb%3A2%3Arqnl%3A1%3Ast%3A1791527061%3At%3A%D0%91%D0%BE%D1%81%D1%81%D1%8B%20Broken%20Ranks%20%E2%80%94%20%D0%BF%D0%BE%D0%BB%D0%BD%D1%8B%D0%B9%20%D1%81%D0%BF%D0%B8%D1%81%D0%BE%D0%BA&t=clt(33)gdpr(14)clc(0-0-0)rqnt(1)aw(1)rcm(0)cdl(na)eco(42009088)ti(1)
157f979067de	200	GET	application/javascript; charset=UTF-8	https://anteikutaern.at.ua/raresImg/zapusk.js?1791527064951
fa5a5dcc301b	200	GET	application/json	https://anteikutaern.at.ua/raresImg/anteikuDBversion.json?_=1791527065113
6f217608bfbc	200	GET	application/json; charset=utf-8	https://mc.yandex.com/watch/81337741?wmode=7&page-url=https%3A%2F%2Fanteikutaern.at.ua%2Fmobs%2Fbosses%2F&charset=utf-8&uah=che%0A0&browser-info=pv%3A1%3Avf%3Ajeu2ees5yi9qi1u8go1yz2nmugpom3%3Afu%3A0%3Aen%3Autf-8%3Ala%3Aen-US%3Av%3A2660%3Acn%3A1%3Adp%3A0%3Als%3A1624601425020%3Ahid%3A909592675%3Az%3A420%3Ai%3A20261009132425%3Aet%3A1791527065%3Ac%3A1%3Arn%3A899207967%3Arqn%3A111%3Au%3A1791526566808777865%3Aw%3A1600x1000%3As%3A1366x768x24%3Ask%3A1%3Afp%3A48%3Awv%3A2%3Ads%3A0%2C0%2C0%2C0%2C-4%2C0%2C%2C43%2C1%2C%2C%2C%2C41%3Aco%3A0%3Ahdl%3A1%3Ans%3A1791527064911%3Aadb%3A2%3Arqnl%3A1%3Ast%3A1791527065%3At%3A%D0%91%D0%BE%D1%81%D1%81%D1%8B%20Broken%20Ranks%20%E2%80%94%20%D0%BF%D0%BE%D0%BB%D0%BD%D1%8B%D0%B9%20%D1%81%D0%BF%D0%B8%D1%81%D0%BE%D0%BA&t=clt(19)gdpr(14)clc(0-0-0)rqnt(1)aw(1)rcm(0)cdl(na)eco(42009088)ti(1)
e43162a0ece9	200	GET	application/javascript; charset=UTF-8	https://anteikutaern.at.ua/raresImg/zapusk.js?1791527069955
832a20f7b367	200	GET	application/json	https://anteikutaern.at.ua/raresImg/anteikuDBversion.json?_=1791527070109
5f939f8aca01	200	GET	application/json; charset=utf-8	https://mc.yandex.com/watch/81337741?wmode=7&page-url=https%3A%2F%2Fanteikutaern.at.ua%2Fmobs%2Fbosses%2F&charset=utf-8&uah=che%0A0&browser-info=pv%3A1%3Avf%3Ajeu2ees5yi9qi1u8go1yz2nmugpom3%3Afu%3A0%3Aen%3Autf-8%3Ala%3Aen-US%3Av%3A2660%3Acn%3A1%3Adp%3A0%3Als%3A1624601425020%3Ahid%3A97615063%3Az%3A420%3Ai%3A20261009132430%3Aet%3A1791527070%3Ac%3A1%3Arn%3A471602971%3Arqn%3A112%3Au%3A1791526566808777865%3Aw%3A1600x1000%3As%3A1366x768x24%3Ask%3A1%3Afp%3A56%3Awv%3A2%3Ads%3A0%2C0%2C0%2C%2C%2C0%2C%2C%2C1%2C%2C%2C%2C46%3Aco%3A0%3Ahdl%3A1%3Ans%3A1791527069910%3Aadb%3A2%3Arqnl%3A1%3Ast%3A1791527070%3At%3A%D0%91%D0%BE%D1%81%D1%81%D1%8B%20Broken%20Ranks%20%E2%80%94%20%D0%BF%D0%BE%D0%BB%D0%BD%D1%8B%D0%B9%20%D1%81%D0%BF%D0%B8%D1%81%D0%BE%D0%BA&t=clt(32)gdpr(14)clc(0-0-0)rqnt(1)aw(1)rcm(0)cdl(na)eco(42009088)ti(1)
3c5fdf77ac89	200	GET	application/javascript; charset=UTF-8	https://anteikutaern.at.ua/raresImg/zapusk.js?1791527074917
ee39a8408009	200	GET	application/json; charset=utf-8	https://mc.yandex.com/watch/81337741?wmode=7&page-url=https%3A%2F%2Fanteikutaern.at.ua%2Fmobs%2Fbosses%2F&charset=utf-8&uah=che%0A0&browser-info=pv%3A1%3Avf%3Ajeu2ees5yi9qi1u8go1yz2nmugpom3%3Afu%3A0%3Aen%3Autf-8%3Ala%3Aen-US%3Av%3A2660%3Acn%3A1%3Adp%3A0%3Als%3A1624601425020%3Ahid%3A1058600631%3Az%3A420%3Ai%3A20261009132435%3Aet%3A1791527075%3Ac%3A1%3Arn%3A376701649%3Arqn%3A113%3Au%3A1791526566808777865%3Aw%3A1600x1000%3As%3A1366x768x24%3Ask%3A1%3Afp%3A64%3Awv%3A2%3Ads%3A0%2C0%2C0%2C0%2C-1%2C0%2C%2C54%2C1%2C%2C%2C%2C55%3Aco%3A0%3Ahdl%3A1%3Ans%3A1791527074863%3Aadb%3A2%3Arqnl%3A1%3Ast%3A1791527075%3At%3A%D0%91%D0%BE%D1%81%D1%81%D1%8B%20Broken%20Ranks%20%E2%80%94%20%D0%BF%D0%BE%D0%BB%D0%BD%D1%8B%D0%B9%20%D1%81%D0%BF%D0%B8%D1%81%D0%BE%D0%BA&t=clt(20)gdpr(14)clc(0-0-0)rqnt(1)aw(1)rcm(0)cdl(na)eco(42009088)ti(1)
cc25baac62be	200	GET	application/json	https://anteikutaern.at.ua/raresImg/anteikuDBversion.json?_=1791527075084
20a26798ad19	200	GET	application/javascript; charset=UTF-8	https://anteikutaern.at.ua/raresImg/zapusk.js?1791527079938
42b28b8bdcfd	200	GET	application/json	https://anteikutaern.at.ua/raresImg/anteikuDBversion.json?_=1791527080118
0ffeb6a6320a	200	GET	application/json; charset=utf-8	https://mc.yandex.com/watch/81337741?wmode=7&page-url=https%3A%2F%2Fanteikutaern.at.ua%2Fmobs%2Fbosses%2F&charset=utf-8&uah=che%0A0&browser-info=pv%3A1%3Avf%3Ajeu2ees5yi9qi1u8go1yz2nmugpom3%3Afu%3A0%3Aen%3Autf-8%3Ala%3Aen-US%3Av%3A2660%3Acn%3A1%3Adp%3A0%3Als%3A1624601425020%3Ahid%3A987953701%3Az%3A420%3Ai%3A20261009132440%3Aet%3A1791527080%3Ac%3A1%3Arn%3A693937877%3Arqn%3A114%3Au%3A1791526566808777865%3Aw%3A1600x1000%3As%3A1366x768x24%3Ask%3A1%3Afp%3A52%3Awv%3A2%3Ads%3A0%2C0%2C0%2C%2C%2C0%2C%2C%2C0%2C%2C%2C%2C46%3Aco%3A0%3Ahdl%3A1%3Ans%3A1791527079894%3Aadb%3A2%3Arqnl%3A1%3Ast%3A1791527080%3At%3A%D0%91%D0%BE%D1%81%D1%81%D1%8B%20Broken%20Ranks%20%E2%80%94%20%D0%BF%D0%BE%D0%BB%D0%BD%D1%8B%D0%B9%20%D1%81%D0%BF%D0%B8%D1%81%D0%BE%D0%BA&t=clt(18)gdpr(14)clc(0-0-0)rqnt(1)aw(1)rcm(0)cdl(na)eco(42009088)ti(1)
4d1c6cfedfef	200	GET	application/javascript; charset=UTF-8	https://anteikutaern.at.ua/raresImg/zapusk.js?1791527083619
71658765ba84	200	GET	application/json	https://anteikutaern.at.ua/raresImg/anteikuDBversion.json?_=1791527083785
02183c351f8c	200	GET	application/json; charset=utf-8	https://mc.yandex.com/watch/81337741?wmode=7&page-url=https%3A%2F%2Fanteikutaern.at.ua%2Fmobs%2Fbosses%2F&charset=utf-8&uah=che%0A0&browser-info=pv%3A1%3Avf%3Ajeu2ees5yi9qi1u8go1yz2nmugpom3%3Afu%3A0%3Aen%3Autf-8%3Ala%3Aen-US%3Av%3A2660%3Acn%3A1%3Adp%3A0%3Als%3A1624601425020%3Ahid%3A75838721%3Az%3A420%3Ai%3A20261009132443%3Aet%3A1791527084%3Ac%3A1%3Arn%3A768589973%3Arqn%3A115%3Au%3A1791526566808777865%3Aw%3A1600x1000%3As%3A1366x768x24%3Ask%3A1%3Afp%3A49%3Awv%3A2%3Ads%3A0%2C0%2C0%2C0%2C-2%2C0%2C%2C43%2C1%2C%2C%2C%2C41%3Aco%3A0%3Ahdl%3A1%3Ans%3A1791527083578%3Aadb%3A2%3Arqnl%3A1%3Ast%3A1791527084%3At%3A%D0%91%D0%BE%D1%81%D1%81%D1%8B%20Broken%20Ranks%20%E2%80%94%20%D0%BF%D0%BE%D0%BB%D0%BD%D1%8B%D0%B9%20%D1%81%D0%BF%D0%B8%D1%81%D0%BE%D0%BA&t=clt(25)gdpr(14)clc(0-0-0)rqnt(1)aw(1)rcm(0)cdl(na)eco(42009088)ti(1)
d2bad911a605	200	GET	application/javascript; charset=UTF-8	https://anteikutaern.at.ua/raresImg/zapusk.js?1791527088530
def3ba7ef6fa	200	GET	application/json	https://anteikutaern.at.ua/raresImg/anteikuDBversion.json?_=1791527088689
e6d8463d3d29	200	GET	application/json; charset=utf-8	https://mc.yandex.com/watch/81337741?wmode=7&page-url=https%3A%2F%2Fanteikutaern.at.ua%2Fmobs%2Fbosses%2F&charset=utf-8&uah=che%0A0&browser-info=pv%3A1%3Avf%3Ajeu2ees5yi9qi1u8go1yz2nmugpom3%3Afu%3A0%3Aen%3Autf-8%3Ala%3Aen-US%3Av%3A2660%3Acn%3A1%3Adp%3A0%3Als%3A1624601425020%3Ahid%3A913727366%3Az%3A420%3Ai%3A20261009132448%3Aet%3A1791527089%3Ac%3A1%3Arn%3A437543886%3Arqn%3A116%3Au%3A1791526566808777865%3Aw%3A1600x1000%3As%3A1366x768x24%3Ask%3A1%3Afp%3A50%3Awv%3A2%3Ads%3A0%2C0%2C0%2C0%2C-2%2C0%2C%2C43%2C1%2C%2C%2C%2C41%3Aco%3A0%3Ahdl%3A1%3Ans%3A1791527088490%3Aadb%3A2%3Arqnl%3A1%3Ast%3A1791527089%3At%3A%D0%91%D0%BE%D1%81%D1%81%D1%8B%20Broken%20Ranks%20%E2%80%94%20%D0%BF%D0%BE%D0%BB%D0%BD%D1%8B%D0%B9%20%D1%81%D0%BF%D0%B8%D1%81%D0%BE%D0%BA&t=clt(50)gdpr(14)clc(0-0-0)rqnt(1)aw(1)rcm(0)cdl(na)eco(42009088)ti(1)
5da860fd5fbb	200	GET	application/javascript; charset=UTF-8	https://anteikutaern.at.ua/raresImg/zapusk.js?1791527093405
9c416ee0a3a9	200	GET	application/json	https://anteikutaern.at.ua/raresImg/anteikuDBversion.json?_=1791527093570
f6dc4c18a583	200	GET	application/json; charset=utf-8	https://mc.yandex.com/watch/81337741?wmode=7&page-url=https%3A%2F%2Fanteikutaern.at.ua%2Fmobs%2Fbosses%2F&charset=utf-8&uah=che%0A0&browser-info=pv%3A1%3Avf%3Ajeu2ees5yi9qi1u8go1yz2nmugpom3%3Afu%3A0%3Aen%3Autf-8%3Ala%3Aen-US%3Av%3A2660%3Acn%3A1%3Adp%3A0%3Als%3A1624601425020%3Ahid%3A472213516%3Az%3A420%3Ai%3A20261009132453%3Aet%3A1791527094%3Ac%3A1%3Arn%3A30352824%3Arqn%3A117%3Au%3A1791526566808777865%3Aw%3A1600x1000%3As%3A1366x768x24%3Ask%3A1%3Afp%3A51%3Awv%3A2%3Ads%3A0%2C0%2C0%2C0%2C-2%2C0%2C%2C45%2C1%2C%2C%2C%2C45%3Aco%3A0%3Ahdl%3A1%3Ans%3A1791527093362%3Aadb%3A2%3Arqnl%3A1%3Ast%3A1791527094%3At%3A%D0%91%D0%BE%D1%81%D1%81%D1%8B%20Broken%20Ranks%20%E2%80%94%20%D0%BF%D0%BE%D0%BB%D0%BD%D1%8B%D0%B9%20%D1%81%D0%BF%D0%B8%D1%81%D0%BE%D0%BA&t=clt(34)gdpr(14)clc(0-0-0)rqnt(1)aw(1)rcm(0)cdl(na)eco(42009088)ti(1)
ec2e788eb412	200	GET	application/javascript; charset=UTF-8	https://anteikutaern.at.ua/raresImg/zapusk.js?1791527097042
c84ab727cefc	200	GET	application/json	https://anteikutaern.at.ua/raresImg/anteikuDBversion.json?_=1791527097208
43f04b67002e	200	GET	application/json; charset=utf-8	https://mc.yandex.com/watch/81337741?wmode=7&page-url=https%3A%2F%2Fanteikutaern.at.ua%2Fmobs%2Fbosses%2F&charset=utf-8&uah=che%0A0&browser-info=pv%3A1%3Avf%3Ajeu2ees5yi9qi1u8go1yz2nmugpom3%3Afu%3A0%3Aen%3Autf-8%3Ala%3Aen-US%3Av%3A2660%3Acn%3A1%3Adp%3A0%3Als%3A1624601425020%3Ahid%3A328209330%3Az%3A420%3Ai%3A20261009132457%3Aet%3A1791527097%3Ac%3A1%3Arn%3A634730880%3Arqn%3A118%3Au%3A1791526566808777865%3Aw%3A1600x1000%3As%3A1366x768x24%3Ask%3A1%3Afp%3A51%3Awv%3A2%3Ads%3A0%2C0%2C0%2C0%2C-3%2C0%2C%2C44%2C1%2C%2C%2C%2C42%3Aco%3A0%3Ahdl%3A1%3Ans%3A1791527097001%3Aadb%3A2%3Arqnl%3A1%3Ast%3A1791527097%3At%3A%D0%91%D0%BE%D1%81%D1%81%D1%8B%20Broken%20Ranks%20%E2%80%94%20%D0%BF%D0%BE%D0%BB%D0%BD%D1%8B%D0%B9%20%D1%81%D0%BF%D0%B8%D1%81%D0%BE%D0%BA&t=clt(18)gdpr(14)clc(0-0-0)rqnt(1)aw(1)rcm(0)cdl(na)eco(42009088)ti(1)
8b429ad9a244	200	GET	application/javascript; charset=UTF-8	https://anteikutaern.at.ua/raresImg/zapusk.js?1791527101905
e24bc12ffd7b	200	GET	application/json	https://anteikutaern.at.ua/raresImg/anteikuDBversion.json?_=1791527102072
ee4f4af3b73a	200	GET	application/json; charset=utf-8	https://mc.yandex.com/watch/81337741?wmode=7&page-url=https%3A%2F%2Fanteikutaern.at.ua%2Fmobs%2Fbosses%2F&charset=utf-8&uah=che%0A0&browser-info=pv%3A1%3Avf%3Ajeu2ees5yi9qi1u8go1yz2nmugpom3%3Afu%3A0%3Aen%3Autf-8%3Ala%3Aen-US%3Av%3A2660%3Acn%3A1%3Adp%3A0%3Als%3A1624601425020%3Ahid%3A25139583%3Az%3A420%3Ai%3A20261009132502%3Aet%3A1791527102%3Ac%3A1%3Arn%3A19032817%3Arqn%3A119%3Au%3A1791526566808777865%3Aw%3A1600x1000%3As%3A1366x768x24%3Ask%3A1%3Afp%3A57%3Awv%3A2%3Ads%3A0%2C0%2C0%2C%2C%2C0%2C%2C%2C0%2C%2C%2C%2C46%3Aco%3A0%3Ahdl%3A1%3Ans%3A1791527101860%3Aadb%3A2%3Arqnl%3A1%3Ast%3A1791527102%3At%3A%D0%91%D0%BE%D1%81%D1%81%D1%8B%20Broken%20Ranks%20%E2%80%94%20%D0%BF%D0%BE%D0%BB%D0%BD%D1%8B%D0%B9%20%D1%81%D0%BF%D0%B8%D1%81%D0%BE%D0%BA&t=clt(36)gdpr(14)clc(0-0-0)rqnt(1)aw(1)rcm(0)cdl(na)eco(42009088)ti(1)
6a239e01973d	200	GET	application/javascript; charset=UTF-8	https://anteikutaern.at.ua/raresImg/zapusk.js?1791527106858
0871d7d1e275	200	GET	application/json	https://anteikutaern.at.ua/raresImg/anteikuDBversion.json?_=1791527107017
58bc238a555a	200	GET	application/json; charset=utf-8	https://mc.yandex.com/watch/81337741?wmode=7&page-url=https%3A%2F%2Fanteikutaern.at.ua%2Fmobs%2Fbosses%2F&charset=utf-8&uah=che%0A0&browser-info=pv%3A1%3Avf%3Ajeu2ees5yi9qi1u8go1yz2nmugpom3%3Afu%3A0%3Aen%3Autf-8%3Ala%3Aen-US%3Av%3A2660%3Acn%3A1%3Adp%3A0%3Als%3A1624601425020%3Ahid%3A229172643%3Az%3A420%3Ai%3A20261009132507%3Aet%3A1791527107%3Ac%3A1%3Arn%3A729321525%3Arqn%3A120%3Au%3A1791526566808777865%3Aw%3A1600x1000%3As%3A1366x768x24%3Ask%3A1%3Afp%3A54%3Awv%3A2%3Ads%3A0%2C0%2C0%2C0%2C-2%2C0%2C%2C47%2C1%2C%2C%2C%2C46%3Aco%3A0%3Ahdl%3A1%3Ans%3A1791527106813%3Aadb%3A2%3Arqnl%3A1%3Ast%3A1791527107%3At%3A%D0%91%D0%BE%D1%81%D1%81%D1%8B%20Broken%20Ranks%20%E2%80%94%20%D0%BF%D0%BE%D0%BB%D0%BD%D1%8B%D0%B9%20%D1%81%D0%BF%D0%B8%D1%81%D0%BE%D0%BA&t=clt(35)gdpr(14)clc(0-0-0)rqnt(1)aw(1)rcm(0)cdl(na)eco(42009088)ti(1)
ae6d987119a4	200	GET	application/javascript; charset=UTF-8	https://anteikutaern.at.ua/raresImg/zapusk.js?1791527111772
8670bbad8df9	200	GET	application/json	https://anteikutaern.at.ua/raresImg/anteikuDBversion.json?_=1791527111940
7a0c54950cb4	200	GET	application/json; charset=utf-8	https://mc.yandex.com/watch/81337741?wmode=7&page-url=https%3A%2F%2Fanteikutaern.at.ua%2Fmobs%2Fbosses%2F&charset=utf-8&uah=che%0A0&browser-info=pv%3A1%3Avf%3Ajeu2ees5yi9qi1u8go1yz2nmugpom3%3Afu%3A0%3Aen%3Autf-8%3Ala%3Aen-US%3Av%3A2660%3Acn%3A1%3Adp%3A0%3Als%3A1624601425020%3Ahid%3A538037031%3Az%3A420%3Ai%3A20261009132511%3Aet%3A1791527112%3Ac%3A1%3Arn%3A942734374%3Arqn%3A121%3Au%3A1791526566808777865%3Aw%3A1600x1000%3As%3A1366x768x24%3Ask%3A1%3Afp%3A58%3Awv%3A2%3Ads%3A0%2C0%2C0%2C0%2C-1%2C0%2C%2C47%2C1%2C%2C%2C%2C47%3Aco%3A0%3Ahdl%3A1%3Ans%3A1791527111727%3Aadb%3A2%3Arqnl%3A1%3Ast%3A1791527112%3At%3A%D0%91%D0%BE%D1%81%D1%81%D1%8B%20Broken%20Ranks%20%E2%80%94%20%D0%BF%D0%BE%D0%BB%D0%BD%D1%8B%D0%B9%20%D1%81%D0%BF%D0%B8%D1%81%D0%BE%D0%BA&t=clt(37)gdpr(14)clc(0-0-0)rqnt(1)aw(1)rcm(0)cdl(na)eco(42009088)ti(1)
c1d118909553	200	GET	application/javascript; charset=UTF-8	https://anteikutaern.at.ua/raresImg/zapusk.js?1791527115388
09aeb45980b7	200	GET	application/json	https://anteikutaern.at.ua/raresImg/anteikuDBversion.json?_=1791527115550
397241c0feb2	200	GET	application/json; charset=utf-8	https://mc.yandex.com/watch/81337741?wmode=7&page-url=https%3A%2F%2Fanteikutaern.at.ua%2Fmobs%2Fbosses%2F&charset=utf-8&uah=che%0A0&browser-info=pv%3A1%3Avf%3Ajeu2ees5yi9qi1u8go1yz2nmugpom3%3Afu%3A0%3Aen%3Autf-8%3Ala%3Aen-US%3Av%3A2660%3Acn%3A1%3Adp%3A0%3Als%3A1624601425020%3Ahid%3A353042964%3Az%3A420%3Ai%3A20261009132515%3Aet%3A1791527116%3Ac%3A1%3Arn%3A566508451%3Arqn%3A122%3Au%3A1791526566808777865%3Aw%3A1600x1000%3As%3A1366x768x24%3Ask%3A1%3Afp%3A53%3Awv%3A2%3Ads%3A0%2C0%2C0%2C0%2C-4%2C0%2C%2C48%2C1%2C%2C%2C%2C44%3Aco%3A0%3Ahdl%3A1%3Ans%3A1791527115344%3Aadb%3A2%3Arqnl%3A1%3Ast%3A1791527116%3At%3A%D0%91%D0%BE%D1%81%D1%81%D1%8B%20Broken%20Ranks%20%E2%80%94%20%D0%BF%D0%BE%D0%BB%D0%BD%D1%8B%D0%B9%20%D1%81%D0%BF%D0%B8%D1%81%D0%BE%D0%BA&t=clt(34)gdpr(14)clc(0-0-0)rqnt(1)aw(1)rcm(0)cdl(na)eco(42009088)ti(1)
28a45c47bde2	200	GET	application/javascript; charset=UTF-8	https://anteikutaern.at.ua/raresImg/zapusk.js?1791527120275
f52584af9c8b	200	GET	application/json	https://anteikutaern.at.ua/raresImg/anteikuDBversion.json?_=1791527120458
4fd37f608cca	200	GET	application/json; charset=utf-8	https://mc.yandex.com/watch/81337741?wmode=7&page-url=https%3A%2F%2Fanteikutaern.at.ua%2Fmobs%2Fbosses%2F&charset=utf-8&uah=che%0A0&browser-info=pv%3A1%3Avf%3Ajeu2ees5yi9qi1u8go1yz2nmugpom3%3Afu%3A0%3Aen%3Autf-8%3Ala%3Aen-US%3Av%3A2660%3Acn%3A1%3Adp%3A0%3Als%3A1624601425020%3Ahid%3A80273533%3Az%3A420%3Ai%3A20261009132520%3Aet%3A1791527120%3Ac%3A1%3Arn%3A335597124%3Arqn%3A123%3Au%3A1791526566808777865%3Aw%3A1600x1000%3As%3A1366x768x24%3Ask%3A1%3Afp%3A52%3Awv%3A2%3Ads%3A0%2C0%2C0%2C%2C%2C0%2C%2C%2C1%2C%2C%2C%2C46%3Aco%3A0%3Ahdl%3A1%3Ans%3A1791527120231%3Aadb%3A2%3Arqnl%3A1%3Ast%3A1791527120%3At%3A%D0%91%D0%BE%D1%81%D1%81%D1%8B%20Broken%20Ranks%20%E2%80%94%20%D0%BF%D0%BE%D0%BB%D0%BD%D1%8B%D0%B9%20%D1%81%D0%BF%D0%B8%D1%81%D0%BE%D0%BA&t=clt(35)gdpr(14)clc(0-0-0)rqnt(1)aw(1)rcm(0)cdl(na)eco(42009088)ti(1)
0ba11881ec6c	200	GET	application/javascript; charset=UTF-8	https://anteikutaern.at.ua/raresImg/zapusk.js?1791527125131
418ab3c47167	200	GET	application/json	https://anteikutaern.at.ua/raresImg/anteikuDBversion.json?_=1791527125292
c454186db4f5	200	GET	application/json; charset=utf-8	https://mc.yandex.com/watch/81337741?wmode=7&page-url=https%3A%2F%2Fanteikutaern.at.ua%2Fmobs%2Fbosses%2F&charset=utf-8&uah=che%0A0&browser-info=pv%3A1%3Avf%3Ajeu2ees5yi9qi1u8go1yz2nmugpom3%3Afu%3A0%3Aen%3Autf-8%3Ala%3Aen-US%3Av%3A2660%3Acn%3A1%3Adp%3A0%3Als%3A1624601425020%3Ahid%3A357059742%3Az%3A420%3Ai%3A20261009132525%3Aet%3A1791527125%3Ac%3A1%3Arn%3A280310898%3Arqn%3A124%3Au%3A1791526566808777865%3Aw%3A1600x1000%3As%3A1366x768x24%3Ask%3A1%3Afp%3A45%3Awv%3A2%3Ads%3A0%2C0%2C0%2C0%2C-4%2C0%2C%2C41%2C1%2C%2C%2C%2C38%3Aco%3A0%3Ahdl%3A1%3Ans%3A1791527125095%3Aadb%3A2%3Arqnl%3A1%3Ast%3A1791527125%3At%3A%D0%91%D0%BE%D1%81%D1%81%D1%8B%20Broken%20Ranks%20%E2%80%94%20%D0%BF%D0%BE%D0%BB%D0%BD%D1%8B%D0%B9%20%D1%81%D0%BF%D0%B8%D1%81%D0%BE%D0%BA&t=clt(19)gdpr(14)clc(0-0-0)rqnt(1)aw(1)rcm(0)cdl(na)eco(42009088)ti(1)
2f3b8ab5530d	200	GET	application/javascript; charset=UTF-8	https://anteikutaern.at.ua/raresImg/zapusk.js?1791527128707
c5e18060d8f3	200	GET	application/json	https://anteikutaern.at.ua/raresImg/anteikuDBversion.json?_=1791527128874
bcab7d2cb99a	200	GET	application/json; charset=utf-8	https://mc.yandex.com/watch/81337741?wmode=7&page-url=https%3A%2F%2Fanteikutaern.at.ua%2Fmobs%2Fbosses%2F&charset=utf-8&uah=che%0A0&browser-info=pv%3A1%3Avf%3Ajeu2ees5yi9qi1u8go1yz2nmugpom3%3Afu%3A0%3Aen%3Autf-8%3Ala%3Aen-US%3Av%3A2660%3Acn%3A1%3Adp%3A0%3Als%3A1624601425020%3Ahid%3A846220323%3Az%3A420%3Ai%3A20261009132528%3Aet%3A1791527129%3Ac%3A1%3Arn%3A140082975%3Arqn%3A125%3Au%3A1791526566808777865%3Aw%3A1600x1000%3As%3A1366x768x24%3Ask%3A1%3Afp%3A49%3Awv%3A2%3Ads%3A0%2C0%2C0%2C%2C%2C0%2C%2C%2C2%2C%2C%2C%2C38%3Aco%3A0%3Ahdl%3A1%3Ans%3A1791527128669%3Aadb%3A2%3Arqnl%3A1%3Ast%3A1791527129%3At%3A%D0%91%D0%BE%D1%81%D1%81%D1%8B%20Broken%20Ranks%20%E2%80%94%20%D0%BF%D0%BE%D0%BB%D0%BD%D1%8B%D0%B9%20%D1%81%D0%BF%D0%B8%D1%81%D0%BE%D0%BA&t=clt(16)gdpr(14)clc(0-0-0)rqnt(1)aw(1)rcm(0)cdl(na)eco(42009088)ti(1)
94af4bc49be1	200	GET	application/javascript; charset=UTF-8	https://anteikutaern.at.ua/raresImg/zapusk.js?1791527133551
12831d440c7d	200	GET	application/json	https://anteikutaern.at.ua/raresImg/anteikuDBversion.json?_=1791527133705
2dd198e37991	200	GET	application/json; charset=utf-8	https://mc.yandex.com/watch/81337741?wmode=7&page-url=https%3A%2F%2Fanteikutaern.at.ua%2Fmobs%2Fbosses%2F&charset=utf-8&uah=che%0A0&browser-info=pv%3A1%3Avf%3Ajeu2ees5yi9qi1u8go1yz2nmugpom3%3Afu%3A0%3Aen%3Autf-8%3Ala%3Aen-US%3Av%3A2660%3Acn%3A1%3Adp%3A0%3Als%3A1624601425020%3Ahid%3A410194434%3Az%3A420%3Ai%3A20261009132533%3Aet%3A1791527134%3Ac%3A1%3Arn%3A65092524%3Arqn%3A126%3Au%3A1791526566808777865%3Aw%3A1600x1000%3As%3A1366x768x24%3Ask%3A1%3Afp%3A49%3Awv%3A2%3Ads%3A0%2C0%2C0%2C0%2C-6%2C0%2C%2C45%2C1%2C%2C%2C%2C39%3Aco%3A0%3Ahdl%3A1%3Ans%3A1791527133511%3Aadb%3A2%3Arqnl%3A1%3Ast%3A1791527134%3At%3A%D0%91%D0%BE%D1%81%D1%81%D1%8B%20Broken%20Ranks%20%E2%80%94%20%D0%BF%D0%BE%D0%BB%D0%BD%D1%8B%D0%B9%20%D1%81%D0%BF%D0%B8%D1%81%D0%BE%D0%BA&t=clt(33)gdpr(14)clc(0-0-0)rqnt(1)aw(1)rcm(0)cdl(na)eco(42009088)ti(1)
1531b7d0d784	200	GET	application/javascript; charset=UTF-8	https://anteikutaern.at.ua/raresImg/zapusk.js?1791527138472
9da087f3c08c	200	GET	application/json	https://anteikutaern.at.ua/raresImg/anteikuDBversion.json?_=1791527138633
c788bcc1126f	200	GET	application/json; charset=utf-8	https://mc.yandex.com/watch/81337741?wmode=7&page-url=https%3A%2F%2Fanteikutaern.at.ua%2Fmobs%2Fbosses%2F&charset=utf-8&uah=che%0A0&browser-info=pv%3A1%3Avf%3Ajeu2ees5yi9qi1u8go1yz2nmugpom3%3Afu%3A0%3Aen%3Autf-8%3Ala%3Aen-US%3Av%3A2660%3Acn%3A1%3Adp%3A0%3Als%3A1624601425020%3Ahid%3A285445779%3Az%3A420%3Ai%3A20261009132538%3Aet%3A1791527139%3Ac%3A1%3Arn%3A224358160%3Arqn%3A127%3Au%3A1791526566808777865%3Aw%3A1600x1000%3As%3A1366x768x24%3Ask%3A1%3Afp%3A50%3Awv%3A2%3Ads%3A0%2C0%2C0%2C0%2C-3%2C0%2C%2C45%2C1%2C%2C%2C%2C42%3Aco%3A0%3Ahdl%3A1%3Ans%3A1791527138430%3Aadb%3A2%3Arqnl%3A1%3Ast%3A1791527139%3At%3A%D0%91%D0%BE%D1%81%D1%81%D1%8B%20Broken%20Ranks%20%E2%80%94%20%D0%BF%D0%BE%D0%BB%D0%BD%D1%8B%D0%B9%20%D1%81%D0%BF%D0%B8%D1%81%D0%BE%D0%BA&t=clt(21)gdpr(14)clc(0-0-0)rqnt(1)aw(1)rcm(0)cdl(na)eco(42009088)ti(1)
2ba2810bba2d	200	GET	application/javascript; charset=UTF-8	https://anteikutaern.at.ua/raresImg/zapusk.js?1791527142101
38f7a3a7ef2f	200	GET	application/json	https://anteikutaern.at.ua/raresImg/anteikuDBversion.json?_=1791527142268
4033a839e3d2	200	GET	application/json; charset=utf-8	https://mc.yandex.com/watch/81337741?wmode=7&page-url=https%3A%2F%2Fanteikutaern.at.ua%2Fmobs%2Fbosses%2F&charset=utf-8&uah=che%0A0&browser-info=pv%3A1%3Avf%3Ajeu2ees5yi9qi1u8go1yz2nmugpom3%3Afu%3A0%3Aen%3Autf-8%3Ala%3Aen-US%3Av%3A2660%3Acn%3A1%3Adp%3A0%3Als%3A1624601425020%3Ahid%3A523739396%3Az%3A420%3Ai%3A20261009132542%3Aet%3A1791527142%3Ac%3A1%3Arn%3A273474338%3Arqn%3A128%3Au%3A1791526566808777865%3Aw%3A1600x1000%3As%3A1366x768x24%3Ask%3A1%3Afp%3A49%3Awv%3A2%3Ads%3A0%2C0%2C0%2C0%2C-1%2C0%2C%2C43%2C1%2C%2C%2C%2C43%3Aco%3A0%3Ahdl%3A1%3Ans%3A1791527142059%3Aadb%3A2%3Arqnl%3A1%3Ast%3A1791527142%3At%3A%D0%91%D0%BE%D1%81%D1%81%D1%8B%20Broken%20Ranks%20%E2%80%94%20%D0%BF%D0%BE%D0%BB%D0%BD%D1%8B%D0%B9%20%D1%81%D0%BF%D0%B8%D1%81%D0%BE%D0%BA&t=clt(22)gdpr(14)clc(0-0-0)rqnt(1)aw(1)rcm(0)cdl(na)eco(42009088)ti(1)
1a0c949ec7db	200	GET	application/javascript; charset=UTF-8	https://anteikutaern.at.ua/raresImg/zapusk.js?1791527146964
8664ef2cadfe	200	GET	application/json	https://anteikutaern.at.ua/raresImg/anteikuDBversion.json?_=1791527147130
076531282955	200	GET	application/json; charset=utf-8	https://mc.yandex.com/watch/81337741?wmode=7&page-url=https%3A%2F%2Fanteikutaern.at.ua%2Fmobs%2Fbosses%2F&charset=utf-8&uah=che%0A0&browser-info=pv%3A1%3Avf%3Ajeu2ees5yi9qi1u8go1yz2nmugpom3%3Afu%3A0%3Aen%3Autf-8%3Ala%3Aen-US%3Av%3A2660%3Acn%3A1%3Adp%3A0%3Als%3A1624601425020%3Ahid%3A1034571636%3Az%3A420%3Ai%3A20261009132547%3Aet%3A1791527147%3Ac%3A1%3Arn%3A210913745%3Arqn%3A129%3Au%3A1791526566808777865%3Aw%3A1600x1000%3As%3A1366x768x24%3Ask%3A1%3Afp%3A43%3Awv%3A2%3Ads%3A0%2C0%2C0%2C0%2C-4%2C0%2C%2C40%2C1%2C%2C%2C%2C37%3Aco%3A0%3Ahdl%3A1%3Ans%3A1791527146928%3Aadb%3A2%3Arqnl%3A1%3Ast%3A1791527147%3At%3A%D0%91%D0%BE%D1%81%D1%81%D1%8B%20Broken%20Ranks%20%E2%80%94%20%D0%BF%D0%BE%D0%BB%D0%BD%D1%8B%D0%B9%20%D1%81%D0%BF%D0%B8%D1%81%D0%BE%D0%BA&t=clt(23)gdpr(14)clc(0-0-0)rqnt(1)aw(1)rcm(0)cdl(na)eco(42009088)ti(1)
9f6b32c42935	200	GET	application/javascript; charset=UTF-8	https://anteikutaern.at.ua/raresImg/zapusk.js?1791527151834
a0b88aee7aad	200	GET	application/json	https://anteikutaern.at.ua/raresImg/anteikuDBversion.json?_=1791527151988
0418a0f999f4	200	GET	application/json; charset=utf-8	https://mc.yandex.com/watch/81337741?wmode=7&page-url=https%3A%2F%2Fanteikutaern.at.ua%2Fmobs%2Fbosses%2F&charset=utf-8&uah=che%0A0&browser-info=pv%3A1%3Avf%3Ajeu2ees5yi9qi1u8go1yz2nmugpom3%3Afu%3A0%3Aen%3Autf-8%3Ala%3Aen-US%3Av%3A2660%3Acn%3A1%3Adp%3A0%3Als%3A1624601425020%3Ahid%3A363068792%3Az%3A420%3Ai%3A20261009132551%3Aet%3A1791527152%3Ac%3A1%3Arn%3A198739963%3Arqn%3A130%3Au%3A1791526566808777865%3Aw%3A1600x1000%3As%3A1366x768x24%3Ask%3A1%3Afp%3A47%3Awv%3A2%3Ads%3A0%2C0%2C0%2C0%2C-2%2C0%2C%2C41%2C1%2C%2C%2C%2C39%3Aco%3A0%3Ahdl%3A1%3Ans%3A1791527151794%3Aadb%3A2%3Arqnl%3A1%3Ast%3A1791527152%3At%3A%D0%91%D0%BE%D1%81%D1%81%D1%8B%20Broken%20Ranks%20%E2%80%94%20%D0%BF%D0%BE%D0%BB%D0%BD%D1%8B%D0%B9%20%D1%81%D0%BF%D0%B8%D1%81%D0%BE%D0%BA&t=clt(32)gdpr(14)clc(0-0-0)rqnt(1)aw(1)rcm(0)cdl(na)eco(42009088)ti(1)
73dae5591b1a	200	GET	application/javascript; charset=UTF-8	https://anteikutaern.at.ua/raresImg/zapusk.js?1791527155449
5ba7d6100ea8	200	GET	application/json	https://anteikutaern.at.ua/raresImg/anteikuDBversion.json?_=1791527155616
2a9295f83ee6	200	GET	application/json; charset=utf-8	https://mc.yandex.com/watch/81337741?wmode=7&page-url=https%3A%2F%2Fanteikutaern.at.ua%2Fmobs%2Fbosses%2F&charset=utf-8&uah=che%0A0&browser-info=pv%3A1%3Avf%3Ajeu2ees5yi9qi1u8go1yz2nmugpom3%3Afu%3A0%3Aen%3Autf-8%3Ala%3Aen-US%3Av%3A2660%3Acn%3A1%3Adp%3A0%3Als%3A1624601425020%3Ahid%3A417652306%3Az%3A420%3Ai%3A20261009132555%3Aet%3A1791527156%3Ac%3A1%3Arn%3A919322565%3Arqn%3A131%3Au%3A1791526566808777865%3Aw%3A1600x1000%3As%3A1366x768x24%3Ask%3A1%3Afp%3A51%3Awv%3A2%3Ads%3A0%2C0%2C0%2C0%2C-3%2C0%2C%2C46%2C1%2C%2C%2C%2C44%3Aco%3A0%3Ahdl%3A1%3Ans%3A1791527155406%3Aadb%3A2%3Arqnl%3A1%3Ast%3A1791527156%3At%3A%D0%91%D0%BE%D1%81%D1%81%D1%8B%20Broken%20Ranks%20%E2%80%94%20%D0%BF%D0%BE%D0%BB%D0%BD%D1%8B%D0%B9%20%D1%81%D0%BF%D0%B8%D1%81%D0%BE%D0%BA&t=clt(25)gdpr(14)clc(0-0-0)rqnt(1)aw(1)rcm(0)cdl(na)eco(42009088)ti(1)
5fe40b9f2d44	200	GET	application/javascript; charset=UTF-8	https://anteikutaern.at.ua/raresImg/zapusk.js?1791527160348
bbb3a038fb68	200	GET	application/json	https://anteikutaern.at.ua/raresImg/anteikuDBversion.json?_=1791527160515
b142750f17c0	200	GET	application/json; charset=utf-8	https://mc.yandex.com/watch/81337741?wmode=7&page-url=https%3A%2F%2Fanteikutaern.at.ua%2Fmobs%2Fbosses%2F&charset=utf-8&uah=che%0A0&browser-info=pv%3A1%3Avf%3Ajeu2ees5yi9qi1u8go1yz2nmugpom3%3Afu%3A0%3Aen%3Autf-8%3Ala%3Aen-US%3Av%3A2660%3Acn%3A1%3Adp%3A0%3Als%3A1624601425020%3Ahid%3A429674800%3Az%3A420%3Ai%3A20261009132600%3Aet%3A1791527160%3Ac%3A1%3Arn%3A959309434%3Arqn%3A132%3Au%3A1791526566808777865%3Aw%3A1600x1000%3As%3A1366x768x24%3Ask%3A1%3Afp%3A59%3Awv%3A2%3Ads%3A0%2C0%2C0%2C%2C%2C0%2C%2C%2C0%2C%2C%2C%2C53%3Aco%3A0%3Ahdl%3A1%3Ans%3A1791527160297%3Aadb%3A2%3Arqnl%3A1%3Ast%3A1791527161%3At%3A%D0%91%D0%BE%D1%81%D1%81%D1%8B%20Broken%20Ranks%20%E2%80%94%20%D0%BF%D0%BE%D0%BB%D0%BD%D1%8B%D0%B9%20%D1%81%D0%BF%D0%B8%D1%81%D0%BE%D0%BA&t=clt(23)gdpr(14)clc(0-0-0)rqnt(1)aw(1)rcm(0)cdl(na)eco(42009088)ti(1)
308366057f52	200	GET	application/javascript; charset=UTF-8	https://anteikutaern.at.ua/raresImg/zapusk.js?1791527165205
986c3e62d833	200	GET	application/json	https://anteikutaern.at.ua/raresImg/anteikuDBversion.json?_=1791527165368
4f10b72fddf0	200	GET	application/json; charset=utf-8	https://mc.yandex.com/watch/81337741?wmode=7&page-url=https%3A%2F%2Fanteikutaern.at.ua%2Fmobs%2Fbosses%2F&charset=utf-8&uah=che%0A0&browser-info=pv%3A1%3Avf%3Ajeu2ees5yi9qi1u8go1yz2nmugpom3%3Afu%3A0%3Aen%3Autf-8%3Ala%3Aen-US%3Av%3A2660%3Acn%3A1%3Adp%3A0%3Als%3A1624601425020%3Ahid%3A752978959%3Az%3A420%3Ai%3A20261009132605%3Aet%3A1791527165%3Ac%3A1%3Arn%3A31231643%3Arqn%3A133%3Au%3A1791526566808777865%3Aw%3A1600x1000%3As%3A1366x768x24%3Ask%3A1%3Afp%3A44%3Awv%3A2%3Ads%3A0%2C0%2C0%2C0%2C-2%2C0%2C%2C39%2C1%2C%2C%2C%2C38%3Aco%3A0%3Ahdl%3A1%3Ans%3A1791527165169%3Aadb%3A2%3Arqnl%3A1%3Ast%3A1791527165%3At%3A%D0%91%D0%BE%D1%81%D1%81%D1%8B%20Broken%20Ranks%20%E2%80%94%20%D0%BF%D0%BE%D0%BB%D0%BD%D1%8B%D0%B9%20%D1%81%D0%BF%D0%B8%D1%81%D0%BE%D0%BA&t=clt(23)gdpr(14)clc(0-0-0)rqnt(1)aw(1)rcm(0)cdl(na)eco(42009088)ti(1)
097837efe2f4	200	GET	application/javascript; charset=UTF-8	https://anteikutaern.at.ua/raresImg/zapusk.js?1791527168818
9491e0f29987	200	GET	application/json	https://anteikutaern.at.ua/raresImg/anteikuDBversion.json?_=1791527168972
9bc86b106715	200	GET	application/json; charset=utf-8	https://mc.yandex.com/watch/81337741?wmode=7&page-url=https%3A%2F%2Fanteikutaern.at.ua%2Fmobs%2Fbosses%2F&charset=utf-8&uah=che%0A0&browser-info=pv%3A1%3Avf%3Ajeu2ees5yi9qi1u8go1yz2nmugpom3%3Afu%3A0%3Aen%3Autf-8%3Ala%3Aen-US%3Av%3A2660%3Acn%3A1%3Adp%3A0%3Als%3A1624601425020%3Ahid%3A874343467%3Az%3A420%3Ai%3A20261009132608%3Aet%3A1791527169%3Ac%3A1%3Arn%3A603310955%3Arqn%3A134%3Au%3A1791526566808777865%3Aw%3A1600x1000%3As%3A1366x768x24%3Ask%3A1%3Afp%3A45%3Awv%3A2%3Ads%3A0%2C0%2C0%2C0%2C-3%2C0%2C%2C41%2C1%2C%2C%2C%2C39%3Aco%3A0%3Ahdl%3A1%3Ans%3A1791527168781%3Aadb%3A2%3Arqnl%3A1%3Ast%3A1791527169%3At%3A%D0%91%D0%BE%D1%81%D1%81%D1%8B%20Broken%20Ranks%20%E2%80%94%20%D0%BF%D0%BE%D0%BB%D0%BD%D1%8B%D0%B9%20%D1%81%D0%BF%D0%B8%D1%81%D0%BE%D0%BA&t=clt(34)gdpr(14)clc(0-0-0)rqnt(1)aw(1)rcm(0)cdl(na)eco(42009088)ti(1)
2a977445bf3f	200	GET	application/javascript; charset=UTF-8	https://anteikutaern.at.ua/raresImg/zapusk.js?1791527173724
d6ca4401c336	200	GET	application/json	https://anteikutaern.at.ua/raresImg/anteikuDBversion.json?_=1791527173881
cf7a6536995c	200	GET	application/json; charset=utf-8	https://mc.yandex.com/watch/81337741?wmode=7&page-url=https%3A%2F%2Fanteikutaern.at.ua%2Fmobs%2Fbosses%2F&charset=utf-8&uah=che%0A0&browser-info=pv%3A1%3Avf%3Ajeu2ees5yi9qi1u8go1yz2nmugpom3%3Afu%3A0%3Aen%3Autf-8%3Ala%3Aen-US%3Av%3A2660%3Acn%3A1%3Adp%3A0%3Als%3A1624601425020%3Ahid%3A595865260%3Az%3A420%3Ai%3A20261009132613%3Aet%3A1791527174%3Ac%3A1%3Arn%3A26665653%3Arqn%3A135%3Au%3A1791526566808777865%3Aw%3A1600x1000%3As%3A1366x768x24%3Ask%3A1%3Afp%3A52%3Awv%3A2%3Ads%3A0%2C0%2C0%2C0%2C-1%2C0%2C%2C44%2C1%2C%2C%2C%2C45%3Aco%3A0%3Ahdl%3A1%3Ans%3A1791527173681%3Aadb%3A2%3Arqnl%3A1%3Ast%3A1791527174%3At%3A%D0%91%D0%BE%D1%81%D1%81%D1%8B%20Broken%20Ranks%20%E2%80%94%20%D0%BF%D0%BE%D0%BB%D0%BD%D1%8B%D0%B9%20%D1%81%D0%BF%D0%B8%D1%81%D0%BE%D0%BA&t=clt(51)gdpr(14)clc(0-0-0)rqnt(1)aw(1)rcm(0)cdl(na)eco(42009088)ti(1)
27a99788318d	200	GET	application/javascript; charset=UTF-8	https://anteikutaern.at.ua/raresImg/zapusk.js?1791527178637
7a4bcb6d8c6d	200	GET	application/json	https://anteikutaern.at.ua/raresImg/anteikuDBversion.json?_=1791527178795
a10b08ef3cf1	200	GET	application/json; charset=utf-8	https://mc.yandex.com/watch/81337741?wmode=7&page-url=https%3A%2F%2Fanteikutaern.at.ua%2Fmobs%2Fbosses%2F&charset=utf-8&uah=che%0A0&browser-info=pv%3A1%3Avf%3Ajeu2ees5yi9qi1u8go1yz2nmugpom3%3Afu%3A0%3Aen%3Autf-8%3Ala%3Aen-US%3Av%3A2660%3Acn%3A1%3Adp%3A0%3Als%3A1624601425020%3Ahid%3A971551497%3Az%3A420%3Ai%3A20261009132618%3Aet%3A1791527179%3Ac%3A1%3Arn%3A186125524%3Arqn%3A136%3Au%3A1791526566808777865%3Aw%3A1600x1000%3As%3A1366x768x24%3Ask%3A1%3Afp%3A54%3Awv%3A2%3Ads%3A0%2C0%2C0%2C0%2C-5%2C0%2C%2C50%2C2%2C%2C%2C%2C46%3Aco%3A0%3Ahdl%3A1%3Ans%3A1791527178593%3Aadb%3A2%3Arqnl%3A1%3Ast%3A1791527179%3At%3A%D0%91%D0%BE%D1%81%D1%81%D1%8B%20Broken%20Ranks%20%E2%80%94%20%D0%BF%D0%BE%D0%BB%D0%BD%D1%8B%D0%B9%20%D1%81%D0%BF%D0%B8%D1%81%D0%BE%D0%BA&t=clt(51)gdpr(14)clc(0-0-0)rqnt(1)aw(1)rcm(0)cdl(na)eco(42009088)ti(1)
38f4bd7e0dda	200	GET	application/javascript; charset=UTF-8	https://anteikutaern.at.ua/raresImg/zapusk.js?1791527182330
dcea1806d5ea	200	GET	application/json	https://anteikutaern.at.ua/raresImg/anteikuDBversion.json?_=1791527182488
30a23a8e5ef8	200	GET	application/json; charset=utf-8	https://mc.yandex.com/watch/81337741?wmode=7&page-url=https%3A%2F%2Fanteikutaern.at.ua%2Fmobs%2Fbosses%2F&charset=utf-8&uah=che%0A0&browser-info=pv%3A1%3Avf%3Ajeu2ees5yi9qi1u8go1yz2nmugpom3%3Afu%3A0%3Aen%3Autf-8%3Ala%3Aen-US%3Av%3A2660%3Acn%3A1%3Adp%3A0%3Als%3A1624601425020%3Ahid%3A665574490%3Az%3A420%3Ai%3A20261009132622%3Aet%3A1791527182%3Ac%3A1%3Arn%3A136112618%3Arqn%3A137%3Au%3A1791526566808777865%3Aw%3A1600x1000%3As%3A1366x768x24%3Ask%3A1%3Afp%3A50%3Awv%3A2%3Ads%3A0%2C0%2C0%2C0%2C-4%2C0%2C%2C44%2C1%2C%2C%2C%2C41%3Aco%3A0%3Ahdl%3A1%3Ans%3A1791527182290%3Aadb%3A2%3Arqnl%3A1%3Ast%3A1791527182%3At%3A%D0%91%D0%BE%D1%81%D1%81%D1%8B%20Broken%20Ranks%20%E2%80%94%20%D0%BF%D0%BE%D0%BB%D0%BD%D1%8B%D0%B9%20%D1%81%D0%BF%D0%B8%D1%81%D0%BE%D0%BA&t=clt(36)gdpr(14)clc(0-0-0)rqnt(1)aw(1)rcm(0)cdl(na)eco(42009088)ti(1)
20f7e2c7eebf	200	GET	application/javascript; charset=UTF-8	https://anteikutaern.at.ua/raresImg/zapusk.js?1791527187270
8801e359dfe2	200	GET	application/json	https://anteikutaern.at.ua/raresImg/anteikuDBversion.json?_=1791527187451
07190b6cb498	200	GET	application/json; charset=utf-8	https://mc.yandex.com/watch/81337741?wmode=7&page-url=https%3A%2F%2Fanteikutaern.at.ua%2Fmobs%2Fbosses%2F&charset=utf-8&uah=che%0A0&browser-info=pv%3A1%3Avf%3Ajeu2ees5yi9qi1u8go1yz2nmugpom3%3Afu%3A0%3Aen%3Autf-8%3Ala%3Aen-US%3Av%3A2660%3Acn%3A1%3Adp%3A0%3Als%3A1624601425020%3Ahid%3A242797921%3Az%3A420%3Ai%3A20261009132627%3Aet%3A1791527187%3Ac%3A1%3Arn%3A1012203804%3Arqn%3A138%3Au%3A1791526566808777865%3Aw%3A1600x1000%3As%3A1366x768x24%3Ask%3A1%3Afp%3A44%3Awv%3A2%3Ads%3A0%2C0%2C0%2C0%2C-2%2C0%2C%2C35%2C1%2C%2C%2C%2C34%3Aco%3A0%3Ahdl%3A1%3Ans%3A1791527187237%3Aadb%3A2%3Arqnl%3A1%3Ast%3A1791527187%3At%3A%D0%91%D0%BE%D1%81%D1%81%D1%8B%20Broken%20Ranks%20%E2%80%94%20%D0%BF%D0%BE%D0%BB%D0%BD%D1%8B%D0%B9%20%D1%81%D0%BF%D0%B8%D1%81%D0%BE%D0%BA&t=clt(50)gdpr(14)clc(0-0-0)rqnt(1)aw(1)rcm(0)cdl(na)eco(42009088)ti(1)
03b533d3c0ee	200	GET	application/javascript; charset=UTF-8	https://anteikutaern.at.ua/raresImg/zapusk.js?1791527192142
c0bf9542da6e	200	GET	application/json	https://anteikutaern.at.ua/raresImg/anteikuDBversion.json?_=1791527192295
405be601a12f	200	GET	application/json; charset=utf-8	https://mc.yandex.com/watch/81337741?wmode=7&page-url=https%3A%2F%2Fanteikutaern.at.ua%2Fmobs%2Fbosses%2F&charset=utf-8&uah=che%0A0&browser-info=pv%3A1%3Avf%3Ajeu2ees5yi9qi1u8go1yz2nmugpom3%3Afu%3A0%3Aen%3Autf-8%3Ala%3Aen-US%3Av%3A2660%3Acn%3A1%3Adp%3A0%3Als%3A1624601425020%3Ahid%3A792998045%3Az%3A420%3Ai%3A20261009132632%3Aet%3A1791527192%3Ac%3A1%3Arn%3A2244678%3Arqn%3A139%3Au%3A1791526566808777865%3Aw%3A1600x1000%3As%3A1366x768x24%3Ask%3A1%3Afp%3A51%3Awv%3A2%3Ads%3A0%2C0%2C0%2C0%2C-5%2C0%2C%2C46%2C1%2C%2C%2C%2C42%3Aco%3A0%3Ahdl%3A1%3Ans%3A1791527192101%3Aadb%3A2%3Arqnl%3A1%3Ast%3A1791527192%3At%3A%D0%91%D0%BE%D1%81%D1%81%D1%8B%20Broken%20Ranks%20%E2%80%94%20%D0%BF%D0%BE%D0%BB%D0%BD%D1%8B%D0%B9%20%D1%81%D0%BF%D0%B8%D1%81%D0%BE%D0%BA&t=clt(30)gdpr(14)clc(0-0-0)rqnt(1)aw(1)rcm(0)cdl(na)eco(42009088)ti(1)
eb2095ca3772	200	GET	application/javascript; charset=UTF-8	https://anteikutaern.at.ua/raresImg/zapusk.js?1791527195781
406c8784c219	200	GET	application/json	https://anteikutaern.at.ua/raresImg/anteikuDBversion.json?_=1791527195943
1147a3f02b41	200	GET	application/json; charset=utf-8	https://mc.yandex.com/watch/81337741?wmode=7&page-url=https%3A%2F%2Fanteikutaern.at.ua%2Fmobs%2Fbosses%2F&charset=utf-8&uah=che%0A0&browser-info=pv%3A1%3Avf%3Ajeu2ees5yi9qi1u8go1yz2nmugpom3%3Afu%3A0%3Aen%3Autf-8%3Ala%3Aen-US%3Av%3A2660%3Acn%3A1%3Adp%3A0%3Als%3A1624601425020%3Ahid%3A780252444%3Az%3A420%3Ai%3A20261009132635%3Aet%3A1791527196%3Ac%3A1%3Arn%3A321139326%3Arqn%3A140%3Au%3A1791526566808777865%3Aw%3A1600x1000%3As%3A1366x768x24%3Ask%3A1%3Afp%3A58%3Awv%3A2%3Ads%3A0%2C0%2C0%2C0%2C-3%2C0%2C%2C49%2C1%2C%2C%2C%2C47%3Aco%3A0%3Ahdl%3A1%3Ans%3A1791527195735%3Aadb%3A2%3Arqnl%3A1%3Ast%3A1791527196%3At%3A%D0%91%D0%BE%D1%81%D1%81%D1%8B%20Broken%20Ranks%20%E2%80%94%20%D0%BF%D0%BE%D0%BB%D0%BD%D1%8B%D0%B9%20%D1%81%D0%BF%D0%B8%D1%81%D0%BE%D0%BA&t=clt(22)gdpr(14)clc(0-0-0)rqnt(1)aw(1)rcm(0)cdl(na)eco(42009088)ti(1)
75433cce0565	200	GET	application/javascript; charset=UTF-8	https://anteikutaern.at.ua/raresImg/zapusk.js?1791527200687
2a6d0a1a7fc2	200	GET	application/json	https://anteikutaern.at.ua/raresImg/anteikuDBversion.json?_=1791527200851
3647d0cf9917	200	GET	application/json; charset=utf-8	https://mc.yandex.com/watch/81337741?wmode=7&page-url=https%3A%2F%2Fanteikutaern.at.ua%2Fmobs%2Fbosses%2F&charset=utf-8&uah=che%0A0&browser-info=pv%3A1%3Avf%3Ajeu2ees5yi9qi1u8go1yz2nmugpom3%3Afu%3A0%3Aen%3Autf-8%3Ala%3Aen-US%3Av%3A2660%3Acn%3A1%3Adp%3A0%3Als%3A1624601425020%3Ahid%3A662190730%3Az%3A420%3Ai%3A20261009132640%3Aet%3A1791527201%3Ac%3A1%3Arn%3A691277443%3Arqn%3A141%3Au%3A1791526566808777865%3Aw%3A1600x1000%3As%3A1366x768x24%3Ask%3A1%3Afp%3A58%3Awv%3A2%3Ads%3A0%2C0%2C0%2C0%2C-1%2C0%2C%2C46%2C1%2C%2C%2C%2C46%3Aco%3A0%3Ahdl%3A1%3Ans%3A1791527200641%3Aadb%3A2%3Arqnl%3A1%3Ast%3A1791527201%3At%3A%D0%91%D0%BE%D1%81%D1%81%D1%8B%20Broken%20Ranks%20%E2%80%94%20%D0%BF%D0%BE%D0%BB%D0%BD%D1%8B%D0%B9%20%D1%81%D0%BF%D0%B8%D1%81%D0%BE%D0%BA&t=clt(19)gdpr(14)clc(0-0-0)rqnt(1)aw(1)rcm(0)cdl(na)eco(42009088)ti(1)
a16a3c118be0	200	GET	application/javascript; charset=UTF-8	https://anteikutaern.at.ua/raresImg/zapusk.js?1791527205607
218594fe136c	200	GET	application/json	https://anteikutaern.at.ua/raresImg/anteikuDBversion.json?_=1791527205765
61bb15ba1f18	200	GET	application/json; charset=utf-8	https://mc.yandex.com/watch/81337741?wmode=7&page-url=https%3A%2F%2Fanteikutaern.at.ua%2Fmobs%2Fbosses%2F&charset=utf-8&uah=che%0A0&browser-info=pv%3A1%3Avf%3Ajeu2ees5yi9qi1u8go1yz2nmugpom3%3Afu%3A0%3Aen%3Autf-8%3Ala%3Aen-US%3Av%3A2660%3Acn%3A1%3Adp%3A0%3Als%3A1624601425020%3Ahid%3A805283613%3Az%3A420%3Ai%3A20261009132645%3Aet%3A1791527206%3Ac%3A1%3Arn%3A875285484%3Arqn%3A142%3Au%3A1791526566808777865%3Aw%3A1600x1000%3As%3A1366x768x24%3Ask%3A1%3Afp%3A57%3Awv%3A2%3Ads%3A0%2C0%2C0%2C0%2C-4%2C0%2C%2C49%2C1%2C%2C%2C%2C46%3Aco%3A0%3Ahdl%3A1%3Ans%3A1791527205562%3Aadb%3A2%3Arqnl%3A1%3Ast%3A1791527206%3At%3A%D0%91%D0%BE%D1%81%D1%81%D1%8B%20Broken%20Ranks%20%E2%80%94%20%D0%BF%D0%BE%D0%BB%D0%BD%D1%8B%D0%B9%20%D1%81%D0%BF%D0%B8%D1%81%D0%BE%D0%BA&t=clt(35)gdpr(14)clc(0-0-0)rqnt(1)aw(1)rcm(0)cdl(na)eco(42009088)ti(1)
407e85e53ea6	200	GET	application/javascript; charset=UTF-8	https://anteikutaern.at.ua/raresImg/zapusk.js?1791527209211
648e8be04bbb	200	GET	application/json	https://anteikutaern.at.ua/raresImg/anteikuDBversion.json?_=1791527209371
439ba45868f9	200	GET	application/json; charset=utf-8	https://mc.yandex.com/watch/81337741?wmode=7&page-url=https%3A%2F%2Fanteikutaern.at.ua%2Fmobs%2Fbosses%2F&charset=utf-8&uah=che%0A0&browser-info=pv%3A1%3Avf%3Ajeu2ees5yi9qi1u8go1yz2nmugpom3%3Afu%3A0%3Aen%3Autf-8%3Ala%3Aen-US%3Av%3A2660%3Acn%3A1%3Adp%3A0%3Als%3A1624601425020%3Ahid%3A1007634348%3Az%3A420%3Ai%3A20261009132649%3Aet%3A1791527209%3Ac%3A1%3Arn%3A172476006%3Arqn%3A143%3Au%3A1791526566808777865%3Aw%3A1600x1000%3As%3A1366x768x24%3Ask%3A1%3Afp%3A44%3Awv%3A2%3Ads%3A0%2C0%2C0%2C0%2C-3%2C0%2C%2C39%2C1%2C%2C%2C%2C37%3Aco%3A0%3Ahdl%3A1%3Ans%3A1791527209174%3Aadb%3A2%3Arqnl%3A1%3Ast%3A1791527209%3At%3A%D0%91%D0%BE%D1%81%D1%81%D1%8B%20Broken%20Ranks%20%E2%80%94%20%D0%BF%D0%BE%D0%BB%D0%BD%D1%8B%D0%B9%20%D1%81%D0%BF%D0%B8%D1%81%D0%BE%D0%BA&t=clt(18)gdpr(14)clc(0-0-0)rqnt(1)aw(1)rcm(0)cdl(na)eco(42009088)ti(1)
09783961086e	200	GET	application/javascript; charset=UTF-8	https://anteikutaern.at.ua/raresImg/zapusk.js?1791527214096
a4280bb3757c	200	GET	application/json	https://anteikutaern.at.ua/raresImg/anteikuDBversion.json?_=1791527214263
cecc21f01f79	200	GET	application/json; charset=utf-8	https://mc.yandex.com/watch/81337741?wmode=7&page-url=https%3A%2F%2Fanteikutaern.at.ua%2Fmobs%2Fbosses%2F&charset=utf-8&uah=che%0A0&browser-info=pv%3A1%3Avf%3Ajeu2ees5yi9qi1u8go1yz2nmugpom3%3Afu%3A0%3Aen%3Autf-8%3Ala%3Aen-US%3Av%3A2660%3Acn%3A1%3Adp%3A0%3Als%3A1624601425020%3Ahid%3A81584065%3Az%3A420%3Ai%3A20261009132654%3Aet%3A1791527214%3Ac%3A1%3Arn%3A790463357%3Arqn%3A144%3Au%3A1791526566808777865%3Aw%3A1600x1000%3As%3A1366x768x24%3Ask%3A1%3Afp%3A45%3Awv%3A2%3Ads%3A0%2C0%2C0%2C0%2C-1%2C0%2C%2C38%2C1%2C%2C%2C%2C38%3Aco%3A0%3Ahdl%3A1%3Ans%3A1791527214059%3Aadb%3A2%3Arqnl%3A1%3Ast%3A1791527214%3At%3A%D0%91%D0%BE%D1%81%D1%81%D1%8B%20Broken%20Ranks%20%E2%80%94%20%D0%BF%D0%BE%D0%BB%D0%BD%D1%8B%D0%B9%20%D1%81%D0%BF%D0%B8%D1%81%D0%BE%D0%BA&t=clt(18)gdpr(14)clc(0-0-0)rqnt(1)aw(1)rcm(0)cdl(na)eco(42009088)ti(1)
